/*
 * PS2 Memory Card Trader
 *
 * Embedded audio data: the UI sound effects as SPU2 ADPCM (.adp,
 * encoded from the WAVs in src/sounds) and the audsrv IOP module.
 * Both are 64-byte aligned because they are DMA'd to the IOP as-is.
 * Regenerate by running scripts/gen_sound_data.py - do NOT hand-edit.
 */

#include "sound_data.h"

unsigned char sfx_tick[] __attribute__((aligned(64))) = {
  0x41, 0x50, 0x43, 0x4d, 0x01, 0x01, 0x00, 0x00, 0x59, 0x07, 0x00, 0x00,
  0xe4, 0x06, 0x00, 0x00, 0x32, 0x00, 0x00, 0x00, 0x01, 0x0e, 0x20, 0xd1,
  0xfd, 0x22, 0xcf, 0x0c, 0x22, 0xdd, 0x1f, 0xe1, 0x32, 0x00, 0x11, 0x02,
  0x2f, 0x33, 0x21, 0x21, 0x32, 0x01, 0x13, 0xe1, 0x0f, 0x02, 0xaf, 0xfc,
  0x31, 0x00, 0x01, 0xce, 0x0e, 0x02, 0xcf, 0x1f, 0x33, 0xee, 0x3f, 0x34,
  0xd0, 0x30, 0x34, 0xef, 0x31, 0x00, 0x2e, 0x24, 0xce, 0x1e, 0x03, 0xbe,
  0x0e, 0x12, 0xcd, 0x2d, 0x02, 0xdf, 0x2e, 0x13, 0x12, 0x00, 0xc4, 0xea,
  0x75, 0xd3, 0xea, 0x65, 0xc1, 0xd9, 0x43, 0xc2, 0xda, 0x42, 0xc0, 0xeb,
  0x22, 0x00, 0x24, 0xdd, 0x3e, 0x13, 0xdf, 0x2f, 0x13, 0xdf, 0x3f, 0x02,
  0xef, 0x2f, 0x11, 0xdf, 0x44, 0x00, 0x43, 0x35, 0xaa, 0x5e, 0xe6, 0xcc,
  0x5e, 0xf3, 0xdd, 0x5e, 0x02, 0xed, 0x20, 0xf4, 0x42, 0x00, 0xf0, 0x10,
  0xf1, 0xe1, 0x01, 0xe2, 0xf1, 0xf1, 0x11, 0xfe, 0x2f, 0x12, 0xbd, 0x50,
  0x42, 0x00, 0xe5, 0xac, 0x61, 0x13, 0xcb, 0x3f, 0x25, 0xcf, 0x2b, 0x64,
  0xcf, 0x19, 0x66, 0xbf, 0x22, 0x00, 0xea, 0x56, 0xa1, 0x09, 0x56, 0xa0,
  0xfb, 0x56, 0xc0, 0x19, 0x56, 0xb0, 0x1b, 0x56, 0x22, 0x00, 0xde, 0x3a,
  0x54, 0xce, 0x3b, 0x34, 0xce, 0x3c, 0x42, 0xec, 0x2c, 0x23, 0xde, 0x3d,
  0x43, 0x00, 0x34, 0xbb, 0x5d, 0x24, 0xeb, 0x4d, 0x15, 0xdc, 0x4f, 0xf5,
  0xed, 0x30, 0x03, 0xde, 0x24, 0x00, 0x4e, 0xe5, 0xba, 0x4f, 0xf2, 0xca,
  0x31, 0xe4, 0xec, 0x51, 0x03, 0x0c, 0x52, 0xe3, 0x45, 0x00, 0xdf, 0x65,
  0xd3, 0xee, 0x55, 0xd2, 0xfd, 0x25, 0xe0, 0xfc, 0x22, 0xdf, 0x0b, 0x21,
  0x45, 0x00, 0xde, 0xfd, 0x12, 0xd0, 0x2e, 0x21, 0xf0, 0x10, 0x23, 0x00,
  0x11, 0x22, 0xf0, 0x01, 0x47, 0x00, 0x37, 0xbc, 0x2b, 0xd1, 0x9b, 0xfa,
  0xcd, 0xba, 0xeb, 0xe0, 0xdd, 0x4e, 0x40, 0x00, 0x47, 0x00, 0x54, 0x36,
  0x43, 0x64, 0x45, 0x40, 0x32, 0xf2, 0xf0, 0xfe, 0xde, 0xcb, 0xdc, 0xbc,
  0x47, 0x00, 0xda, 0xec, 0xdd, 0xde, 0xf2, 0x02, 0x22, 0x44, 0x53, 0x62,
  0x35, 0x35, 0x24, 0x14, 0x47, 0x00, 0xf3, 0xf0, 0xff, 0xed, 0xdb, 0xcc,
  0xbc, 0xcc, 0xbc, 0xdf, 0xee, 0x1f, 0x00, 0x23, 0x47, 0x00, 0x33, 0x25,
  0x45, 0x36, 0x25, 0x16, 0x05, 0x22, 0x1f, 0xee, 0xdf, 0xdc, 0xbc, 0xbd,
  0x47, 0x00, 0xbc, 0xec, 0xdc, 0xfd, 0x0f, 0x00, 0x13, 0x43, 0x33, 0x45,
  0x54, 0x44, 0x34, 0x23, 0x47, 0x00, 0x12, 0xf1, 0xe0, 0xcf, 0xce, 0xcd,
  0xda, 0xdb, 0xdb, 0xfb, 0xfc, 0xff, 0x3f, 0x3f, 0x47, 0x00, 0x42, 0x42,
  0x35, 0x55, 0x34, 0x35, 0x23, 0x03, 0x02, 0xff, 0xfe, 0xcc, 0xdd, 0xcb,
  0x47, 0x00, 0xac, 0xdd, 0xcc, 0xdf, 0xef, 0x11, 0x3f, 0x13, 0x34, 0x55,
  0x62, 0x53, 0x34, 0x43, 0x47, 0x00, 0x21, 0xf1, 0xe2, 0xdf, 0xfd, 0xda,
  0xdc, 0xca, 0xcc, 0xbe, 0xde, 0x0e, 0x0f, 0x21, 0x47, 0x00, 0x31, 0x24,
  0x35, 0x35, 0x55, 0x43, 0x33, 0x13, 0x11, 0xd1, 0xd1, 0xed, 0xbd, 0xbd,
  0x47, 0x00, 0xcd, 0xda, 0xec, 0xfb, 0xfe, 0x2e, 0x1f, 0x13, 0x34, 0x53,
  0x53, 0x35, 0x54, 0x32, 0x47, 0x00, 0x04, 0xf3, 0xf2, 0xef, 0xed, 0xce,
  0xcb, 0xbd, 0xcc, 0xdc, 0xdd, 0xfe, 0xff, 0x11, 0x47, 0x00, 0x31, 0x42,
  0x43, 0x72, 0x53, 0x52, 0x24, 0x24, 0x20, 0xf1, 0xd0, 0xdf, 0xbe, 0xbe,
  0x47, 0x00, 0xcc, 0xcc, 0xeb, 0xec, 0xde, 0x00, 0x0f, 0x23, 0x41, 0x43,
  0x53, 0x44, 0x44, 0x43, 0x47, 0x00, 0x13, 0x03, 0xf2, 0xe0, 0xef, 0xdc,
  0xcd, 0xcc, 0xdb, 0xdc, 0xeb, 0xfe, 0x0d, 0x00, 0x47, 0x00, 0x22, 0x31,
  0x53, 0x33, 0x35, 0x26, 0x25, 0x24, 0x03, 0x20, 0x0f, 0xed, 0xde, 0xdc,
  0x47, 0x00, 0xbc, 0xae, 0xcd, 0xdd, 0xed, 0xff, 0xf0, 0x12, 0x13, 0x34,
  0x34, 0x35, 0x54, 0x33, 0x47, 0x00, 0x24, 0x31, 0x01, 0xf0, 0xdf, 0xdf,
  0xbd, 0xbe, 0xeb, 0xcb, 0xce, 0xfd, 0xee, 0x10, 0x47, 0x00, 0x2f, 0x12,
  0x44, 0x42, 0x44, 0x44, 0x43, 0x33, 0x22, 0x11, 0x1f, 0xee, 0xde, 0xce,
  0x47, 0x00, 0xcd, 0xcc, 0xeb, 0xdc, 0xdd, 0xff, 0xff, 0x21, 0x30, 0x13,
  0x45, 0x52, 0x53, 0x43, 0x47, 0x00, 0x33, 0x22, 0x21, 0x1f, 0xee, 0xc0,
  0xfd, 0xda, 0xbd, 0xcd, 0xec, 0xec, 0xee, 0x2f, 0x47, 0x00, 0x1e, 0x31,
  0x31, 0x34, 0x53, 0x43, 0x34, 0x24, 0x23, 0xf2, 0xf3, 0xff, 0xcf, 0xdf,
  0x47, 0x00, 0xcc, 0xdd, 0xea, 0xbd, 0xee, 0x0c, 0x0e, 0x10, 0x20, 0x32,
  0x52, 0x42, 0x34, 0x54, 0x47, 0x00, 0x22, 0x05, 0x03, 0x02, 0xff, 0xef,
  0xdd, 0xce, 0xdc, 0xcc, 0xcd, 0xde, 0xfd, 0x1d, 0x47, 0x00, 0x1f, 0x01,
  0x42, 0x50, 0x14, 0x36, 0x43, 0x43, 0x22, 0x32, 0x1f, 0xe0, 0xc1, 0xef,
  0x47, 0x00, 0xdc, 0xec, 0xcb, 0xdd, 0xfc, 0xfc, 0xee, 0xf1, 0x02, 0x22,
  0x42, 0x42, 0x24, 0x35, 0x47, 0x00, 0x34, 0x41, 0x03, 0x21, 0xe0, 0xe0,
  0xfe, 0xdc, 0xcd, 0xcd, 0xcd, 0xdd, 0xcf, 0xff, 0x47, 0x00, 0x0f, 0x10,
  0x12, 0x33, 0x32, 0x44, 0x33, 0x24, 0x15, 0x13, 0x02, 0xf1, 0xe0, 0xdf,
  0x47, 0x00, 0xde, 0xdd, 0xcc, 0xdd, 0xdd, 0xfc, 0xfe, 0x0e, 0x11, 0x3f,
  0x03, 0x15, 0x35, 0x43, 0x47, 0x00, 0x52, 0x32, 0x41, 0x20, 0x2f, 0x2d,
  0xfc, 0xce, 0xbf, 0xed, 0xbc, 0xcf, 0xed, 0xdf, 0x48, 0x00, 0xff, 0x10,
  0x21, 0x45, 0x55, 0x57, 0x77, 0x66, 0x57, 0x45, 0x23, 0xf2, 0xe1, 0xdd,
  0x47, 0x00, 0xde, 0xde, 0xdc, 0xdd, 0xec, 0xfc, 0xfd, 0xfe, 0x10, 0x10,
  0x22, 0x22, 0x43, 0x33, 0x47, 0x00, 0x43, 0x32, 0x13, 0x03, 0x02, 0xf0,
  0xd0, 0xef, 0xed, 0xdc, 0xdd, 0xdd, 0xed, 0xfd, 0x48, 0x00, 0xec, 0x00,
  0x20, 0x23, 0x56, 0x64, 0x76, 0x66, 0x75, 0x44, 0x25, 0x22, 0x0f, 0xee,
  0x47, 0x00, 0xfe, 0xdd, 0xce, 0xce, 0xce, 0xde, 0xee, 0xef, 0xf0, 0x01,
  0x12, 0x31, 0x42, 0x22, 0x48, 0x00, 0x77, 0x64, 0x45, 0x25, 0x13, 0x01,
  0xee, 0xde, 0xbb, 0xbb, 0xb9, 0xaa, 0xab, 0xad, 0x48, 0x00, 0xcf, 0xef,
  0x11, 0x31, 0x43, 0x64, 0x74, 0x55, 0x47, 0x56, 0x52, 0x22, 0x20, 0x2d,
  0x48, 0x00, 0xac, 0xd0, 0xcb, 0xcd, 0xec, 0xeb, 0xce, 0xfe, 0xf1, 0x2e,
  0x21, 0x32, 0x23, 0x14, 0x48, 0x00, 0x45, 0x33, 0x41, 0x01, 0xe2, 0xd1,
  0xc1, 0xef, 0xfd, 0xdc, 0xde, 0xde, 0xef, 0xff, 0x49, 0x00, 0xfe, 0x20,
  0x20, 0x44, 0x62, 0x64, 0x44, 0x44, 0x42, 0x10, 0x02, 0x0d, 0xde, 0xcd,
  0x49, 0x00, 0xcc, 0xbc, 0xdc, 0xbb, 0xde, 0xfc, 0x0d, 0x20, 0x10, 0x23,
  0x43, 0x43, 0x43, 0x33, 0x49, 0x00, 0x23, 0x03, 0x01, 0xf1, 0xfe, 0xed,
  0xbe, 0xcd, 0xbd, 0xcd, 0xdd, 0xed, 0xfe, 0xf0, 0x49, 0x00, 0x01, 0x02,
  0x24, 0x42, 0x32, 0x34, 0x22, 0x33, 0x00, 0x12, 0x0e, 0x0e, 0xdd, 0xfd,
  0x49, 0x00, 0xdb, 0xec, 0xdc, 0xce, 0xdf, 0xf0, 0xff, 0x02, 0x11, 0x42,
  0x40, 0x42, 0x31, 0x14, 0x49, 0x00, 0x22, 0x11, 0x31, 0xdc, 0xd5, 0xe3,
  0x00, 0xff, 0x0e, 0xfe, 0xef, 0xdf, 0xe1, 0xff, 0x4b, 0x00, 0xdc, 0x0d,
  0xdd, 0x21, 0x3b, 0xf1, 0x11, 0x20, 0xf0, 0xd4, 0x2f, 0x0f, 0xf0, 0x01,
  0x0c, 0x00, 0x88, 0x88, 0x88, 0x88, 0x88, 0x88, 0x88, 0x88, 0x88, 0x88,
  0x88, 0x88, 0x88, 0x88, 0x0c, 0x07, 0x00, 0x00, 0x00, 0x00, 0x00, 0x00,
  0x00, 0x00, 0x00, 0x00, 0x00, 0x00, 0x00, 0x00,
};
unsigned int sfx_tick_size = 1040;

unsigned char sfx_open[] __attribute__((aligned(64))) = {
  0x41, 0x50, 0x43, 0x4d, 0x01, 0x01, 0x00, 0x00, 0x59, 0x07, 0x00, 0x00,
  0x98, 0x43, 0x00, 0x00, 0x4a, 0x00, 0x00, 0x0f, 0x01, 0x00, 0xf3, 0x2e,
  0xd5, 0x5b, 0xd2, 0x2f, 0xb4, 0xf2, 0xf3, 0x3d, 0x29, 0x00, 0xe1, 0x2f,
  0xff, 0x4e, 0xce, 0x13, 0xee, 0x21, 0xfe, 0x30, 0xfe, 0x02, 0xe0, 0x02,
  0x49, 0x00, 0x0f, 0x02, 0x2d, 0xe3, 0x2e, 0xb3, 0x20, 0xff, 0x1f, 0x00,
  0x2e, 0xe1, 0x1f, 0xc1, 0x29, 0x00, 0x42, 0x0e, 0x32, 0xdf, 0x24, 0xed,
  0xf4, 0x0e, 0x2f, 0xdd, 0x00, 0xde, 0xe3, 0x1d, 0x49, 0x00, 0xe2, 0x4d,
  0xe0, 0x20, 0xd2, 0x12, 0x01, 0x20, 0xe2, 0x21, 0xe1, 0x41, 0xdd, 0x23,
  0x49, 0x00, 0xcc, 0xf5, 0xfb, 0x00, 0xed, 0x00, 0xee, 0x20, 0x0d, 0xf3,
  0x2d, 0xd6, 0x5e, 0xd5, 0x29, 0x00, 0x6e, 0xe4, 0x2f, 0xd1, 0xd0, 0xd0,
  0xcd, 0xbe, 0xfd, 0xbc, 0x0f, 0xdb, 0x31, 0xfb, 0x49, 0x00, 0xe4, 0x2c,
  0xf1, 0x10, 0x10, 0x12, 0x40, 0x5d, 0x02, 0x30, 0xe2, 0x5e, 0xb2, 0x11,
  0x49, 0x00, 0xef, 0xd1, 0x2f, 0xdd, 0xe1, 0xf0, 0xdf, 0xf2, 0xe0, 0x23,
  0xfd, 0x05, 0x1e, 0x03, 0x49, 0x00, 0x10, 0x00, 0x11, 0x0d, 0xd1, 0x1f,
  0xde, 0xe1, 0x3c, 0xb1, 0x4f, 0xed, 0x03, 0x30, 0x49, 0x00, 0xe2, 0x44,
  0x11, 0x33, 0x10, 0x04, 0x40, 0xec, 0xe4, 0xfd, 0xc0, 0xde, 0xbc, 0xc2,
  0x48, 0x00, 0x0c, 0xd1, 0x2d, 0xff, 0x10, 0x2f, 0xf2, 0x22, 0x02, 0x23,
  0x50, 0x00, 0x51, 0xef, 0x49, 0x00, 0x36, 0xdc, 0xe4, 0xfa, 0xbd, 0xdd,
  0xcc, 0xfb, 0xdb, 0xdc, 0xe3, 0x0c, 0xb7, 0x6f, 0x48, 0x00, 0xf2, 0x31,
  0x11, 0x13, 0x21, 0xf2, 0x02, 0x11, 0xb1, 0x12, 0xde, 0x01, 0xcd, 0xe4,
  0x48, 0x00, 0x0c, 0xe1, 0x2e, 0xe0, 0x4f, 0x0f, 0x3e, 0xe4, 0x20, 0xd4,
  0x3f, 0xb4, 0x5f, 0xed, 0x48, 0x00, 0x20, 0xdc, 0xf2, 0xfd, 0xf1, 0xde,
  0x31, 0xed, 0x43, 0x1b, 0x34, 0x4c, 0x05, 0x4f, 0x48, 0x00, 0xf4, 0x6f,
  0x0e, 0x4e, 0xa2, 0x2e, 0xa0, 0x5b, 0x9e, 0x2d, 0xad, 0xf1, 0x9f, 0x34,
  0x47, 0x00, 0x0d, 0x03, 0x0f, 0x14, 0x00, 0x15, 0x1f, 0x13, 0x00, 0x13,
  0x1d, 0xd3, 0x1e, 0xc1, 0x47, 0x00, 0x0f, 0xc0, 0x1e, 0xde, 0x1e, 0xb1,
  0x20, 0xb1, 0x23, 0xe0, 0x33, 0xff, 0x24, 0x0f, 0x47, 0x00, 0x15, 0x1e,
  0x13, 0x0d, 0xe4, 0x0e, 0xe2, 0x1c, 0xf0, 0x2c, 0xd0, 0x3e, 0xdf, 0x20,
  0x47, 0x00, 0xe0, 0x30, 0xc2, 0x41, 0xd0, 0x52, 0xfd, 0x32, 0xde, 0xf4,
  0xef, 0x02, 0x0c, 0x10, 0x47, 0x00, 0xfc, 0xe4, 0x1d, 0xf2, 0x3d, 0xf2,
  0x4e, 0xc4, 0x31, 0xd3, 0x22, 0xd3, 0x21, 0xc1, 0x47, 0x00, 0x30, 0xaf,
  0x31, 0xdb, 0x10, 0xbc, 0xf3, 0xfc, 0xf2, 0xfd, 0x03, 0x1e, 0x24, 0x4d,
  0x27, 0x00, 0x26, 0x30, 0xe7, 0x01, 0xe3, 0x0c, 0xed, 0xea, 0xbd, 0xeb,
  0xac, 0x0b, 0xcd, 0x3e, 0x27, 0x00, 0xdd, 0x23, 0x11, 0x63, 0x32, 0x36,
  0x25, 0x64, 0x40, 0x52, 0x1d, 0x01, 0xec, 0xa3, 0x47, 0x00, 0x10, 0xe2,
  0x0e, 0xe0, 0xd0, 0x00, 0xfc, 0xf0, 0xfd, 0xe3, 0x2e, 0xe0, 0x30, 0x0f,
  0x47, 0x00, 0x30, 0x00, 0x10, 0x01, 0x1f, 0xf2, 0x0f, 0xb2, 0x30, 0xed,
  0x12, 0x1b, 0x10, 0x2e, 0x47, 0x00, 0x3f, 0xe0, 0x23, 0xd1, 0x24, 0xe2,
  0x14, 0x2e, 0xf2, 0x4d, 0xd0, 0x0f, 0xee, 0xed, 0x47, 0x00, 0xd1, 0xeb,
  0xa4, 0xfd, 0xd2, 0x4d, 0xff, 0x31, 0x00, 0x43, 0x20, 0x25, 0xf3, 0x45,
  0x46, 0x00, 0xf1, 0x31, 0xef, 0x22, 0x0c, 0xe1, 0xef, 0xd1, 0xef, 0xc1,
  0x0f, 0x0f, 0x1c, 0xf1, 0x47, 0x00, 0x3b, 0x04, 0x6c, 0xe4, 0x52, 0xe3,
  0x64, 0xff, 0x36, 0xef, 0x53, 0xbc, 0x53, 0xcb, 0x46, 0x00, 0x01, 0xcf,
  0xf2, 0x0e, 0xf0, 0x1e, 0x0f, 0x1e, 0x02, 0x3d, 0xe2, 0x2f, 0xe3, 0x3e,
  0x47, 0x00, 0xc4, 0x5e, 0xbf, 0x32, 0xdd, 0x23, 0xeb, 0x41, 0xbd, 0x27,
  0xbe, 0x36, 0xde, 0x45, 0x46, 0x00, 0xff, 0x03, 0x3d, 0xe1, 0x10, 0xe2,
  0x0f, 0xd2, 0x2e, 0xe1, 0x2c, 0xd0, 0x2d, 0xdf, 0x26, 0x00, 0x11, 0xf1,
  0x23, 0x2f, 0x53, 0x01, 0x44, 0x01, 0x42, 0x00, 0x32, 0xfc, 0xe1, 0xed,
  0x46, 0x00, 0xe1, 0x0f, 0xbf, 0x0f, 0xde, 0x1d, 0xff, 0x1b, 0xd1, 0x2f,
  0xe1, 0x31, 0x1e, 0x31, 0x26, 0x00, 0x20, 0x15, 0xf0, 0x02, 0x0c, 0x1e,
  0xcc, 0xef, 0xcd, 0xe0, 0x0d, 0xe0, 0x1e, 0xb3, 0x26, 0x00, 0x31, 0xf0,
  0x21, 0x00, 0x10, 0xe4, 0x21, 0xf2, 0x11, 0x10, 0x11, 0x0e, 0x12, 0x1c,
  0x46, 0x00, 0x02, 0x1e, 0x02, 0xef, 0x02, 0xef, 0x02, 0x0f, 0xf1, 0x21,
  0xd1, 0x43, 0x1e, 0x4f, 0x46, 0x00, 0xd0, 0x10, 0xf0, 0x0e, 0xef, 0x1d,
  0xcf, 0xff, 0xee, 0x00, 0x4b, 0x0f, 0x1e, 0x14, 0x46, 0x00, 0x30, 0x31,
  0x12, 0x31, 0x11, 0xf3, 0xf3, 0xf2, 0x20, 0x0e, 0x20, 0xde, 0x2e, 0x1c,
  0x46, 0x00, 0x1b, 0xfe, 0xed, 0xd0, 0xf0, 0x0e, 0xe1, 0x1e, 0xe1, 0x20,
  0x02, 0x22, 0x40, 0x30, 0x46, 0x00, 0x42, 0x22, 0x20, 0x11, 0xe0, 0x12,
  0xcf, 0x01, 0xed, 0x1e, 0x0c, 0xef, 0xef, 0xfe, 0x47, 0x00, 0x02, 0x0f,
  0x31, 0xc1, 0x41, 0xe5, 0x3f, 0x01, 0xfc, 0xf0, 0xf1, 0xf3, 0xc2, 0x31,
  0x47, 0x00, 0x11, 0x32, 0x05, 0x2e, 0x62, 0x1d, 0x54, 0x0f, 0xdf, 0x03,
  0xcc, 0xe3, 0xcb, 0xce, 0x47, 0x00, 0xdc, 0x20, 0xfb, 0x3d, 0xce, 0x00,
  0xe3, 0xa2, 0x41, 0xb1, 0x61, 0x04, 0x41, 0x04, 0x46, 0x00, 0x31, 0x21,
  0x21, 0xd3, 0x04, 0x11, 0x20, 0x1d, 0x0f, 0xdc, 0xff, 0xcc, 0xef, 0xcc,
  0x46, 0x00, 0xe0, 0x1d, 0xe1, 0x01, 0x21, 0x5f, 0x11, 0x42, 0xf3, 0x51,
  0x03, 0x20, 0x03, 0x1e, 0x47, 0x00, 0xd0, 0x4e, 0xcb, 0x1f, 0xdb, 0x21,
  0xec, 0x03, 0xca, 0xf5, 0xca, 0x13, 0xdb, 0x2d, 0x27, 0x00, 0x0c, 0xd2,
  0x0e, 0xa4, 0x1d, 0xe4, 0x40, 0xd6, 0x71, 0xf2, 0x72, 0x22, 0x3b, 0xcf,
  0x47, 0x00, 0x00, 0xdd, 0x04, 0xda, 0x12, 0xde, 0x24, 0x1d, 0x1f, 0xfb,
  0x01, 0xce, 0xd2, 0xdb, 0x46, 0x00, 0xd0, 0x2e, 0xfe, 0x2d, 0xe0, 0x2f,
  0x31, 0x31, 0x12, 0x42, 0x24, 0x32, 0x04, 0x30, 0x46, 0x00, 0x0d, 0xf3,
  0x0c, 0xe0, 0xdb, 0xdf, 0xd0, 0xde, 0xc0, 0xff, 0x0d, 0x12, 0x3c, 0x00,
  0x47, 0x00, 0x6d, 0x10, 0x71, 0xc2, 0x13, 0xf5, 0x33, 0x46, 0x42, 0x21,
  0x73, 0xf2, 0x45, 0xde, 0x46, 0x00, 0xf0, 0xef, 0xf0, 0xdd, 0xee, 0xbe,
  0x0e, 0xee, 0xd0, 0x1e, 0xe1, 0x30, 0x21, 0x20, 0x47, 0x00, 0x32, 0x13,
  0x17, 0x5f, 0xe2, 0x2c, 0xe5, 0x1f, 0xf3, 0x21, 0x1e, 0x54, 0x01, 0x13,
  0x46, 0x00, 0x01, 0x0f, 0x01, 0xef, 0xc0, 0xef, 0xde, 0x0d, 0xdd, 0xce,
  0x0f, 0xf0, 0x2f, 0x21, 0x47, 0x00, 0x20, 0x75, 0x45, 0x37, 0x33, 0x34,
  0x5f, 0x15, 0x00, 0xf1, 0x11, 0x1e, 0x1f, 0xdf, 0x27, 0x00, 0xcc, 0xe1,
  0x1f, 0x23, 0x4f, 0xfc, 0x23, 0x0e, 0xff, 0xee, 0xef, 0x23, 0x46, 0x63,
  0x46, 0x00, 0x52, 0x40, 0x53, 0x42, 0x31, 0x30, 0x21, 0x1f, 0xf1, 0xc0,
  0xff, 0xee, 0xb0, 0x2d, 0x46, 0x00, 0xcc, 0xf0, 0x0f, 0xf1, 0x2f, 0xf0,
  0xff, 0x12, 0xef, 0x0f, 0xff, 0x10, 0x2f, 0x01, 0x46, 0x00, 0x01, 0x33,
  0x2f, 0x14, 0x13, 0x12, 0x21, 0x23, 0x1f, 0x00, 0xed, 0xdf, 0xef, 0xbe,
  0x47, 0x00, 0xf9, 0xac, 0xee, 0xf1, 0xe2, 0x1d, 0x30, 0x0f, 0x51, 0xd0,
  0xf1, 0x13, 0x15, 0x11, 0x47, 0x00, 0x13, 0xff, 0x37, 0x70, 0x7f, 0x41,
  0x33, 0x54, 0x23, 0x1e, 0xcb, 0xac, 0x9d, 0xac, 0x46, 0x00, 0xcb, 0xee,
  0xfd, 0xfe, 0x00, 0x0f, 0x2f, 0x11, 0x32, 0x32, 0x22, 0x22, 0x42, 0x11,
  0x47, 0x00, 0x10, 0x0f, 0xd0, 0x12, 0x00, 0x01, 0xf3, 0x03, 0x11, 0xd2,
  0xdd, 0xec, 0xea, 0xad, 0x46, 0x00, 0xee, 0xce, 0xff, 0xfd, 0xef, 0xf0,
  0xf1, 0x30, 0x42, 0x41, 0x34, 0x33, 0x14, 0x23, 0x47, 0x00, 0x23, 0x1c,
  0xff, 0x0f, 0xde, 0x0f, 0xfb, 0x0f, 0xbe, 0xd0, 0xce, 0xfd, 0x1c, 0xfd,
  0x46, 0x00, 0xd0, 0xc1, 0x0f, 0x0e, 0x1c, 0xee, 0x2f, 0xf1, 0x15, 0x44,
  0x42, 0x62, 0x41, 0x51, 0x47, 0x00, 0x31, 0xf1, 0x10, 0xff, 0xa1, 0xcd,
  0xab, 0xda, 0xd9, 0xab, 0xbc, 0xd0, 0xff, 0x12, 0x47, 0x00, 0x01, 0xf0,
  0xe0, 0x1f, 0xe0, 0xff, 0x1e, 0x22, 0x44, 0x53, 0x36, 0x55, 0x55, 0x46,
  0x46, 0x00, 0x03, 0x13, 0x10, 0x10, 0xe0, 0xfe, 0xcc, 0xec, 0xbc, 0xdd,
  0xec, 0xde, 0x00, 0x00, 0x47, 0x00, 0x50, 0xf2, 0x30, 0x32, 0x23, 0x34,
  0x31, 0x52, 0x53, 0x43, 0x22, 0x31, 0x41, 0x32, 0x46, 0x00, 0x12, 0x20,
  0x10, 0x0f, 0x0f, 0xee, 0xbc, 0xce, 0xbc, 0xde, 0xbe, 0x0e, 0x1d, 0x0f,
  0x46, 0x00, 0x12, 0x31, 0x02, 0x24, 0x43, 0x33, 0x32, 0x21, 0x30, 0x20,
  0x0f, 0x0e, 0xff, 0xf0, 0x47, 0x00, 0x0f, 0xf1, 0xf1, 0xe0, 0x00, 0xce,
  0xd1, 0xb9, 0xec, 0xbb, 0xaf, 0xbe, 0xde, 0xff, 0x46, 0x00, 0xf0, 0x02,
  0x02, 0x23, 0x42, 0x34, 0x23, 0x42, 0x21, 0x11, 0x01, 0xff, 0x0f, 0xe0,
  0x47, 0x00, 0xdf, 0xde, 0xfe, 0xed, 0xdd, 0xee, 0xdd, 0xed, 0xdc, 0xed,
  0xde, 0x0b, 0xeb, 0x1f, 0x46, 0x00, 0x00, 0x11, 0x21, 0x42, 0x42, 0x25,
  0x44, 0x33, 0x13, 0x04, 0xf2, 0x0f, 0x0c, 0xec, 0x46, 0x00, 0xde, 0xdc,
  0xfc, 0xeb, 0xfd, 0x0c, 0xe0, 0x0f, 0x10, 0x01, 0x13, 0x21, 0x2f, 0x02,
  0x47, 0x00, 0x32, 0x34, 0x1f, 0x62, 0x33, 0x51, 0x34, 0x32, 0x41, 0x02,
  0x00, 0xe1, 0xcd, 0xdc, 0x46, 0x00, 0xee, 0xfd, 0xdc, 0xee, 0xee, 0x0e,
  0x0e, 0xf0, 0x00, 0x12, 0x12, 0x11, 0x13, 0x10, 0x47, 0x00, 0x45, 0x01,
  0x20, 0x02, 0x41, 0x43, 0x31, 0x52, 0x23, 0x51, 0x01, 0x00, 0xdf, 0xee,
  0x46, 0x00, 0x0c, 0xed, 0xcd, 0xcd, 0xeb, 0xdc, 0xee, 0xfe, 0x1e, 0x21,
  0x32, 0x23, 0x25, 0x25, 0x46, 0x00, 0x35, 0x52, 0x22, 0x13, 0x31, 0x00,
  0xe2, 0x00, 0xef, 0xee, 0xfe, 0xed, 0xdd, 0xdf, 0x26, 0x00, 0x11, 0x22,
  0x32, 0x32, 0x30, 0x30, 0x12, 0x21, 0x23, 0x23, 0x43, 0x34, 0x32, 0x22,
  0x46, 0x00, 0x22, 0x22, 0x12, 0x10, 0xf1, 0xf0, 0xef, 0xfe, 0xcd, 0xdf,
  0xde, 0xee, 0xf0, 0xf0, 0x47, 0x00, 0x2e, 0xe1, 0xff, 0xc0, 0xc0, 0xf0,
  0xef, 0xf0, 0x3f, 0x30, 0x33, 0x31, 0x33, 0x54, 0x46, 0x00, 0x32, 0x32,
  0x23, 0x32, 0x21, 0xf2, 0xf2, 0xef, 0xfd, 0xdd, 0xdd, 0xed, 0xec, 0xed,
  0x46, 0x00, 0xee, 0xee, 0xe0, 0xdf, 0x0f, 0x00, 0x11, 0x22, 0x22, 0x42,
  0x43, 0x32, 0x32, 0x22, 0x46, 0x00, 0x32, 0x23, 0x12, 0x22, 0xe0, 0xf0,
  0xde, 0xcc, 0xcc, 0xcb, 0xeb, 0xdd, 0xfd, 0x0d, 0x46, 0x00, 0x0d, 0x00,
  0x01, 0x21, 0x32, 0x41, 0x44, 0x23, 0x43, 0x21, 0x11, 0x20, 0xff, 0xf0,
  0x47, 0x00, 0xf2, 0xdf, 0x11, 0xef, 0xee, 0xde, 0xed, 0xcd, 0xbe, 0xfd,
  0xde, 0x0e, 0x0e, 0xed, 0x47, 0x00, 0xd0, 0xff, 0xff, 0x2f, 0x10, 0x32,
  0x44, 0x44, 0x23, 0x43, 0x11, 0x22, 0x41, 0x30, 0x47, 0x00, 0x41, 0x32,
  0x23, 0x01, 0xf0, 0xdb, 0xcc, 0xbd, 0xca, 0xac, 0xbc, 0xca, 0xbc, 0xba,
  0x46, 0x00, 0xee, 0xef, 0x02, 0x21, 0x42, 0x44, 0x24, 0x46, 0x24, 0x44,
  0x50, 0x11, 0x3f, 0xe1, 0x46, 0x00, 0xe1, 0xfe, 0xbe, 0xcf, 0xeb, 0xdb,
  0xcc, 0xce, 0xcf, 0xe1, 0x1f, 0x2f, 0x3e, 0x2f, 0x46, 0x00, 0x31, 0x40,
  0x41, 0x41, 0x33, 0x34, 0x42, 0x21, 0x00, 0xe2, 0x1f, 0x0e, 0xef, 0xfe,
  0x47, 0x00, 0xdf, 0xdb, 0xdc, 0xbb, 0xcc, 0xfb, 0x0e, 0x2f, 0xf0, 0x02,
  0x10, 0x20, 0xfe, 0xff, 0x47, 0x00, 0xf0, 0x12, 0x31, 0x32, 0x42, 0x42,
  0x42, 0x45, 0x61, 0x15, 0x35, 0x42, 0x23, 0x10, 0x46, 0x00, 0xef, 0xd0,
  0xcf, 0xee, 0xeb, 0xbc, 0xde, 0xed, 0xde, 0xef, 0xe1, 0x1f, 0x20, 0x10,
  0x46, 0x00, 0x42, 0x32, 0x53, 0x53, 0x63, 0x42, 0x05, 0x14, 0x22, 0xf0,
  0xe2, 0xe0, 0xde, 0xee, 0x46, 0x00, 0xab, 0xcd, 0xca, 0xcb, 0xdc, 0xde,
  0x0f, 0x3f, 0x1f, 0x13, 0x33, 0x43, 0x33, 0x44, 0x46, 0x00, 0x43, 0x23,
  0x23, 0x11, 0x01, 0xf0, 0x0e, 0xe0, 0xef, 0xff, 0x0d, 0xfe, 0xe0, 0x1d,
  0x48, 0x00, 0x9b, 0xbd, 0xdc, 0xec, 0xca, 0xfc, 0xfd, 0x0d, 0x21, 0x02,
  0x12, 0x25, 0x43, 0x54, 0x47, 0x00, 0x42, 0x24, 0x52, 0x33, 0x34, 0x31,
  0x22, 0x20, 0x11, 0x12, 0xf1, 0xf1, 0xef, 0xdd, 0x46, 0x00, 0xed, 0xce,
  0xdd, 0xce, 0xdc, 0xfd, 0xed, 0x1d, 0x0e, 0x3f, 0x21, 0x34, 0x44, 0x36,
  0x46, 0x00, 0x64, 0x25, 0x26, 0x34, 0x21, 0x1f, 0xd0, 0xdf, 0xbe, 0xbd,
  0xdb, 0xdb, 0xec, 0xec, 0x47, 0x00, 0xbb, 0xfc, 0x0e, 0x1f, 0x20, 0x24,
  0x54, 0x55, 0x47, 0x36, 0x35, 0x54, 0x33, 0x34, 0x47, 0x00, 0x13, 0x03,
  0x02, 0xe1, 0xcf, 0xae, 0x9d, 0xbc, 0xae, 0xdd, 0xea, 0xde, 0xef, 0xf2,
  0x48, 0x00, 0x3f, 0x21, 0x24, 0x45, 0x23, 0x33, 0x10, 0xfd, 0xff, 0xe1,
  0x0c, 0x1e, 0x2f, 0x33, 0x46, 0x00, 0x22, 0x32, 0x31, 0x33, 0x22, 0x12,
  0x10, 0xff, 0xee, 0xfd, 0xec, 0xcc, 0xdc, 0xbc, 0x46, 0x00, 0xcd, 0xde,
  0xee, 0xf0, 0x21, 0x42, 0x32, 0x45, 0x33, 0x53, 0x32, 0x42, 0x32, 0x21,
  0x46, 0x00, 0x02, 0x02, 0x0f, 0xcf, 0xc1, 0xdd, 0xfb, 0xbd, 0xbe, 0xbe,
  0xbf, 0xce, 0xc0, 0xe0, 0x46, 0x00, 0xf0, 0x31, 0x50, 0x41, 0x35, 0x56,
  0x34, 0x36, 0x43, 0x11, 0x02, 0xef, 0x0e, 0xed, 0x47, 0x00, 0x9b, 0xbb,
  0xc9, 0xba, 0xbc, 0xfd, 0x0d, 0x2f, 0x32, 0x32, 0x15, 0x21, 0xef, 0xef,
  0x47, 0x00, 0xed, 0xfc, 0xfe, 0xf0, 0x02, 0x22, 0x23, 0x42, 0x22, 0x55,
  0x44, 0x66, 0x45, 0x24, 0x47, 0x00, 0x22, 0xde, 0xbf, 0xaf, 0xbb, 0xac,
  0xbd, 0xdc, 0xeb, 0xca, 0xae, 0xdd, 0xdd, 0x0e, 0x46, 0x00, 0x1e, 0x00,
  0x11, 0x32, 0x23, 0x15, 0x36, 0x25, 0x26, 0x26, 0x33, 0x22, 0x11, 0xf0,
  0x46, 0x00, 0xfe, 0xda, 0x9b, 0xaa, 0x9b, 0xbb, 0xcd, 0xed, 0x2f, 0x1f,
  0x22, 0x23, 0x34, 0x44, 0x46, 0x00, 0x54, 0x45, 0x34, 0x32, 0x01, 0xf1,
  0xff, 0xfd, 0xee, 0xff, 0xf0, 0x0f, 0x00, 0xff, 0x48, 0x00, 0xdd, 0xdb,
  0xbe, 0xae, 0xee, 0xfd, 0xfd, 0xee, 0xec, 0xee, 0x20, 0x21, 0x34, 0x45,
  0x47, 0x00, 0x24, 0x23, 0x22, 0x22, 0x00, 0xf0, 0xf1, 0x00, 0x01, 0x32,
  0x41, 0x43, 0x34, 0x23, 0x46, 0x00, 0x01, 0xf0, 0xfe, 0xee, 0xce, 0xce,
  0xdd, 0xcc, 0xdc, 0xdd, 0xfd, 0x0f, 0x12, 0x35, 0x46, 0x00, 0x56, 0x66,
  0x56, 0x45, 0x35, 0x32, 0x11, 0x00, 0xfe, 0xcf, 0xdd, 0xcb, 0xbb, 0xbc,
  0x46, 0x00, 0xdc, 0xde, 0xff, 0x0f, 0x01, 0x11, 0x21, 0x11, 0x02, 0x13,
  0x13, 0x13, 0x23, 0x13, 0x47, 0x00, 0x55, 0x44, 0x33, 0x02, 0x02, 0xfe,
  0xeb, 0xbd, 0xca, 0xaa, 0xac, 0xda, 0xab, 0xce, 0x47, 0x00, 0xf0, 0x3e,
  0x42, 0x64, 0x75, 0x54, 0x33, 0x02, 0xe0, 0xed, 0xce, 0xed, 0xde, 0xff,
  0x46, 0x00, 0xf0, 0xf1, 0x21, 0x30, 0x41, 0x33, 0x24, 0x24, 0x21, 0xf0,
  0xef, 0xdd, 0xcc, 0xbc, 0x46, 0x00, 0xdb, 0xdc, 0xec, 0x0b, 0xfe, 0xf0,
  0x23, 0x41, 0x41, 0x25, 0x44, 0x44, 0x41, 0x23, 0x46, 0x00, 0x40, 0x01,
  0x12, 0xff, 0xf0, 0x0e, 0xcf, 0xe0, 0xed, 0xec, 0xcc, 0xcd, 0xbd, 0xcd,
  0x46, 0x00, 0xde, 0xe0, 0x01, 0x03, 0x33, 0x53, 0x43, 0x36, 0x65, 0x33,
  0x16, 0x33, 0x0f, 0xe0, 0x46, 0x00, 0xec, 0xdb, 0xac, 0xdd, 0xcd, 0xfd,
  0xfe, 0xf1, 0x10, 0x20, 0x12, 0x32, 0x11, 0x12, 0x47, 0x00, 0x11, 0xff,
  0xdd, 0xcd, 0xbe, 0xef, 0xfe, 0xf0, 0x13, 0x41, 0x43, 0x54, 0x64, 0x54,
  0x47, 0x00, 0x42, 0x14, 0xf2, 0x0e, 0xdd, 0xfd, 0xdc, 0xed, 0xbd, 0xbe,
  0xce, 0xcd, 0xcd, 0xdd, 0x27, 0x00, 0x55, 0x67, 0x77, 0x56, 0x36, 0x47,
  0x65, 0x74, 0x76, 0x75, 0x47, 0x37, 0x12, 0xdf, 0x46, 0x00, 0xf1, 0xf0,
  0xcf, 0xdd, 0xca, 0xaa, 0xac, 0xcb, 0xdb, 0xde, 0xe1, 0x03, 0x23, 0x15,
  0x46, 0x00, 0x36, 0x35, 0x26, 0x35, 0x32, 0x11, 0xf0, 0xe0, 0xfe, 0xed,
  0xef, 0xfe, 0xe1, 0x0f, 0x48, 0x00, 0xef, 0x0e, 0x1d, 0xf0, 0x01, 0x21,
  0x30, 0xfe, 0xde, 0xec, 0xfc, 0x0d, 0x02, 0x33, 0x48, 0x00, 0x54, 0x45,
  0x33, 0xf2, 0xff, 0xd0, 0xe0, 0x1e, 0x0e, 0x0f, 0x41, 0x53, 0x74, 0x56,
  0x46, 0x00, 0x12, 0x13, 0x12, 0x01, 0xf0, 0xfe, 0xed, 0xce, 0xdc, 0xbb,
  0xdd, 0xec, 0xef, 0x1f, 0x46, 0x00, 0x13, 0x34, 0x55, 0x46, 0x55, 0x54,
  0x42, 0x32, 0x20, 0xd1, 0xe0, 0xed, 0xcc, 0xbc, 0x46, 0x00, 0xcb, 0xcc,
  0xde, 0xff, 0x1f, 0x1f, 0x11, 0xf2, 0x03, 0x02, 0x13, 0x22, 0x13, 0x14,
  0x47, 0x00, 0x45, 0x43, 0x12, 0x13, 0x11, 0x1f, 0xf0, 0x0d, 0xbe, 0xbd,
  0xba, 0xba, 0xca, 0xca, 0x47, 0x00, 0xfc, 0x1e, 0x30, 0x33, 0x64, 0x54,
  0x37, 0x36, 0x42, 0x0f, 0xff, 0xde, 0xcf, 0xdd, 0x46, 0x00, 0xfe, 0xfe,
  0xff, 0x0f, 0x01, 0x31, 0x41, 0x43, 0x33, 0x23, 0xf2, 0x01, 0xee, 0xed,
  0x46, 0x00, 0xcd, 0xed, 0xec, 0xdd, 0xde, 0xee, 0xef, 0x00, 0x11, 0x23,
  0x33, 0x43, 0x34, 0x23, 0x46, 0x00, 0x13, 0x21, 0x20, 0x10, 0x10, 0x0f,
  0xf0, 0xf0, 0xee, 0xdf, 0xde, 0xdd, 0xdd, 0xdd, 0x46, 0x00, 0xde, 0x0e,
  0xfd, 0x10, 0x00, 0x41, 0x30, 0x33, 0x25, 0x35, 0x44, 0x34, 0x22, 0x10,
  0x46, 0x00, 0xff, 0xdd, 0xdd, 0xdc, 0xdc, 0xdd, 0xef, 0x0e, 0xff, 0x00,
  0x01, 0x12, 0x12, 0x34, 0x47, 0x00, 0x33, 0x24, 0xf3, 0xc1, 0xae, 0xad,
  0xcc, 0xfd, 0xed, 0xf1, 0x01, 0x21, 0x12, 0x24, 0x47, 0x00, 0x22, 0x33,
  0x25, 0x34, 0x22, 0x11, 0x0f, 0xff, 0xed, 0xdd, 0xcd, 0xee, 0xfc, 0xfc,
  0x47, 0x00, 0xed, 0xec, 0xcd, 0xfe, 0x0b, 0x0c, 0x0f, 0x23, 0x54, 0x55,
  0x57, 0x57, 0x57, 0x56, 0x46, 0x00, 0x02, 0x12, 0x10, 0xff, 0xef, 0xdd,
  0xbc, 0xbd, 0xcc, 0xdb, 0xed, 0x1e, 0x10, 0x41, 0x47, 0x00, 0x62, 0x55,
  0x66, 0x56, 0x55, 0x44, 0x33, 0x23, 0xf1, 0xde, 0xdb, 0xbb, 0xdb, 0xdd,
  0x48, 0x00, 0xca, 0x0d, 0x1e, 0x04, 0x11, 0x1f, 0x20, 0x12, 0x23, 0x11,
  0x02, 0x11, 0x12, 0x10, 0x48, 0x00, 0x10, 0x1e, 0x2d, 0x1d, 0xfe, 0xcf,
  0xfe, 0xf0, 0x01, 0xe0, 0x0e, 0x2e, 0x11, 0x44, 0x47, 0x00, 0x42, 0x43,
  0x34, 0x43, 0x03, 0xf0, 0xed, 0xdc, 0xdb, 0xac, 0xcc, 0xda, 0xdb, 0xdd,
  0x46, 0x00, 0xef, 0x11, 0x11, 0x24, 0x25, 0x45, 0x43, 0x14, 0x24, 0x3f,
  0xff, 0xe1, 0xfe, 0xed, 0x46, 0x00, 0xbe, 0xce, 0xdd, 0xde, 0xee, 0x0e,
  0x1e, 0x10, 0x11, 0x22, 0x30, 0x22, 0x22, 0x32, 0x47, 0x00, 0x43, 0x41,
  0x32, 0x31, 0x11, 0x2f, 0xfe, 0xe0, 0xfe, 0xdb, 0xbc, 0xcb, 0xbe, 0xde,
  0x47, 0x00, 0x0d, 0x0d, 0x00, 0x21, 0x13, 0x33, 0x43, 0x44, 0x45, 0x24,
  0x11, 0x00, 0xfe, 0xfc, 0x47, 0x00, 0xcd, 0xdc, 0xde, 0xff, 0x0e, 0x10,
  0x20, 0x32, 0x44, 0x44, 0x34, 0x43, 0x21, 0xe2, 0x47, 0x00, 0xef, 0xce,
  0xbc, 0xdd, 0xbb, 0xdb, 0xdb, 0xec, 0xef, 0x2f, 0x20, 0x32, 0x54, 0x64,
  0x47, 0x00, 0x53, 0x34, 0x34, 0x43, 0x23, 0x12, 0xf2, 0x01, 0x0d, 0xce,
  0xbd, 0xae, 0xdc, 0xea, 0x47, 0x00, 0xdc, 0xeb, 0x0b, 0xec, 0xe1, 0x21,
  0x4f, 0x33, 0x54, 0x36, 0x54, 0x43, 0x33, 0x23, 0x47, 0x00, 0x01, 0xf0,
  0xee, 0xdd, 0xbd, 0xcd, 0xcc, 0xfd, 0x0d, 0x0f, 0xf0, 0x11, 0x30, 0x32,
  0x47, 0x00, 0x33, 0x32, 0x13, 0x22, 0xff, 0xfe, 0xdc, 0xed, 0xec, 0xfe,
  0xed, 0xef, 0xff, 0xf0, 0x47, 0x00, 0x00, 0x11, 0x32, 0x44, 0x44, 0x24,
  0x24, 0x22, 0x10, 0xf0, 0xef, 0xff, 0xfc, 0xce, 0x47, 0x00, 0xce, 0xcc,
  0xdb, 0xec, 0xfc, 0xed, 0x0e, 0x02, 0x13, 0x43, 0x32, 0x25, 0x35, 0x15,
  0x47, 0x00, 0x34, 0x31, 0x10, 0xf2, 0xf1, 0xee, 0xcd, 0xcc, 0xda, 0xbc,
  0xcb, 0xfc, 0xee, 0x11, 0x47, 0x00, 0x20, 0x12, 0x22, 0x33, 0x42, 0x33,
  0x42, 0x42, 0x31, 0x02, 0xe0, 0xfc, 0xdb, 0xdc, 0x47, 0x00, 0xdc, 0xdd,
  0xef, 0xff, 0x00, 0x0f, 0x00, 0x10, 0x12, 0x33, 0x43, 0x22, 0x33, 0x12,
  0x48, 0x00, 0xf1, 0xcf, 0xcc, 0xcc, 0xed, 0xdc, 0xcc, 0xbf, 0xef, 0xfe,
  0x0d, 0x1e, 0x10, 0x25, 0x48, 0x00, 0x36, 0x46, 0x53, 0x34, 0x32, 0x00,
  0xdf, 0xec, 0xec, 0xed, 0xdb, 0xed, 0xdd, 0xdd, 0x47, 0x00, 0xef, 0xfe,
  0xf0, 0x10, 0x41, 0x42, 0x24, 0x35, 0x23, 0x13, 0x10, 0xe0, 0xf2, 0x00,
  0x47, 0x00, 0xff, 0xdf, 0xde, 0xcc, 0xac, 0xad, 0xee, 0x1d, 0x1f, 0x23,
  0x42, 0x22, 0x44, 0x42, 0x47, 0x00, 0x33, 0x24, 0x42, 0x32, 0x21, 0xff,
  0x0e, 0xdc, 0xbe, 0xae, 0xcf, 0xdd, 0xfe, 0x0f, 0x48, 0x00, 0x01, 0x30,
  0x21, 0x33, 0x15, 0x34, 0x32, 0x44, 0x36, 0x34, 0x21, 0xff, 0xde, 0xec,
  0x48, 0x00, 0xcd, 0xed, 0x0d, 0x1f, 0x10, 0xe2, 0xf0, 0xef, 0x21, 0x20,
  0x33, 0x54, 0x65, 0x65, 0x48, 0x00, 0x23, 0xf2, 0xff, 0xbd, 0xdf, 0xea,
  0xbc, 0xbc, 0xad, 0xcd, 0xba, 0xdc, 0x0c, 0x31, 0x47, 0x00, 0x23, 0x44,
  0x53, 0x45, 0x44, 0x14, 0x22, 0x10, 0xf1, 0xff, 0xe0, 0xed, 0xbe, 0xde,
  0x47, 0x00, 0xfb, 0xdc, 0xde, 0x0f, 0x10, 0x11, 0x31, 0x31, 0x21, 0x13,
  0x21, 0x01, 0x10, 0x10, 0x49, 0x00, 0x30, 0x12, 0x0f, 0xff, 0xff, 0xba,
  0x9d, 0xca, 0x1c, 0x01, 0x21, 0x02, 0x12, 0xfe, 0x48, 0x00, 0xd0, 0xf3,
  0x11, 0x13, 0x53, 0x23, 0xf4, 0xf1, 0xce, 0xbe, 0xcc, 0xcb, 0xdc, 0xde,
  0x48, 0x00, 0xde, 0xff, 0x1e, 0x1f, 0x43, 0x44, 0x77, 0x75, 0x46, 0x37,
  0x13, 0xd1, 0xdf, 0xeb, 0x47, 0x00, 0xdc, 0xdd, 0xdc, 0xce, 0xee, 0xfe,
  0x0f, 0x10, 0x02, 0x22, 0x12, 0x23, 0x22, 0x12, 0x48, 0x00, 0x05, 0xf1,
  0xf0, 0xed, 0xdd, 0xdd, 0xdd, 0xef, 0xf0, 0xf0, 0xdf, 0xef, 0xfd, 0xff,
  0x48, 0x00, 0xff, 0x20, 0x10, 0x21, 0x12, 0x21, 0x21, 0x20, 0x43, 0x42,
  0x23, 0x01, 0xfe, 0xce, 0x47, 0x00, 0xde, 0xcd, 0xce, 0xde, 0xee, 0xfe,
  0x0f, 0x00, 0x11, 0x22, 0x33, 0x23, 0x34, 0x32, 0x47, 0x00, 0x22, 0x00,
  0xff, 0xef, 0xfc, 0xec, 0xec, 0xee, 0xee, 0xff, 0x1f, 0x00, 0x11, 0x21,
  0x49, 0x00, 0x73, 0x56, 0x63, 0x22, 0xd2, 0xd0, 0xfb, 0xcb, 0xcd, 0xdc,
  0xfd, 0xf1, 0x1f, 0x03, 0x49, 0x00, 0x13, 0xf3, 0x01, 0xef, 0xef, 0xed,
  0xee, 0x2e, 0x20, 0x51, 0x31, 0x23, 0x22, 0x42, 0x48, 0x00, 0x21, 0x11,
  0x20, 0xef, 0xb0, 0xac, 0xac, 0xd9, 0xda, 0x1d, 0x2f, 0x23, 0x25, 0x53,
  0x47, 0x00, 0x22, 0x22, 0x13, 0x32, 0x02, 0xf2, 0x00, 0xfd, 0xed, 0xcd,
  0xde, 0xd0, 0xe1, 0x10, 0x48, 0x00, 0x20, 0x43, 0x41, 0x34, 0x34, 0x22,
  0x03, 0xf2, 0x0f, 0xed, 0xfc, 0xdd, 0xd0, 0xde, 0x49, 0x00, 0xdf, 0xee,
  0x10, 0x31, 0x75, 0x44, 0x45, 0x31, 0xe4, 0xef, 0xfd, 0x2d, 0x73, 0x44,
  0x28, 0x00, 0xff, 0x0f, 0x00, 0x0f, 0xef, 0xff, 0x0e, 0xfe, 0xfe, 0xed,
  0xcb, 0xba, 0xba, 0x0d, 0x48, 0x00, 0x0d, 0x32, 0x63, 0x66, 0x67, 0x56,
  0x44, 0x14, 0x23, 0x10, 0x1e, 0xdf, 0xdd, 0xdc, 0x48, 0x00, 0xcc, 0xdc,
  0xee, 0x0e, 0x31, 0x21, 0x35, 0x33, 0x24, 0x12, 0xf1, 0xd1, 0xe0, 0xec,
  0x48, 0x00, 0xde, 0xee, 0x0f, 0x1f, 0x10, 0x11, 0x11, 0x12, 0x31, 0x00,
  0x12, 0x32, 0x01, 0xf1, 0x48, 0x00, 0xef, 0xef, 0xff, 0xf0, 0x30, 0x31,
  0x25, 0x25, 0x23, 0x0f, 0xce, 0xbf, 0xed, 0xdc, 0x48, 0x00, 0xcd, 0xde,
  0xde, 0xee, 0xdf, 0x0e, 0x20, 0x54, 0x74, 0x74, 0x63, 0x22, 0xf4, 0xff,
  0x49, 0x00, 0xdd, 0xe9, 0xca, 0xdd, 0xce, 0xce, 0x10, 0x3e, 0x14, 0x45,
  0x46, 0x32, 0x22, 0x0e, 0x48, 0x00, 0xee, 0xed, 0xed, 0xcd, 0xbd, 0xae,
  0xed, 0x2d, 0x1e, 0x32, 0x34, 0x35, 0x24, 0x04, 0x49, 0x00, 0x1f, 0x2e,
  0x41, 0x4f, 0x12, 0x02, 0xf0, 0xee, 0xac, 0xed, 0x0c, 0x51, 0x11, 0xe3,
  0x48, 0x00, 0xdf, 0xbc, 0xcc, 0xcb, 0xbb, 0xed, 0xee, 0x22, 0x20, 0x11,
  0x31, 0x63, 0x43, 0x46, 0x48, 0x00, 0x43, 0x23, 0x20, 0x1f, 0xdd, 0xdd,
  0xdc, 0xeb, 0xee, 0xcd, 0xce, 0xf1, 0x2f, 0x11, 0x49, 0x00, 0x31, 0x31,
  0xe2, 0xc2, 0xce, 0xca, 0xcb, 0xdd, 0xff, 0x0f, 0xfd, 0x2c, 0x11, 0x01,
  0x48, 0x00, 0x22, 0x32, 0x32, 0x33, 0x00, 0xe1, 0xee, 0xdf, 0x0c, 0xfe,
  0xf0, 0x0f, 0x02, 0xf0, 0x48, 0x00, 0xff, 0xff, 0x1f, 0xf1, 0x00, 0x0f,
  0x0e, 0xee, 0xdd, 0xdd, 0xfe, 0x0f, 0x21, 0x12, 0x48, 0x00, 0x01, 0x22,
  0x22, 0x31, 0x21, 0x11, 0x10, 0xf1, 0x0f, 0xfb, 0xec, 0xfd, 0x10, 0x00,
  0x48, 0x00, 0xe1, 0x01, 0x11, 0x00, 0x10, 0x1f, 0x20, 0x01, 0xe2, 0xff,
  0xec, 0xdc, 0xdf, 0xf1, 0x49, 0x00, 0x0f, 0x31, 0x44, 0x26, 0x11, 0x02,
  0x24, 0x54, 0x35, 0x35, 0x10, 0xc0, 0x0c, 0xfc, 0x49, 0x00, 0xeb, 0xdc,
  0x32, 0x02, 0x01, 0xcd, 0x0f, 0xe2, 0x20, 0x2f, 0x31, 0x02, 0xf0, 0xff,
  0x49, 0x00, 0x0e, 0x0d, 0x13, 0x47, 0x17, 0x31, 0x1f, 0x20, 0xef, 0xef,
  0x10, 0x33, 0x21, 0xef, 0x49, 0x00, 0xbf, 0xed, 0xfc, 0x22, 0x24, 0x44,
  0x43, 0x37, 0x33, 0x00, 0x0d, 0x21, 0x03, 0x22, 0x49, 0x00, 0xde, 0xbf,
  0xec, 0xec, 0xcc, 0xcd, 0x0e, 0x10, 0x31, 0xf0, 0x00, 0x32, 0x53, 0x54,
  0x49, 0x00, 0x54, 0x22, 0x25, 0x25, 0x12, 0xe1, 0x12, 0x23, 0x23, 0xf0,
  0xee, 0x0d, 0xed, 0xe0, 0x49, 0x00, 0xf0, 0xf1, 0x0e, 0x01, 0xed, 0xca,
  0xab, 0xfc, 0xff, 0xf0, 0x20, 0x22, 0x24, 0x2f, 0x48, 0x00, 0x11, 0x22,
  0x41, 0x52, 0x53, 0x32, 0x11, 0x11, 0xf0, 0xe0, 0xfd, 0x0f, 0xe0, 0xd0,
  0x49, 0x00, 0xbc, 0xbb, 0xbe, 0xeb, 0xcc, 0xce, 0xfd, 0xdf, 0x0e, 0xd0,
  0xef, 0x33, 0x54, 0x44, 0x48, 0x00, 0x12, 0x13, 0x44, 0x42, 0x14, 0x25,
  0x32, 0x01, 0xe1, 0xed, 0xcb, 0xdb, 0xed, 0xdd, 0x49, 0x00, 0xca, 0xd9,
  0xbd, 0xde, 0xdf, 0x0e, 0x21, 0x63, 0x76, 0x32, 0x2f, 0xfd, 0xd0, 0xed,
  0x49, 0x00, 0xde, 0x1e, 0x24, 0x35, 0x26, 0x16, 0x22, 0x43, 0x32, 0x21,
  0xd0, 0xef, 0xff, 0xbb, 0x48, 0x00, 0xcc, 0xbd, 0xcd, 0xee, 0xfc, 0xff,
  0x2d, 0x00, 0x03, 0x13, 0x2f, 0x0f, 0x01, 0xf1, 0x49, 0x00, 0xed, 0xcf,
  0x22, 0x24, 0x36, 0x42, 0x34, 0x23, 0x52, 0x30, 0x2f, 0x01, 0x1e, 0xce,
  0x48, 0x00, 0xbd, 0xaa, 0xaa, 0xca, 0xbd, 0xee, 0x00, 0x42, 0x13, 0x34,
  0x41, 0x41, 0x41, 0x31, 0x48, 0x00, 0x12, 0x10, 0xf0, 0xe0, 0xef, 0xdd,
  0xec, 0xff, 0x0f, 0x10, 0x21, 0x11, 0x22, 0xf0, 0x48, 0x00, 0xf0, 0xcd,
  0xed, 0xeb, 0xeb, 0xdd, 0xfe, 0x00, 0x01, 0x13, 0x30, 0x23, 0x33, 0x35,
  0x48, 0x00, 0x24, 0x05, 0x24, 0xf0, 0xef, 0xae, 0xcd, 0xdc, 0xdf, 0xef,
  0x21, 0x10, 0x12, 0x30, 0x48, 0x00, 0x0d, 0xde, 0xc0, 0xff, 0xfe, 0xfd,
  0x0d, 0xef, 0xf0, 0x0f, 0x30, 0x52, 0x56, 0x75, 0x47, 0x00, 0x33, 0x33,
  0x21, 0x11, 0x0e, 0xed, 0xed, 0xec, 0xec, 0xec, 0xce, 0xff, 0x0e, 0x0f,
  0x48, 0x00, 0x01, 0x21, 0x42, 0x44, 0x34, 0x16, 0x14, 0x14, 0x21, 0x0e,
  0xf0, 0x11, 0x33, 0x25, 0x48, 0x00, 0x44, 0x24, 0x23, 0xf1, 0xdf, 0xbe,
  0xcb, 0xba, 0xcb, 0xaa, 0x9c, 0xdb, 0xdc, 0x0d, 0x47, 0x00, 0x00, 0x31,
  0x32, 0x34, 0x35, 0x43, 0x21, 0x12, 0x00, 0xf0, 0x0f, 0xef, 0xf2, 0xf0,
  0x47, 0x00, 0xf2, 0xf1, 0x11, 0xf1, 0x01, 0x01, 0xf0, 0xe1, 0xe0, 0xee,
  0xed, 0xcc, 0xde, 0xed, 0x47, 0x00, 0x0e, 0x0f, 0x21, 0x33, 0x43, 0x34,
  0x25, 0x34, 0x22, 0x13, 0x01, 0x20, 0x0f, 0x0f, 0x47, 0x00, 0xfe, 0x0e,
  0xfd, 0xfe, 0xf0, 0x0f, 0x1f, 0x00, 0x0f, 0xfe, 0xfd, 0xdc, 0xde, 0xee,
  0x47, 0x00, 0xfe, 0x0f, 0x21, 0x31, 0x13, 0x45, 0x24, 0x46, 0x34, 0x34,
  0x22, 0x11, 0xd1, 0xd0, 0x47, 0x00, 0xbf, 0xdd, 0xcc, 0xbf, 0xdf, 0x1e,
  0x2d, 0x1f, 0xf1, 0x12, 0x0f, 0x10, 0xff, 0x0f, 0x47, 0x00, 0xff, 0xff,
  0x0f, 0x00, 0x10, 0x01, 0x13, 0x33, 0x33, 0x24, 0x25, 0x23, 0xf2, 0xf2,
  0x47, 0x00, 0xee, 0xce, 0xdd, 0xcd, 0xed, 0xec, 0x0d, 0xfe, 0xf0, 0x20,
  0x2e, 0x00, 0xf3, 0x31, 0x48, 0x00, 0x2d, 0x2f, 0x1d, 0x0e, 0xfe, 0xf2,
  0x32, 0x52, 0x75, 0x75, 0x75, 0x55, 0x43, 0xf2, 0x47, 0x00, 0xf0, 0xde,
  0xdd, 0xda, 0xbc, 0xcb, 0xea, 0xec, 0x1c, 0x0e, 0x21, 0x31, 0x24, 0x25,
  0x47, 0x00, 0x16, 0x25, 0x13, 0x02, 0xe2, 0xe1, 0x00, 0x1d, 0x0e, 0xe0,
  0xf1, 0xe2, 0x01, 0x10, 0x47, 0x00, 0x0f, 0xff, 0xef, 0xdf, 0xdf, 0xec,
  0xed, 0xfc, 0x0c, 0xf0, 0x01, 0x23, 0x33, 0x44, 0x47, 0x00, 0x53, 0x52,
  0x03, 0x04, 0xf2, 0xd1, 0xd0, 0xcf, 0xcf, 0xee, 0xfc, 0xef, 0x0f, 0x00,
  0x48, 0x00, 0x11, 0x31, 0x20, 0x00, 0xff, 0xde, 0xdc, 0xea, 0xbb, 0xdd,
  0xee, 0x11, 0x33, 0x75, 0x47, 0x00, 0x53, 0x62, 0x44, 0x53, 0x32, 0x21,
  0xe1, 0xe0, 0xfc, 0xcc, 0xbc, 0xdc, 0xdb, 0xfc, 0x48, 0x00, 0xda, 0xee,
  0x10, 0x02, 0x13, 0x23, 0x32, 0x20, 0x02, 0x02, 0x21, 0x30, 0x51, 0x42,
  0x47, 0x00, 0x42, 0x23, 0x43, 0x42, 0x12, 0x12, 0xf0, 0xef, 0xcd, 0xad,
  0xbc, 0xab, 0xcb, 0xcc, 0x47, 0x00, 0xfc, 0xfe, 0x20, 0x31, 0x33, 0x34,
  0x26, 0x35, 0x24, 0x22, 0x11, 0x2f, 0x1e, 0x0e, 0x47, 0x00, 0xf0, 0x00,
  0x00, 0x20, 0x01, 0x02, 0x03, 0x00, 0xe1, 0xe0, 0xde, 0xdd, 0xdb, 0xbc,
  0x47, 0x00, 0xcd, 0xdd, 0xdf, 0x10, 0x11, 0x13, 0x35, 0x34, 0x45, 0x53,
  0x32, 0x13, 0x13, 0x10, 0x47, 0x00, 0x2f, 0x2d, 0x1d, 0xff, 0xe1, 0xf1,
  0x10, 0xff, 0xe2, 0xef, 0xc0, 0xce, 0xdd, 0xcb, 0x47, 0x00, 0xcc, 0xdc,
  0xee, 0x1e, 0x2f, 0x32, 0x34, 0x56, 0x66, 0x56, 0x57, 0x45, 0x33, 0x21,
  0x47, 0x00, 0x0e, 0xbf, 0xce, 0xad, 0xbd, 0xcd, 0xcd, 0xfe, 0xfe, 0xff,
  0xf1, 0xf1, 0x10, 0x1f, 0x27, 0x00, 0x24, 0x21, 0xdf, 0xcf, 0xcd, 0xeb,
  0xed, 0x0e, 0x11, 0x33, 0x44, 0x64, 0x52, 0x22, 0x47, 0x00, 0xf1, 0xfe,
  0xde, 0xad, 0xce, 0xcb, 0xcd, 0xed, 0xfd, 0x0e, 0x1f, 0x2f, 0x20, 0x02,
  0x47, 0x00, 0xf3, 0x22, 0x0f, 0xe2, 0x00, 0x1f, 0x00, 0x11, 0x31, 0x33,
  0x43, 0x53, 0x52, 0x32, 0x46, 0x00, 0x20, 0xf0, 0xf0, 0xfe, 0xde, 0xcf,
  0xdd, 0xde, 0xed, 0xfe, 0x1d, 0x1f, 0x2f, 0x12, 0x47, 0x00, 0x44, 0x45,
  0x35, 0x54, 0x32, 0x32, 0x20, 0x10, 0x01, 0x0f, 0x00, 0x0f, 0xf0, 0xf0,
  0x47, 0x00, 0x0f, 0xfe, 0xdf, 0xee, 0xdd, 0xcc, 0xcd, 0xcc, 0xdd, 0x0c,
  0xfe, 0x11, 0x32, 0x34, 0x47, 0x00, 0x55, 0x55, 0x64, 0x54, 0x32, 0x03,
  0x02, 0xff, 0xef, 0xdd, 0xed, 0xec, 0xed, 0xee, 0x48, 0x00, 0xfe, 0x1f,
  0x1f, 0x10, 0xf0, 0xe0, 0xdd, 0xbd, 0xcb, 0xab, 0xdc, 0xcd, 0xf1, 0x03,
  0x47, 0x00, 0x23, 0x43, 0x45, 0x54, 0x55, 0x44, 0x24, 0x04, 0x01, 0xd0,
  0xde, 0xcd, 0xcc, 0xac, 0x47, 0x00, 0xce, 0xec, 0xec, 0xef, 0xfe, 0xe0,
  0xf1, 0x0f, 0x00, 0x2f, 0x1f, 0x20, 0x30, 0x11, 0x46, 0x00, 0x22, 0x11,
  0x33, 0x21, 0x23, 0x13, 0x21, 0x10, 0xf0, 0xd0, 0xef, 0xdd, 0xce, 0xdd,
  0x46, 0x00, 0xdd, 0xee, 0xee, 0xf0, 0x00, 0x01, 0x22, 0x21, 0x22, 0x12,
  0x22, 0x01, 0x12, 0x00, 0x47, 0x00, 0x01, 0xf1, 0x01, 0x01, 0x02, 0x02,
  0x12, 0x11, 0x10, 0xf0, 0x1e, 0xdc, 0xde, 0xcc, 0x47, 0x00, 0xcc, 0xdb,
  0xcc, 0xde, 0xfe, 0x00, 0x20, 0x13, 0x34, 0x52, 0x34, 0x34, 0x51, 0x31,
  0x47, 0x00, 0x20, 0x02, 0x11, 0x2f, 0xf1, 0x01, 0x01, 0x01, 0xf0, 0xe1,
  0xff, 0xed, 0xcd, 0xbd, 0x47, 0x00, 0xdb, 0xba, 0xdb, 0xdb, 0xde, 0x10,
  0x3f, 0x33, 0x55, 0x66, 0x67, 0x67, 0x65, 0x45, 0x47, 0x00, 0x23, 0x21,
  0xff, 0xfd, 0xcd, 0xdb, 0xbc, 0xdc, 0xfa, 0xfb, 0xed, 0x0e, 0x0e, 0x0e,
  0x47, 0x00, 0xe1, 0x10, 0x1e, 0x2f, 0x1f, 0x10, 0x22, 0x31, 0x23, 0x34,
  0x44, 0x43, 0x34, 0x32, 0x47, 0x00, 0x12, 0x01, 0xef, 0xef, 0xcd, 0xdc,
  0xdc, 0xea, 0xcd, 0xdf, 0xff, 0x0f, 0x10, 0x20, 0x47, 0x00, 0x3f, 0x00,
  0xf3, 0x01, 0x10, 0x0f, 0x01, 0x1f, 0x02, 0x22, 0x42, 0x32, 0x34, 0x44,
  0x46, 0x00, 0x12, 0x11, 0x01, 0x00, 0xef, 0xef, 0xde, 0xed, 0xdd, 0xce,
  0xdf, 0xef, 0xe0, 0xf1, 0x47, 0x00, 0x14, 0x42, 0x52, 0x63, 0x52, 0x25,
  0x16, 0x34, 0x31, 0x12, 0x11, 0x11, 0xf0, 0x01, 0x27, 0x00, 0xbc, 0xee,
  0xfe, 0x00, 0x1f, 0x00, 0x2e, 0xff, 0xff, 0xe1, 0x10, 0x11, 0x33, 0x44,
  0x47, 0x00, 0x34, 0x54, 0x45, 0x46, 0x56, 0x43, 0x33, 0x21, 0x2f, 0xfe,
  0xfe, 0xec, 0xde, 0xfd, 0x48, 0x00, 0xd9, 0x0b, 0xec, 0xd0, 0xe1, 0xd0,
  0x0f, 0xdc, 0xdd, 0xdb, 0xbc, 0xcd, 0xed, 0x0e, 0x47, 0x00, 0x10, 0x21,
  0x42, 0x52, 0x54, 0x53, 0x45, 0x34, 0x33, 0x31, 0x0f, 0xd0, 0xc0, 0xde,
  0x47, 0x00, 0xbd, 0xbe, 0xdd, 0xdc, 0xec, 0xce, 0xfe, 0xde, 0xff, 0xff,
  0x0f, 0x00, 0x01, 0x22, 0x47, 0x00, 0x22, 0x34, 0x63, 0x63, 0x45, 0x55,
  0x45, 0x34, 0x02, 0x02, 0xcf, 0xbf, 0xbc, 0x9b, 0x46, 0x00, 0xed, 0xdc,
  0xed, 0xde, 0xff, 0xff, 0x10, 0x10, 0x02, 0x13, 0x22, 0x21, 0x03, 0x31,
  0x48, 0x00, 0x6e, 0x23, 0x14, 0x32, 0x20, 0x21, 0x03, 0x11, 0x10, 0xf0,
  0xff, 0xcd, 0xcc, 0xbb, 0x47, 0x00, 0xbd, 0xce, 0xbd, 0xde, 0xdd, 0xef,
  0x0f, 0x00, 0x21, 0x32, 0x41, 0x42, 0x51, 0x41, 0x28, 0x00, 0x43, 0x12,
  0xfd, 0xcc, 0x9b, 0xac, 0xc9, 0xca, 0xeb, 0xdb, 0xdf, 0xec, 0xcd, 0xbb,
  0x47, 0x00, 0xdc, 0xda, 0xca, 0xcb, 0xeb, 0xec, 0x0e, 0x1f, 0x23, 0x44,
  0x54, 0x57, 0x66, 0x47, 0x47, 0x00, 0x56, 0x53, 0x22, 0x21, 0x0e, 0x0d,
  0xdb, 0xbd, 0xcd, 0xcb, 0xec, 0xdb, 0xed, 0xed, 0x47, 0x00, 0xd0, 0xff,
  0x0f, 0x1f, 0x2f, 0x10, 0x31, 0x21, 0x23, 0x34, 0x33, 0x34, 0x34, 0x34,
  0x47, 0x00, 0x22, 0xf3, 0x12, 0xef, 0xe0, 0xed, 0xcd, 0xcd, 0xbe, 0xbf,
  0xcf, 0xd0, 0x0f, 0x1e, 0x48, 0x00, 0x1d, 0x11, 0x10, 0x20, 0x01, 0xf2,
  0x02, 0x02, 0x22, 0x22, 0x44, 0x64, 0x65, 0x76, 0x47, 0x00, 0x43, 0x42,
  0x32, 0x20, 0xe1, 0xe1, 0xde, 0xdc, 0xac, 0x9d, 0x9d, 0xad, 0xae, 0xcf,
  0x47, 0x00, 0xef, 0xe1, 0x22, 0x30, 0x24, 0x54, 0x42, 0x45, 0x33, 0x54,
  0x22, 0x23, 0x22, 0x02, 0x47, 0x00, 0xf2, 0xf1, 0xf0, 0xee, 0xed, 0xec,
  0xbc, 0xbd, 0xcc, 0xea, 0xbc, 0xee, 0xfd, 0x0f, 0x47, 0x00, 0x20, 0x22,
  0x53, 0x52, 0x45, 0x45, 0x54, 0x23, 0x15, 0x21, 0xe2, 0x00, 0xff, 0xfd,
  0x48, 0x00, 0xdc, 0xcc, 0xdb, 0xdd, 0xdd, 0xee, 0xed, 0xdd, 0xcf, 0xed,
  0xeb, 0xcc, 0xce, 0xfd, 0x47, 0x00, 0xff, 0x01, 0x20, 0x40, 0x22, 0x24,
  0x35, 0x34, 0x44, 0x33, 0x22, 0x03, 0x20, 0xff, 0x47, 0x00, 0x0e, 0xed,
  0xce, 0xde, 0xdc, 0xdd, 0xcd, 0xde, 0xed, 0xed, 0xef, 0xfe, 0x0f, 0xf1,
  0x47, 0x00, 0x21, 0x30, 0x33, 0x33, 0x45, 0x54, 0x36, 0x54, 0x43, 0x32,
  0x11, 0xf1, 0xfe, 0xec, 0x47, 0x00, 0xdb, 0xaa, 0xad, 0xcb, 0xda, 0xea,
  0xde, 0x0e, 0x0f, 0x21, 0x21, 0x42, 0x32, 0x33, 0x48, 0x00, 0x66, 0x45,
  0x36, 0x45, 0x42, 0x22, 0x13, 0xf3, 0xf3, 0xf2, 0x1f, 0xfd, 0xee, 0xeb,
  0x48, 0x00, 0xcb, 0xab, 0xac, 0xba, 0xba, 0xbc, 0xfb, 0xfc, 0x2d, 0x2f,
  0x30, 0x33, 0x63, 0x52, 0x48, 0x00, 0x54, 0x63, 0x53, 0x43, 0x34, 0x34,
  0x22, 0x24, 0x21, 0x12, 0x1f, 0xff, 0xee, 0xdc, 0x47, 0x00, 0xdd, 0xde,
  0xeb, 0xcb, 0xbd, 0xcd, 0xde, 0xdf, 0xf0, 0xf2, 0x23, 0x33, 0x35, 0x45,
  0x47, 0x00, 0x37, 0x45, 0x54, 0x23, 0x23, 0x20, 0xff, 0xd0, 0xdf, 0xdd,
  0xcd, 0xbd, 0xce, 0xdd, 0x47, 0x00, 0xec, 0xed, 0xfe, 0x0d, 0xff, 0x00,
  0x01, 0x12, 0x31, 0x31, 0x33, 0x32, 0x34, 0x42, 0x48, 0x00, 0x45, 0x37,
  0x34, 0x12, 0xf1, 0xd0, 0xdd, 0xcc, 0xab, 0xac, 0xca, 0xbb, 0xdb, 0xec,
  0x48, 0x00, 0xfc, 0x1d, 0x1d, 0x1e, 0x1f, 0x01, 0x10, 0x12, 0x11, 0x22,
  0x32, 0x23, 0x45, 0x54, 0x47, 0x00, 0x23, 0x32, 0x13, 0x33, 0x20, 0x01,
  0x00, 0xdf, 0xd0, 0xfc, 0xbc, 0xce, 0xdb, 0xeb, 0x47, 0x00, 0xec, 0xfc,
  0xfe, 0xff, 0xe3, 0x32, 0x21, 0x24, 0x33, 0x44, 0x33, 0x24, 0x34, 0x32,
  0x47, 0x00, 0x22, 0x11, 0x11, 0xff, 0xf0, 0xee, 0xfc, 0xcd, 0xdc, 0xad,
  0xde, 0xfa, 0xdc, 0xee, 0x47, 0x00, 0xef, 0xf1, 0x02, 0x13, 0x33, 0x52,
  0x43, 0x33, 0x25, 0x33, 0x22, 0x31, 0x00, 0xf1, 0x48, 0x00, 0xe1, 0xfe,
  0xec, 0xdc, 0xdd, 0xdc, 0xdc, 0xce, 0xec, 0xec, 0xec, 0xec, 0xec, 0xde,
  0x48, 0x00, 0xee, 0xd1, 0x10, 0x30, 0x40, 0x52, 0x53, 0x64, 0x55, 0x66,
  0x55, 0x54, 0x34, 0x42, 0x48, 0x00, 0x1f, 0xf1, 0xee, 0xed, 0xcb, 0xcb,
  0xba, 0xab, 0xc9, 0xba, 0xca, 0xbb, 0xde, 0x0c, 0x47, 0x00, 0xff, 0x02,
  0x01, 0x14, 0x42, 0x23, 0x35, 0x44, 0x62, 0x41, 0x33, 0x40, 0x1f, 0x00,
  0x47, 0x00, 0xee, 0xfe, 0xdb, 0xcd, 0xcc, 0xdc, 0xbd, 0xed, 0xfd, 0xee,
  0xe1, 0x01, 0x12, 0x21, 0x48, 0x00, 0x53, 0x46, 0x55, 0x55, 0x54, 0x44,
  0x15, 0x25, 0x32, 0x20, 0x10, 0x0f, 0xff, 0xed, 0x28, 0x00, 0xef, 0xdf,
  0xf1, 0x0e, 0x1e, 0x0e, 0x0f, 0xf0, 0x02, 0x21, 0x21, 0x32, 0x34, 0x43,
  0x48, 0x00, 0x33, 0x23, 0x53, 0x52, 0x52, 0x43, 0x33, 0x43, 0x32, 0x22,
  0x12, 0x01, 0x1f, 0x0d, 0x47, 0x00, 0xfe, 0xdf, 0xde, 0xde, 0xce, 0xed,
  0xec, 0xed, 0xee, 0x0e, 0xf0, 0x01, 0x22, 0x41, 0x47, 0x00, 0x22, 0x25,
  0x34, 0x34, 0x33, 0x32, 0x12, 0x02, 0x01, 0x0f, 0xfe, 0xfd, 0xce, 0xbf,
  0x47, 0x00, 0xde, 0xce, 0xed, 0xde, 0xee, 0xef, 0xff, 0xf1, 0x10, 0x02,
  0x22, 0x12, 0x33, 0x13, 0x28, 0x00, 0x13, 0x1f, 0xee, 0xcf, 0xbd, 0xbd,
  0xca, 0xbb, 0xaa, 0xad, 0xdc, 0xeb, 0xee, 0x1e, 0x29, 0x00, 0x2e, 0x41,
  0x53, 0x45, 0x66, 0x64, 0x45, 0x35, 0x35, 0x23, 0x24, 0x34, 0x23, 0x54,
  0x48, 0x00, 0x43, 0x44, 0x44, 0x34, 0x34, 0x22, 0x13, 0x01, 0xff, 0xee,
  0xcd, 0xbd, 0xbc, 0xd9, 0x48, 0x00, 0x9a, 0xbc, 0xbb, 0xcd, 0xde, 0x0d,
  0x10, 0x20, 0x42, 0x52, 0x45, 0x75, 0x55, 0x66, 0x48, 0x00, 0x55, 0x46,
  0x43, 0x33, 0x20, 0x00, 0xed, 0xa0, 0xdc, 0xab, 0xba, 0xaa, 0xab, 0xca,
  0x48, 0x00, 0xcb, 0xfc, 0xed, 0x00, 0x20, 0x32, 0x52, 0x53, 0x54, 0x45,
  0x55, 0x54, 0x52, 0x42, 0x48, 0x00, 0x12, 0x12, 0x00, 0xf0, 0x0e, 0xed,
  0xce, 0xcf, 0xcd, 0xed, 0xcc, 0xec, 0xbe, 0xee, 0x29, 0x00, 0x22, 0x23,
  0x33, 0x53, 0x52, 0x44, 0x65, 0x55, 0x56, 0x46, 0x47, 0x54, 0x52, 0x20,
  0x48, 0x00, 0x32, 0x22, 0x01, 0x01, 0xe0, 0xff, 0xdd, 0xce, 0xcc, 0xcc,
  0xcb, 0xcb, 0xbc, 0xdd, 0x48, 0x00, 0xec, 0x0e, 0x1d, 0x20, 0x21, 0x43,
  0x53, 0x54, 0x46, 0x65, 0x36, 0x45, 0x53, 0x40, 0x48, 0x00, 0x10, 0x00,
  0xfd, 0xce, 0xbd, 0xae, 0xac, 0xbc, 0xbc, 0xdb, 0xdc, 0xcd, 0xe0, 0xe0,
  0x48, 0x00, 0x02, 0x21, 0x23, 0x33, 0x54, 0x42, 0x55, 0x52, 0x33, 0x24,
  0x23, 0x21, 0x10, 0xff, 0x48, 0x00, 0xe0, 0xee, 0xfd, 0xeb, 0xdd, 0xdc,
  0xed, 0xdc, 0xcf, 0xee, 0xef, 0xff, 0xf0, 0x00, 0x29, 0x00, 0x63, 0x23,
  0x26, 0x24, 0x25, 0x43, 0x33, 0x33, 0x42, 0x11, 0x12, 0x1e, 0xed, 0xcb,
  0x48, 0x00, 0xe0, 0xef, 0xee, 0xdc, 0xcc, 0xdc, 0xda, 0xad, 0xce, 0xbe,
  0xd0, 0xe0, 0x1f, 0x02, 0x48, 0x00, 0x31, 0x32, 0x34, 0x43, 0x45, 0x35,
  0x62, 0x34, 0x42, 0x12, 0xf3, 0x11, 0x0d, 0xde, 0x48, 0x00, 0xfd, 0xca,
  0x9e, 0xbd, 0xbc, 0xdb, 0xcc, 0xde, 0xee, 0x1f, 0x2f, 0x30, 0x22, 0x34,
  0x48, 0x00, 0x44, 0x52, 0x25, 0x54, 0x41, 0x31, 0x03, 0x12, 0x00, 0xf0,
  0xff, 0xef, 0x0d, 0xec, 0x29, 0x00, 0xef, 0x1e, 0xff, 0x03, 0x11, 0x31,
  0x2f, 0x12, 0x32, 0x32, 0x33, 0x55, 0x64, 0x75, 0x48, 0x00, 0x32, 0x24,
  0x15, 0x25, 0x14, 0x33, 0x12, 0x11, 0x20, 0xff, 0xe0, 0xef, 0xde, 0xee,
  0x48, 0x00, 0xed, 0xeb, 0xcd, 0xce, 0xce, 0xcf, 0xee, 0xff, 0x1d, 0x10,
  0x10, 0x23, 0x32, 0x34, 0x48, 0x00, 0x35, 0x54, 0x53, 0x34, 0x33, 0x13,
  0x02, 0xf1, 0xff, 0xde, 0xdd, 0xcc, 0xcd, 0xdb, 0x48, 0x00, 0xcc, 0xcd,
  0xfd, 0xfc, 0xef, 0xe1, 0xf2, 0x02, 0x31, 0x12, 0x23, 0x33, 0x42, 0x51,
  0x28, 0x00, 0x0e, 0xfe, 0x0e, 0xed, 0xef, 0xee, 0xde, 0xcf, 0xcf, 0xde,
  0xdd, 0xde, 0xfd, 0xee, 0x49, 0x00, 0xbb, 0xbb, 0xec, 0xfd, 0x0f, 0x20,
  0x12, 0x52, 0x52, 0x34, 0x35, 0x35, 0x36, 0x34, 0x29, 0x00, 0xef, 0xdf,
  0xce, 0xef, 0x0c, 0xed, 0xed, 0xde, 0xcd, 0xcc, 0xca, 0xaa, 0xab, 0xca,
  0x48, 0x00, 0xec, 0x0b, 0xfc, 0x0d, 0xf0, 0x01, 0x32, 0x21, 0x24, 0x34,
  0x43, 0x23, 0x34, 0x32, 0x49, 0x00, 0x60, 0x31, 0x10, 0xf0, 0xff, 0xde,
  0xfb, 0xcb, 0xcc, 0xda, 0xaa, 0xac, 0xbb, 0xcb, 0x28, 0x00, 0x11, 0x12,
  0x31, 0x30, 0x32, 0x32, 0x23, 0x34, 0x34, 0x51, 0x02, 0x03, 0xf1, 0xe0,
  0x49, 0x00, 0x01, 0xf1, 0xdf, 0xde, 0xbb, 0xcc, 0xbb, 0xac, 0xcd, 0xcc,
  0xde, 0xdd, 0xfe, 0xfe, 0x29, 0x00, 0x35, 0x34, 0x23, 0x11, 0x01, 0x01,
  0x01, 0x12, 0x50, 0x12, 0x25, 0x44, 0x31, 0x02, 0x48, 0x00, 0x02, 0x00,
  0xe0, 0xd0, 0xdf, 0xce, 0xcf, 0xed, 0xdd, 0xfd, 0xfd, 0xef, 0x1f, 0x1e,
  0x49, 0x00, 0x00, 0x22, 0x21, 0x23, 0x33, 0x13, 0x45, 0x52, 0x33, 0x55,
  0x52, 0x33, 0x15, 0x14, 0x48, 0x00, 0x10, 0xf0, 0x1e, 0xfd, 0xec, 0xbe,
  0xbf, 0xdd, 0xcd, 0xcf, 0xef, 0xff, 0x00, 0x11, 0x49, 0x00, 0x51, 0x34,
  0x56, 0x64, 0x35, 0x45, 0x34, 0x43, 0x30, 0xf2, 0x03, 0x3e, 0xd0, 0xe2,
  0x29, 0x00, 0xee, 0x0e, 0xf1, 0x20, 0x1f, 0xe0, 0xf1, 0xfd, 0xee, 0xdf,
  0x1e, 0x0f, 0x33, 0x52, 0x49, 0x00, 0x52, 0x43, 0x46, 0x57, 0x55, 0x55,
  0x44, 0x23, 0x21, 0xe1, 0xe1, 0xdf, 0xef, 0xfc, 0x49, 0x00, 0xdd, 0xfd,
  0xec, 0xee, 0x0c, 0xcd, 0xde, 0xde, 0xed, 0xcd, 0xff, 0x0c, 0x00, 0x10,
  0x49, 0x00, 0x41, 0x33, 0x55, 0x64, 0x65, 0x46, 0x46, 0x34, 0x22, 0x00,
  0xe0, 0xdd, 0xbd, 0xad, 0x49, 0x00, 0x9d, 0xbd, 0xeb, 0xeb, 0xec, 0xef,
  0xff, 0xff, 0x01, 0x1f, 0x10, 0xf1, 0x02, 0x22, 0x49, 0x00, 0x20, 0x43,
  0x41, 0x33, 0x45, 0x34, 0x35, 0x33, 0x02, 0x02, 0xef, 0xfd, 0xda, 0xbb,
  0x48, 0x00, 0xdd, 0xde, 0xde, 0xee, 0xef, 0xf0, 0xf1, 0x01, 0x12, 0x11,
  0x22, 0x11, 0x21, 0x11, 0x49, 0x00, 0x11, 0xf3, 0x22, 0x10, 0x02, 0x22,
  0x11, 0x02, 0x21, 0x2f, 0xff, 0xff, 0xed, 0xdc, 0x49, 0x00, 0xcc, 0xac,
  0xbc, 0xcd, 0xdc, 0xee, 0xe1, 0x11, 0x42, 0x42, 0x34, 0x54, 0x44, 0x33,
  0x4a, 0x00, 0x46, 0x24, 0x22, 0x3d, 0xef, 0xef, 0x1d, 0xee, 0x0e, 0xe0,
  0xdf, 0xf0, 0x0b, 0xdb, 0x49, 0x00, 0xed, 0xcd, 0xce, 0xeb, 0xdd, 0xdd,
  0xd1, 0x2f, 0xf3, 0x24, 0x36, 0x55, 0x46, 0x64, 0x49, 0x00, 0x53, 0x42,
  0xf2, 0xf2, 0xff, 0xde, 0xbe, 0xed, 0xdb, 0xce, 0xde, 0xef, 0x0e, 0xef,
  0x49, 0x00, 0xf1, 0x2e, 0x1d, 0x0e, 0xf0, 0x0e, 0xf0, 0x10, 0x01, 0x41,
  0x12, 0x54, 0x52, 0x52, 0x49, 0x00, 0x44, 0x23, 0x12, 0xe2, 0xe1, 0xde,
  0xec, 0xac, 0xbc, 0xbe, 0xdc, 0xbe, 0xe1, 0x1f, 0x4a, 0x00, 0x2e, 0x15,
  0x61, 0x32, 0x14, 0x33, 0x1f, 0x02, 0x1e, 0xf1, 0xe3, 0x24, 0x42, 0x64,
  0x49, 0x00, 0x41, 0x31, 0x23, 0x02, 0x02, 0x0f, 0xed, 0xcf, 0xcc, 0xea,
  0xca, 0xdb, 0xcd, 0x0e, 0x49, 0x00, 0x0e, 0x00, 0x14, 0x41, 0x43, 0x32,
  0x15, 0x31, 0x03, 0x02, 0x11, 0x1f, 0x0f, 0xe2, 0x29, 0x00, 0xae, 0xef,
  0x0f, 0x30, 0x21, 0x32, 0x21, 0x2f, 0xef, 0xee, 0xbd, 0xbe, 0xec, 0xec,
  0x49, 0x00, 0x0f, 0x00, 0x31, 0x33, 0x43, 0x36, 0x54, 0x34, 0x33, 0x01,
  0x22, 0x1c, 0xde, 0xdf, 0x49, 0x00, 0xee, 0xed, 0xee, 0xe0, 0x0f, 0xf1,
  0x10, 0x10, 0x0f, 0x0f, 0xff, 0xee, 0xc0, 0xef, 0x49, 0x00, 0xfe, 0x0e,
  0x0f, 0x20, 0x21, 0x33, 0x23, 0x25, 0x25, 0x42, 0x30, 0x00, 0xe1, 0xdf,
  0x4a, 0x00, 0x90, 0xba, 0xbb, 0xc9, 0xdd, 0x0c, 0xee, 0x11, 0x2e, 0xf1,
  0x04, 0xef, 0x10, 0xfb, 0x49, 0x00, 0xd0, 0xf0, 0x0e, 0x00, 0x20, 0x31,
  0x31, 0x33, 0x52, 0x24, 0x33, 0x12, 0x20, 0xfe, 0x49, 0x00, 0xde, 0xdd,
  0xcc, 0xbc, 0xeb, 0xdc, 0xde, 0xd1, 0x20, 0x20, 0x41, 0x40, 0x31, 0x13,
  0x4a, 0x00, 0x24, 0x23, 0x1f, 0xf0, 0x0e, 0xff, 0xfe, 0x11, 0x11, 0x12,
  0x23, 0x61, 0x3e, 0xf2, 0x4a, 0x00, 0x2e, 0xdc, 0xcc, 0xab, 0xaa, 0xcb,
  0xc9, 0xdd, 0x1e, 0x3e, 0x32, 0x73, 0x64, 0x44, 0x4a, 0x00, 0x75, 0x50,
  0xf2, 0x02, 0x1d, 0x0b, 0xdc, 0x0c, 0xed, 0x0f, 0x01, 0x22, 0x51, 0x21,
  0x49, 0x00, 0x12, 0x10, 0x0f, 0xef, 0xdf, 0xed, 0xdd, 0xdd, 0xed, 0xef,
  0x0f, 0x11, 0x21, 0x34, 0x49, 0x00, 0x42, 0x34, 0x52, 0x32, 0x30, 0x2f,
  0xee, 0xf0, 0xed, 0xed, 0xee, 0xde, 0x0f, 0xef, 0x4a, 0x00, 0x11, 0x2f,
  0x31, 0x3d, 0xe1, 0x00, 0x0e, 0xee, 0xfd, 0x1b, 0xee, 0xf0, 0x22, 0x52,
  0x49, 0x00, 0x40, 0x22, 0x42, 0x21, 0x13, 0x01, 0x1f, 0xfe, 0xce, 0xc0,
  0xec, 0xdd, 0xcf, 0xf0, 0x4a, 0x00, 0x1d, 0x20, 0x22, 0x44, 0x25, 0x44,
  0x22, 0x11, 0xe1, 0x1c, 0xfa, 0xbd, 0xdd, 0xff, 0x49, 0x00, 0x0f, 0x10,
  0x02, 0x14, 0x51, 0x21, 0x13, 0x31, 0x0f, 0x0f, 0xfe, 0xfd, 0xdc, 0xde,
  0x49, 0x00, 0xce, 0xe0, 0x0e, 0xf0, 0x12, 0x20, 0x12, 0x32, 0x10, 0x02,
  0x11, 0x0f, 0x0f, 0xef, 0x49, 0x00, 0x10, 0x0d, 0x10, 0xe1, 0x12, 0x21,
  0x20, 0x02, 0x10, 0xe1, 0xf0, 0xfe, 0xce, 0xee, 0x4a, 0x00, 0xca, 0xea,
  0xcb, 0xf0, 0x02, 0x42, 0x54, 0x74, 0x64, 0x54, 0x15, 0x33, 0x0d, 0xee,
  0x4a, 0x00, 0xae, 0xbe, 0xea, 0xbb, 0xde, 0xe1, 0x4f, 0x3f, 0x23, 0x35,
  0x22, 0x05, 0x03, 0xff, 0x4a, 0x00, 0xce, 0x1d, 0xc9, 0xcd, 0xfb, 0x1c,
  0xfe, 0x22, 0x21, 0x34, 0x34, 0x25, 0x43, 0x20, 0x4a, 0x00, 0xf1, 0x0f,
  0xfc, 0xdd, 0xec, 0xee, 0xed, 0xe1, 0x21, 0x11, 0x13, 0x13, 0x12, 0x01,
  0x4a, 0x00, 0xd1, 0xe0, 0x0b, 0xda, 0xbd, 0xdf, 0xfd, 0x2e, 0x4f, 0x40,
  0x36, 0x44, 0x57, 0x53, 0x49, 0x00, 0x20, 0xf1, 0xe1, 0xef, 0xfe, 0xdc,
  0xbf, 0xd0, 0x1d, 0xfe, 0x01, 0x20, 0x21, 0x22, 0x4a, 0x00, 0x25, 0x14,
  0x24, 0xe1, 0x20, 0x0a, 0xdc, 0xdd, 0x0b, 0xce, 0x00, 0x2e, 0x12, 0x22,
  0x4a, 0x00, 0x33, 0x41, 0xf3, 0x12, 0x0e, 0xc1, 0xcf, 0xfd, 0xdb, 0xef,
  0x1d, 0x1d, 0xf1, 0x04, 0x4a, 0x00, 0x33, 0x13, 0x14, 0x21, 0x00, 0x2d,
  0xfc, 0xfb, 0xbd, 0xee, 0xfc, 0xf0, 0x1f, 0x50, 0x4a, 0x00, 0x22, 0x45,
  0x53, 0x41, 0x31, 0x10, 0xff, 0xdc, 0xcd, 0xbb, 0xbc, 0xeb, 0xcd, 0x00,
  0x4a, 0x00, 0x2d, 0x04, 0x63, 0x23, 0x27, 0x43, 0x23, 0x3f, 0x0d, 0xc0,
  0xdd, 0xaf, 0xfd, 0xcd, 0x4a, 0x00, 0x0e, 0xe0, 0xe3, 0x04, 0x42, 0x22,
  0x22, 0x3e, 0xc3, 0xf0, 0xdf, 0xb0, 0xfe, 0x0c, 0x4a, 0x00, 0x1c, 0xef,
  0xf2, 0x04, 0x13, 0x05, 0x22, 0x13, 0x10, 0x0f, 0xcf, 0xff, 0xdc, 0xef,
  0x4a, 0x00, 0xdd, 0xd2, 0x20, 0x20, 0x33, 0x42, 0x23, 0x33, 0x22, 0xd2,
  0x01, 0xdd, 0xcc, 0xdc, 0x4a, 0x00, 0xdb, 0xbb, 0xc0, 0x0e, 0x11, 0x40,
  0x42, 0x53, 0x53, 0x43, 0x13, 0xf3, 0x01, 0xee, 0x4a, 0x00, 0xfe, 0xcb,
  0xde, 0xdc, 0xef, 0xef, 0x01, 0x11, 0x12, 0x60, 0xf1, 0x21, 0x01, 0x1e,
  0x4a, 0x00, 0xdf, 0xef, 0xfd, 0xee, 0x1e, 0x0d, 0x02, 0x30, 0x12, 0x33,
  0x21, 0x02, 0x13, 0x2d, 0x4a, 0x00, 0xef, 0xee, 0xed, 0xce, 0xd0, 0x1c,
  0xe0, 0x10, 0x13, 0x21, 0x23, 0x03, 0x13, 0x2f, 0x4a, 0x00, 0x0e, 0xa0,
  0xc0, 0xec, 0xec, 0xec, 0xee, 0x0f, 0xf3, 0x33, 0x33, 0x43, 0x54, 0x33,
  0x4a, 0x00, 0x23, 0xf1, 0xe2, 0x0e, 0xbd, 0xbd, 0xce, 0xbc, 0xfe, 0xfd,
  0x0f, 0x0f, 0x13, 0xf3, 0x4b, 0x00, 0x57, 0x31, 0x34, 0x11, 0x1f, 0x1d,
  0xbe, 0xe0, 0xc3, 0x10, 0x3f, 0x02, 0x35, 0x02, 0x4a, 0x00, 0x03, 0xe3,
  0xf2, 0x1e, 0xfc, 0xcf, 0xed, 0xcd, 0xde, 0xb2, 0x3f, 0x1d, 0x22, 0x02,
  0x4a, 0x00, 0x06, 0x51, 0x22, 0x30, 0xf0, 0x0f, 0xde, 0xe0, 0xfb, 0xde,
  0xd0, 0xf0, 0x10, 0x02, 0x4a, 0x00, 0x14, 0x13, 0x24, 0x23, 0x10, 0xe3,
  0xff, 0xed, 0xce, 0xdc, 0xcd, 0xae, 0xdf, 0x0f, 0x4a, 0x00, 0x0f, 0x22,
  0x11, 0x15, 0x15, 0x24, 0x22, 0x13, 0x3e, 0xe0, 0xe1, 0x2e, 0xec, 0xd2,
  0x4a, 0x00, 0xff, 0x00, 0x3d, 0x0e, 0x2f, 0xfe, 0x00, 0x0d, 0xfe, 0xdd,
  0xc2, 0x0e, 0x1d, 0x2d, 0x4a, 0x00, 0xf1, 0x31, 0x31, 0x14, 0x14, 0x34,
  0x22, 0x30, 0x2e, 0xdf, 0xdf, 0xed, 0xed, 0xeb, 0x4a, 0x00, 0xdd, 0xfe,
  0x0e, 0x2e, 0x11, 0x31, 0x30, 0x02, 0x13, 0x11, 0x1f, 0xee, 0xe0, 0xff,
  0x4a, 0x00, 0xec, 0xd1, 0x3d, 0x0d, 0x10, 0x13, 0x41, 0x31, 0x13, 0x04,
  0x13, 0x10, 0x1f, 0xff, 0x4a, 0x00, 0x1d, 0xdb, 0xdf, 0xa1, 0xff, 0x0d,
  0xff, 0xf0, 0x10, 0x00, 0x00, 0x02, 0x2d, 0x21, 0x4a, 0x00, 0x1d, 0x11,
  0x2f, 0x20, 0x2f, 0xd5, 0x23, 0x02, 0x14, 0x20, 0x2f, 0xff, 0xcf, 0xd0,
  0x4a, 0x00, 0xec, 0xea, 0xad, 0xee, 0x19, 0xed, 0xf1, 0x20, 0x21, 0x33,
  0x14, 0x25, 0x34, 0x42, 0x4b, 0x00, 0x5f, 0xe1, 0xd1, 0xb2, 0x1b, 0xb9,
  0xec, 0xbc, 0xd0, 0xdf, 0x11, 0x0f, 0x22, 0x3e, 0x4a, 0x00, 0x00, 0x10,
  0xef, 0xf1, 0x0e, 0xee, 0x0f, 0xef, 0x1f, 0x00, 0xf0, 0xd4, 0x13, 0x31,
  0x4b, 0x00, 0x5e, 0x21, 0x20, 0x32, 0xdf, 0xa6, 0xe2, 0xe2, 0xf1, 0x7a,
  0x92, 0xf2, 0x00, 0x1f, 0x4a, 0x00, 0xee, 0xf0, 0xde, 0xd0, 0xfd, 0xde,
  0x0d, 0x1c, 0xff, 0x10, 0x11, 0x23, 0x33, 0x34, 0x4a, 0x00, 0x34, 0x24,
  0x14, 0x13, 0x11, 0x1d, 0xdf, 0xdd, 0x9f, 0xce, 0xdc, 0xdd, 0x0c, 0xfc,
  0x4b, 0x00, 0x00, 0x3d, 0xe3, 0x25, 0x35, 0x53, 0x34, 0x22, 0xe6, 0x26,
  0x5b, 0xc3, 0xd5, 0x11, 0x4b, 0x00, 0x6d, 0xdd, 0x5f, 0xeb, 0xb3, 0xef,
  0x92, 0x1e, 0xfa, 0xed, 0xcf, 0x1c, 0xee, 0xb4, 0x4b, 0x00, 0x41, 0xf0,
  0x11, 0x43, 0x2c, 0x02, 0xf0, 0xe1, 0x20, 0xfb, 0xc1, 0x1f, 0x1e, 0x02,
  0x4a, 0x00, 0x3f, 0x10, 0xf3, 0x23, 0x21, 0x11, 0x00, 0xe2, 0xef, 0xd1,
  0xdd, 0xcf, 0xec, 0xcc, 0x4a, 0x00, 0xef, 0xed, 0xff, 0xf0, 0x12, 0x21,
  0x33, 0x60, 0x23, 0x43, 0x41, 0x21, 0x12, 0x3f, 0x4a, 0x00, 0x0e, 0xfe,
  0xef, 0xcf, 0xb0, 0xee, 0xec, 0xee, 0xde, 0xfe, 0xfe, 0xe0, 0x00, 0xf0,
  0x4a, 0x00, 0x31, 0x4e, 0x21, 0x31, 0x03, 0x23, 0x23, 0x30, 0xf2, 0x11,
  0x10, 0xfe, 0xd0, 0x1d, 0x4a, 0x00, 0xdd, 0xef, 0x0d, 0xde, 0x1f, 0xef,
  0x10, 0x01, 0x01, 0x11, 0x12, 0x3f, 0x2f, 0x3d, 0x4a, 0x00, 0x0e, 0xef,
  0xd2, 0x1f, 0x0e, 0x0f, 0xf0, 0x00, 0xf3, 0x6f, 0x1f, 0x03, 0x23, 0x3f,
  0x4a, 0x00, 0x10, 0x00, 0xd1, 0x1f, 0xed, 0xfd, 0xbf, 0xcf, 0xde, 0x0e,
  0xec, 0xe0, 0x1f, 0x2e, 0x4a, 0x00, 0x2f, 0x30, 0x21, 0x12, 0x23, 0x25,
  0x21, 0x23, 0x41, 0x00, 0x02, 0x10, 0x1c, 0xee, 0x4a, 0x00, 0xee, 0xdc,
  0xed, 0xdb, 0xee, 0x09, 0xbf, 0xe1, 0x2f, 0x1f, 0x40, 0x20, 0x13, 0x06,
  0x4a, 0x00, 0x34, 0x33, 0x21, 0x41, 0x2d, 0xe1, 0xe1, 0xff, 0xee, 0xfe,
  0xed, 0xdf, 0xef, 0xc2, 0x4b, 0x00, 0x0e, 0x00, 0xef, 0x03, 0x4e, 0xe0,
  0x21, 0x32, 0xfa, 0xe6, 0xfd, 0xe0, 0x01, 0xe0, 0x4a, 0x00, 0xd0, 0x13,
  0xff, 0x22, 0x4d, 0x01, 0x3f, 0xf2, 0x03, 0xe2, 0x03, 0x1f, 0x1f, 0x0f,
  0x4a, 0x00, 0x3c, 0x0b, 0xee, 0xbf, 0xe0, 0xec, 0xef, 0x1c, 0x0d, 0x0f,
  0x10, 0x10, 0x12, 0x33, 0x4a, 0x00, 0x41, 0x33, 0x33, 0x13, 0x04, 0x23,
  0xf1, 0xf1, 0xef, 0xee, 0xee, 0xfa, 0xea, 0xbd, 0x4a, 0x00, 0xdd, 0xce,
  0xff, 0xfe, 0x2e, 0x11, 0x11, 0x13, 0x43, 0x22, 0x14, 0x23, 0x23, 0x3f,
  0x4a, 0x00, 0x01, 0x2f, 0xef, 0xe0, 0xdf, 0xef, 0xfd, 0xfe, 0xee, 0xd0,
  0xf0, 0xfe, 0x02, 0x1e, 0x4b, 0x00, 0x11, 0xd1, 0xd5, 0xd7, 0x7f, 0xfc,
  0xe4, 0xf2, 0xd1, 0x21, 0x3b, 0xbf, 0x16, 0x0e, 0x4b, 0x00, 0x3f, 0xe3,
  0x31, 0x00, 0x62, 0x00, 0x12, 0x3f, 0xf0, 0xff, 0xde, 0x90, 0xc0, 0xba,
  0x4a, 0x00, 0x0d, 0xec, 0xfd, 0xfd, 0xef, 0xf0, 0x00, 0x02, 0x31, 0x41,
  0x31, 0x34, 0x33, 0x03, 0x4a, 0x00, 0x25, 0x50, 0x1d, 0x00, 0xc0, 0xef,
  0xdd, 0xcd, 0xeb, 0xbe, 0xee, 0xeb, 0x0e, 0xdf, 0x4a, 0x00, 0x21, 0x2f,
  0x11, 0x24, 0x41, 0x04, 0x44, 0x13, 0x31, 0x22, 0x20, 0x2e, 0x0f, 0xef,
  0x4b, 0x00, 0xce, 0x90, 0xce, 0xda, 0xda, 0xec, 0xde, 0x0a, 0xcf, 0xa6,
  0xf2, 0x42, 0x0d, 0x23, 0x4b, 0x00, 0x6e, 0x2f, 0xd2, 0x24, 0x0d, 0x20,
  0xe0, 0x1f, 0xd0, 0xd4, 0x2f, 0x5e, 0xf0, 0xf4, 0x4a, 0x00, 0x01, 0x03,
  0x2f, 0xd2, 0x02, 0x00, 0x1d, 0xfe, 0x0c, 0xcf, 0xfd, 0xed, 0xed, 0xef,
  0x4a, 0x00, 0x0e, 0x0f, 0x10, 0x40, 0x10, 0x15, 0x33, 0x34, 0x51, 0x41,
  0x02, 0x12, 0xe3, 0x0f, 0x4a, 0x00, 0xff, 0x0c, 0xdc, 0xdd, 0xce, 0xcc,
  0xde, 0xee, 0xed, 0x1f, 0xee, 0x03, 0x01, 0x24, 0x4a, 0x00, 0x41, 0x50,
  0x22, 0x15, 0x04, 0xf5, 0x03, 0x02, 0x00, 0xef, 0xf1, 0xfb, 0xdf, 0xee,
  0x4a, 0x00, 0xcd, 0xe0, 0xed, 0xd1, 0x2e, 0x2e, 0x2e, 0x00, 0xe3, 0x23,
  0x4e, 0x00, 0x01, 0xf1, 0x4b, 0x00, 0x02, 0xe0, 0x00, 0xc1, 0xd2, 0x40,
  0x2c, 0x01, 0xe4, 0x33, 0x11, 0x13, 0x3f, 0xf1, 0x4a, 0x00, 0xf1, 0x1e,
  0xff, 0xee, 0xee, 0xee, 0xbf, 0xd1, 0xfd, 0x1d, 0xd0, 0x01, 0x00, 0x12,
  0x4a, 0x00, 0x21, 0x51, 0x30, 0x41, 0x14, 0x22, 0x22, 0x11, 0xf2, 0x01,
  0x1d, 0xfd, 0xfe, 0xcc, 0x4a, 0x00, 0xce, 0x0c, 0xda, 0xee, 0x0b, 0xfd,
  0x2e, 0x0f, 0x21, 0xf2, 0x16, 0x33, 0x15, 0x62, 0x4a, 0x00, 0x12, 0x23,
  0x02, 0xe1, 0x21, 0x1c, 0xdd, 0xfe, 0xec, 0xee, 0xed, 0xee, 0xee, 0xf0,
  0x4b, 0x00, 0xd1, 0xff, 0x02, 0xe2, 0xf5, 0x32, 0x4d, 0xf4, 0x30, 0x0e,
  0x14, 0xd1, 0xf4, 0x4f, 0x4b, 0x00, 0xff, 0x30, 0x1e, 0xe3, 0x30, 0x0f,
  0x00, 0xc3, 0x22, 0x0c, 0x0f, 0xde, 0xf1, 0xe9, 0x4a, 0x00, 0xc2, 0x0e,
  0xbf, 0xf1, 0x1d, 0x1c, 0xef, 0x2f, 0x0f, 0x02, 0x21, 0x12, 0x15, 0x32,
  0x4a, 0x00, 0x24, 0x23, 0x32, 0x31, 0x3e, 0x2e, 0x0e, 0xed, 0xed, 0xcd,
  0xdd, 0xeb, 0xeb, 0xdd, 0x4a, 0x00, 0xcf, 0xff, 0x2f, 0x3e, 0x21, 0x30,
  0x33, 0x42, 0x41, 0x14, 0x04, 0x14, 0x21, 0x01, 0x4b, 0x00, 0x0e, 0x1e,
  0xec, 0xbc, 0xbe, 0x9c, 0xbd, 0xfc, 0x9a, 0x91, 0xb0, 0x2f, 0xfc, 0x01,
  0x4b, 0x00, 0x30, 0x13, 0x50, 0x13, 0x13, 0x33, 0x03, 0x04, 0x11, 0x40,
  0x2c, 0xf1, 0xff, 0xd2, 0x4b, 0x00, 0x11, 0xdf, 0x52, 0x39, 0xe0, 0x02,
  0x2e, 0x0d, 0xdf, 0xd0, 0xbd, 0x91, 0xcd, 0x80, 0x4a, 0x00, 0xe0, 0x1d,
  0xef, 0x3f, 0x2d, 0x11, 0x13, 0x6f, 0x41, 0x31, 0x13, 0x33, 0xf2, 0x13,
  0x4a, 0x00, 0x1f, 0x1f, 0x0d, 0xee, 0xed, 0xde, 0xfb, 0xdd, 0xcd, 0xc0,
  0xee, 0x0f, 0x1d, 0xf1, 0x4a, 0x00, 0x10, 0x23, 0x40, 0xf3, 0x25, 0x43,
  0x03, 0x33, 0x40, 0xe1, 0xf4, 0x0f, 0x0f, 0xfd, 0x4a, 0x00, 0xcd, 0xc1,
  0xed, 0xed, 0xde, 0xfe, 0xfe, 0x1e, 0xff, 0xf3, 0x2f, 0x11, 0x11, 0x12,
  0x4b, 0x00, 0x33, 0x6c, 0xd4, 0xf4, 0x10, 0x03, 0x3e, 0x00, 0x10, 0x20,
  0xee, 0xf5, 0x10, 0xf0, 0x4b, 0x00, 0x01, 0x2c, 0xdf, 0xd0, 0xed, 0xce,
  0xcc, 0xfe, 0xda, 0xdf, 0x1b, 0xef, 0x3e, 0xff, 0x4a, 0x00, 0x30, 0x10,
  0x21, 0x12, 0x32, 0x21, 0x22, 0x31, 0x21, 0x20, 0x00, 0xc2, 0xf2, 0xfe,
  0x4a, 0x00, 0x1c, 0xdd, 0xdd, 0x0b, 0xdc, 0xed, 0xbe, 0xd2, 0x0f, 0xff,
  0x22, 0x20, 0x32, 0x23, 0x4a, 0x00, 0x33, 0x23, 0x43, 0x5f, 0x01, 0x21,
  0xf1, 0x0e, 0xff, 0xde, 0xef, 0xfd, 0xfb, 0xdf, 0x4a, 0x00, 0xed, 0xe0,
  0x0d, 0xe0, 0xff, 0xf2, 0x2f, 0x00, 0x20, 0x11, 0x30, 0x00, 0x03, 0x12,
  0x4b, 0x00, 0x21, 0x33, 0x6f, 0x4c, 0x02, 0xe1, 0xf1, 0x21, 0x3b, 0xcf,
  0xe0, 0xc0, 0xf0, 0xde, 0x4b, 0x00, 0xdf, 0xfe, 0xa0, 0x5b, 0xda, 0xe0,
  0x0c, 0xef, 0x0f, 0xc2, 0x40, 0x3f, 0x51, 0x6f, 0x4a, 0x00, 0x22, 0x13,
  0x03, 0x33, 0xe2, 0x15, 0x2d, 0xf0, 0xf0, 0xfe, 0xdc, 0xa2, 0xed, 0xdc,
  0x4a, 0x00, 0xee, 0xed, 0xcf, 0xc1, 0xf2, 0x10, 0x3f, 0x6e, 0x2f, 0x24,
  0x21, 0xf5, 0x25, 0x21, 0x4a, 0x00, 0x31, 0x2f, 0x21, 0x0d, 0x01, 0xdf,
  0xff, 0xbf, 0xe0, 0xfd, 0x0b, 0xbe, 0xe1, 0xfe, 0x4b, 0x00, 0x0d, 0x1c,
  0xc3, 0x21, 0x23, 0x31, 0x43, 0x31, 0x34, 0x32, 0x51, 0x3e, 0xe2, 0x13,
  0x2b, 0x00, 0xdc, 0xfb, 0xdf, 0xd0, 0xe0, 0x03, 0xd2, 0x42, 0x1c, 0xf0,
  0xe0, 0xef, 0xec, 0xaf, 0x4b, 0x00, 0x0f, 0xeb, 0xfd, 0xfe, 0x01, 0x4f,
  0x2f, 0xe6, 0x25, 0x35, 0x36, 0x43, 0x53, 0x32, 0x4b, 0x00, 0xe4, 0x23,
  0xd1, 0xf1, 0xff, 0x0a, 0xac, 0xbe, 0xcb, 0x9d, 0xbd, 0xcc, 0xeb, 0xfc,
  0x4a, 0x00, 0x0e, 0x0f, 0xf1, 0x02, 0x22, 0x21, 0x22, 0x33, 0x21, 0x33,
  0x21, 0xf2, 0x02, 0x10, 0x4a, 0x00, 0xe0, 0xff, 0x2c, 0xec, 0xfd, 0xec,
  0xb0, 0xef, 0xdf, 0x0f, 0xff, 0xf0, 0x10, 0x00, 0x4b, 0x00, 0xf4, 0x24,
  0x20, 0x13, 0x24, 0x50, 0x20, 0x13, 0x23, 0x02, 0x21, 0x5f, 0xe0, 0xe0,
  0x2b, 0x00, 0x03, 0xee, 0x0f, 0x0b, 0xbf, 0xfe, 0xdb, 0xee, 0xcf, 0xff,
  0x1e, 0x10, 0x02, 0x43, 0x4b, 0x00, 0x0f, 0x02, 0x12, 0x62, 0x0e, 0x27,
  0x13, 0x15, 0x23, 0x72, 0x00, 0x03, 0x01, 0xf2, 0x4b, 0x00, 0xfd, 0x1d,
  0x19, 0x99, 0x9f, 0xac, 0x9c, 0xbd, 0xec, 0x39, 0x18, 0xc1, 0xd6, 0xc7,
  0x4a, 0x00, 0x05, 0x41, 0x50, 0x21, 0x23, 0x11, 0x04, 0x30, 0xff, 0xf3,
  0x0f, 0xff, 0x1e, 0xfd, 0x2b, 0x00, 0xfb, 0xde, 0x01, 0x30, 0x20, 0x03,
  0x25, 0x63, 0x5f, 0x30, 0x34, 0x04, 0x52, 0x31, 0x2b, 0x00, 0x30, 0x21,
  0xd3, 0xe3, 0xe4, 0x0e, 0xdf, 0xcd, 0xef, 0xd9, 0xbe, 0xec, 0xea, 0xa1,
  0x4b, 0x00, 0xdd, 0xb0, 0xfe, 0xeb, 0xcf, 0xff, 0xfc, 0xfe, 0xee, 0x00,
  0xf0, 0xf1, 0xf4, 0x04, 0x4a, 0x00, 0x50, 0x2f, 0x22, 0x41, 0x11, 0xf3,
  0x13, 0x00, 0xf1, 0x10, 0xde, 0xe1, 0x1b, 0xce, 0x4b, 0x00, 0xcd, 0x9c,
  0xfc, 0xeb, 0x0c, 0x0a, 0xd1, 0xe2, 0x12, 0x11, 0x73, 0x2e, 0x15, 0x65,
  0x4a, 0x00, 0x00, 0x33, 0x3f, 0x20, 0x21, 0xd1, 0x02, 0xe1, 0x0f, 0xfe,
  0xdf, 0x0d, 0xdd, 0xfe, 0x4a, 0x00, 0xed, 0xcf, 0xe1, 0xff, 0x0f, 0x01,
  0x00, 0x02, 0x02, 0x14, 0x10, 0x12, 0x04, 0x20, 0x4b, 0x00, 0x12, 0x40,
  0xd3, 0x42, 0x1a, 0xe4, 0x3d, 0xdd, 0xd2, 0xef, 0xdd, 0xde, 0xfc, 0xac,
  0x4a, 0x00, 0xff, 0x0d, 0xcf, 0x01, 0xfe, 0xf1, 0x01, 0x11, 0x30, 0x20,
  0xe4, 0xf6, 0x12, 0x12, 0x4b, 0x00, 0x06, 0x02, 0x4f, 0xe0, 0xe1, 0xc2,
  0x1d, 0xfc, 0xdd, 0xcd, 0xee, 0xeb, 0x0a, 0xab, 0x2b, 0x00, 0x35, 0x3c,
  0xd5, 0x44, 0x11, 0x42, 0x63, 0x51, 0x24, 0x45, 0x13, 0x14, 0x21, 0xf1,
  0x4b, 0x00, 0x3f, 0xf2, 0x11, 0xed, 0xee, 0xcd, 0xdc, 0xec, 0xda, 0xfa,
  0xce, 0x1c, 0xcb, 0x11, 0x2b, 0x00, 0x51, 0x43, 0x35, 0xf4, 0x24, 0x02,
  0x6f, 0x1d, 0xc4, 0x21, 0x1e, 0xf1, 0x11, 0xee, 0x2a, 0x00, 0xf1, 0xff,
  0xf0, 0x0d, 0xfd, 0xde, 0xce, 0xc1, 0xee, 0xf0, 0x2e, 0x1e, 0x21, 0x30,
  0x4b, 0x00, 0xd0, 0x04, 0x2f, 0xe5, 0x43, 0x1f, 0x54, 0x3f, 0xf5, 0x33,
  0x21, 0xd4, 0x24, 0xe1, 0x2a, 0x00, 0xf0, 0x1e, 0x1c, 0x0d, 0xfe, 0xfd,
  0xb1, 0xe0, 0xf0, 0x1e, 0x0e, 0x11, 0x01, 0x03, 0x4b, 0x00, 0x43, 0xd1,
  0x37, 0x20, 0x56, 0x30, 0x17, 0x04, 0xe6, 0x60, 0x10, 0x1f, 0x10, 0xef,
  0x2b, 0x00, 0x91, 0x0c, 0xfc, 0x1d, 0x1d, 0x92, 0xe2, 0xd2, 0x11, 0x1c,
  0x00, 0x02, 0x30, 0x13, 0x4b, 0x00, 0x00, 0xf5, 0x25, 0x72, 0x6e, 0x14,
  0x27, 0x21, 0x15, 0x4e, 0xe0, 0x21, 0x1a, 0xde, 0x4b, 0x00, 0xa2, 0xfc,
  0xec, 0xaf, 0xfe, 0x0a, 0x9e, 0x20, 0xea, 0x1e, 0xee, 0xc2, 0x12, 0x10,
  0x4b, 0x00, 0x23, 0x11, 0x35, 0x22, 0x26, 0x60, 0x13, 0x03, 0x41, 0xe0,
  0x01, 0xbe, 0xe1, 0xcc, 0x2b, 0x00, 0xbb, 0xfd, 0xea, 0xb0, 0x12, 0x20,
  0x50, 0x50, 0x35, 0x33, 0x35, 0x60, 0x11, 0xd4, 0x4b, 0x00, 0x06, 0x10,
  0x32, 0x5f, 0x31, 0x10, 0x05, 0xf2, 0x20, 0xf3, 0xfe, 0xff, 0xa0, 0xef,
  0x2a, 0x00, 0x0d, 0xfd, 0xfe, 0xdf, 0x10, 0x0f, 0xe2, 0x12, 0x22, 0x22,
  0x22, 0x23, 0x40, 0x02, 0x4b, 0x00, 0x15, 0x32, 0x14, 0x23, 0x4e, 0x23,
  0xe1, 0xd3, 0x03, 0x1f, 0x49, 0xcc, 0xef, 0xdc, 0x2a, 0x00, 0xef, 0x1f,
  0x1c, 0xff, 0x3f, 0x1f, 0x20, 0x12, 0x22, 0x23, 0x04, 0x33, 0x02, 0x51,
  0x4b, 0x00, 0x4c, 0x04, 0x32, 0x00, 0xf2, 0x0e, 0x92, 0xf1, 0xed, 0x0e,
  0x0b, 0x0c, 0x29, 0xdc, 0x2b, 0x00, 0xe6, 0x10, 0x06, 0xf0, 0x04, 0xd2,
  0x42, 0x0d, 0x12, 0x4e, 0xd4, 0xf5, 0x04, 0x14, 0x4b, 0x00, 0x5f, 0x32,
  0x00, 0x22, 0x1e, 0xf0, 0xb2, 0xfe, 0xc1, 0xee, 0xfd, 0xcc, 0x1f, 0xaa,
  0x4b, 0x00, 0xb5, 0x0d, 0xce, 0xff, 0xe0, 0xef, 0x10, 0x3e, 0x1f, 0x13,
  0x40, 0x5f, 0xe4, 0x56, 0x4a, 0x00, 0x1f, 0xf4, 0x11, 0x00, 0xe2, 0x1f,
  0xfe, 0x0d, 0xee, 0xcf, 0xd0, 0xef, 0xee, 0xd0, 0x4b, 0x00, 0xd2, 0xe0,
  0xf0, 0x32, 0x0f, 0x15, 0x40, 0x43, 0x2f, 0x45, 0xe1, 0x17, 0x01, 0x13,
  0x4b, 0x00, 0x41, 0xeb, 0xd7, 0x3d, 0xfb, 0xd0, 0x1c, 0xbd, 0x1c, 0xea,
  0xb0, 0xce, 0xc1, 0xd1, 0x4b, 0x00, 0x0f, 0x4e, 0xdf, 0x23, 0x30, 0xf0,
  0x34, 0x3e, 0x11, 0xf3, 0x11, 0x02, 0xd2, 0x31, 0x2b, 0x00, 0xfc, 0xf1,
  0x0d, 0x2e, 0xe0, 0xc1, 0xf1, 0xfd, 0xf0, 0xbc, 0x11, 0xcb, 0xd0, 0xf1,
  0x4b, 0x00, 0xed, 0xe2, 0x2f, 0xf0, 0x61, 0x5d, 0x03, 0x25, 0x33, 0x42,
  0x30, 0x12, 0x01, 0xc3, 0x4a, 0x00, 0xf2, 0x3d, 0xfe, 0x2d, 0xfc, 0xd0,
  0xef, 0xc0, 0xf1, 0x2c, 0x1d, 0xfd, 0x00, 0x01, 0x4b, 0x00, 0x4b, 0x20,
  0x5f, 0xe3, 0x24, 0x24, 0x50, 0x30, 0x04, 0xd4, 0xf2, 0xe3, 0x3b, 0xef,
  0x2b, 0x00, 0xdb, 0xeb, 0xb0, 0x3d, 0xfb, 0xe5, 0x4e, 0x03, 0x14, 0x24,
  0x30, 0x23, 0xd3, 0x13, 0x0c, 0x00, 0x77, 0x77, 0x77, 0x77, 0x77, 0x77,
  0x17, 0x89, 0x88, 0x88, 0x88, 0xf8, 0x75, 0x77, 0x4b, 0x00, 0xe3, 0x2d,
  0x1a, 0xcf, 0xdf, 0xff, 0xfb, 0x0d, 0x1d, 0xfc, 0xff, 0x0f, 0xd2, 0x02,
  0x4b, 0x00, 0x4e, 0x03, 0x3f, 0xf4, 0x13, 0x50, 0x12, 0x40, 0xe2, 0x40,
  0x0f, 0x1f, 0x0d, 0xde, 0x4b, 0x00, 0x0e, 0xdc, 0xec, 0xcd, 0xef, 0xcb,
  0xf0, 0xed, 0x1f, 0x3f, 0x4b, 0x13, 0x21, 0xe4, 0x4b, 0x00, 0x26, 0x02,
  0xd5, 0x15, 0x01, 0x4e, 0xfd, 0xb3, 0xc2, 0x10, 0xec, 0xcf, 0xd2, 0xdc,
  0x4b, 0x00, 0xc3, 0x00, 0x4a, 0xfd, 0xc1, 0xd2, 0xf2, 0x2e, 0xe0, 0xe3,
  0x3f, 0x3d, 0xd2, 0xf4, 0x2b, 0x00, 0x4d, 0xef, 0xf3, 0x00, 0x02, 0xf0,
  0x00, 0x10, 0xff, 0x3d, 0xfe, 0x1d, 0xc0, 0x0e, 0x2b, 0x00, 0x0c, 0xb1,
  0x0e, 0x2c, 0xb0, 0xf0, 0x2f, 0xff, 0x02, 0x12, 0x30, 0x13, 0x33, 0x41,
  0x4b, 0x00, 0x31, 0x12, 0xe6, 0x32, 0x31, 0x01, 0x1e, 0x02, 0x1b, 0x0d,
  0xbf, 0xd0, 0x1b, 0xbd, 0x4b, 0x00, 0xd1, 0xce, 0xd2, 0xef, 0x11, 0x1e,
  0x10, 0x02, 0xf3, 0x03, 0x23, 0x20, 0x5f, 0x10, 0x2b, 0x00, 0xcc, 0xc2,
  0xeb, 0xed, 0xb0, 0xfc, 0xde, 0x0e, 0x1e, 0xe0, 0x02, 0xf1, 0x21, 0x21,
  0x4b, 0x00, 0x1d, 0xd1, 0x11, 0x3d, 0x00, 0x11, 0x1e, 0xe2, 0x01, 0x10,
  0xc3, 0x21, 0x2c, 0xf2, 0x0c, 0x00, 0x88, 0x88, 0x88, 0x88, 0x88, 0xa8,
  0x75, 0x77, 0x77, 0x77, 0x77, 0x8e, 0x88, 0x88, 0x4b, 0x00, 0x88, 0xc8,
  0x77, 0xa1, 0x10, 0xfe, 0x31, 0x1e, 0x50, 0x5d, 0x1f, 0x14, 0xf2, 0x13,
  0x2b, 0x00, 0xd1, 0x00, 0xeb, 0xcf, 0xbd, 0xc0, 0xfa, 0xce, 0xec, 0x1f,
  0xfc, 0x02, 0x3f, 0x31, 0x4b, 0x00, 0x0f, 0x0e, 0xf2, 0x03, 0x5e, 0xe2,
  0x32, 0x21, 0x11, 0xf2, 0x21, 0x3e, 0xb1, 0xe3, 0x4b, 0x00, 0xf0, 0x0e,
  0x1b, 0x2e, 0x1a, 0xcf, 0xe1, 0xc2, 0x00, 0x2e, 0x1f, 0x1c, 0xb5, 0x13,
  0x4b, 0x00, 0x2d, 0x00, 0x3e, 0x0e, 0x01, 0x2e, 0xef, 0xf4, 0x3c, 0xf0,
  0xe2, 0x01, 0x11, 0x1f, 0x4b, 0x00, 0x00, 0x2f, 0xf0, 0x00, 0xf0, 0x10,
  0xfc, 0x01, 0xed, 0x2e, 0xce, 0x1f, 0xee, 0xc0, 0x4b, 0x00, 0x02, 0x0e,
  0x2e, 0xe1, 0x20, 0x20, 0x20, 0xf1, 0x24, 0xf0, 0xe4, 0x13, 0x2f, 0x1d,
  0x2b, 0x00, 0xa0, 0xdf, 0xdd, 0xcd, 0xee, 0xbf, 0x01, 0xfe, 0x21, 0x40,
  0x30, 0x32, 0x24, 0x33, 0x4b, 0x00, 0x11, 0x21, 0x2f, 0x02, 0x22, 0x3e,
  0x1d, 0x02, 0xd0, 0xd3, 0x10, 0xfb, 0xd2, 0x0f, 0x2b, 0x00, 0x0e, 0x31,
  0x0e, 0xf3, 0x22, 0x30, 0x2f, 0xf2, 0x21, 0x1e, 0x00, 0xb1, 0xe4, 0x0d,
  0x4b, 0x00, 0xf0, 0x20, 0x2c, 0x1f, 0x1e, 0xf0, 0x1f, 0xd0, 0x03, 0x1e,
  0xf1, 0x11, 0x1e, 0x01, 0x0c, 0x00, 0x77, 0x77, 0x77, 0x77, 0xa6, 0x88,
  0x88, 0x88, 0x88, 0x88, 0x88, 0x88, 0x88, 0x88, 0x0b, 0x00, 0x88, 0x7e,
  0x77, 0x77, 0x77, 0x77, 0x77, 0x77, 0x77, 0x77, 0x77, 0x83, 0x88, 0x88,
  0x4b, 0x00, 0x88, 0x88, 0x71, 0xc7, 0xd1, 0x0e, 0x0f, 0xe1, 0x01, 0x4e,
  0x00, 0x30, 0xf0, 0xe5, 0x4b, 0x00, 0x12, 0x20, 0xef, 0x03, 0xdf, 0xf3,
  0x0e, 0xdf, 0x01, 0x0c, 0xd0, 0x10, 0xfe, 0xf0, 0x0c, 0x00, 0x88, 0x88,
  0x88, 0x77, 0x77, 0x77, 0x77, 0x77, 0x77, 0x77, 0x77, 0x8f, 0x88, 0x88,
  0x0c, 0x00, 0x88, 0x88, 0x88, 0x88, 0x88, 0x88, 0x28, 0x77, 0x77, 0x77,
  0x77, 0x77, 0x77, 0x77, 0x0c, 0x00, 0x84, 0x88, 0x88, 0x88, 0x88, 0x88,
  0x88, 0x88, 0x88, 0x88, 0x88, 0x38, 0x77, 0x77, 0x0c, 0x00, 0x77, 0x77,
  0x77, 0x77, 0x77, 0x77, 0x77, 0x57, 0x88, 0x88, 0x88, 0x88, 0x88, 0x88,
  0x0c, 0x00, 0x88, 0x88, 0x88, 0x88, 0x88, 0x78, 0x77, 0x77, 0x77, 0x77,
  0x77, 0x77, 0x77, 0x77, 0x0c, 0x00, 0x77, 0x87, 0x88, 0x88, 0x88, 0x88,
  0x88, 0x88, 0x88, 0x88, 0x88, 0x88, 0x7b, 0x77, 0x0b, 0x00, 0x77, 0x77,
  0x77, 0x77, 0x77, 0x77, 0x47, 0x8d, 0x88, 0x88, 0x88, 0x88, 0x88, 0x88,
  0x0c, 0x00, 0x88, 0x88, 0x98, 0x71, 0x77, 0x77, 0x77, 0x77, 0x77, 0x67,
  0x8b, 0x88, 0x88, 0x88, 0x0c, 0x00, 0x88, 0x88, 0x88, 0x88, 0x88, 0x88,
  0x88, 0xd8, 0x77, 0x77, 0x77, 0x77, 0x77, 0x77, 0x2b, 0x00, 0x77, 0x81,
  0x98, 0xe4, 0xfe, 0xce, 0xb1, 0xe3, 0x1c, 0x1f, 0x10, 0x1f, 0x21, 0x20,
  0x0c, 0x00, 0x88, 0x08, 0x77, 0x77, 0x77, 0x77, 0x77, 0x77, 0x77, 0x77,
  0x77, 0x89, 0x88, 0x88, 0x0c, 0x00, 0x88, 0x88, 0x88, 0x88, 0x88, 0x88,
  0x88, 0x88, 0x29, 0x77, 0x77, 0x77, 0x77, 0x77, 0x0c, 0x00, 0x77, 0x77,
  0x77, 0x07, 0x88, 0x88, 0x88, 0x88, 0x88, 0x88, 0x88, 0x88, 0x88, 0xf8,
  0x0c, 0x00, 0x77, 0x77, 0x77, 0x77, 0x77, 0x77, 0x77, 0x8f, 0x88, 0x88,
  0x88, 0x88, 0x88, 0x88, 0x0c, 0x00, 0x88, 0x88, 0x88, 0x88, 0xe8, 0x77,
  0x77, 0x77, 0x77, 0x77, 0x77, 0x77, 0x77, 0xd7, 0x0c, 0x00, 0x88, 0x88,
  0x88, 0x88, 0x88, 0x88, 0x88, 0x88, 0x88, 0x88, 0x88, 0x48, 0x77, 0x77,
  0x0c, 0x00, 0x77, 0x77, 0x77, 0x77, 0x77, 0x77, 0x77, 0x8e, 0x88, 0x88,
  0x88, 0x88, 0x88, 0x88, 0x0c, 0x00, 0x88, 0x88, 0x88, 0x88, 0x18, 0x77,
  0x77, 0x77, 0x77, 0x77, 0x77, 0x77, 0x37, 0x88, 0x0c, 0x00, 0x88, 0x88,
  0x88, 0x88, 0x88, 0x88, 0x88, 0x88, 0x88, 0x09, 0x77, 0x77, 0x77, 0x77,
  0x0c, 0x00, 0x77, 0x77, 0x67, 0x8e, 0x88, 0x88, 0x88, 0x88, 0x88, 0x88,
  0x88, 0x88, 0x88, 0x88, 0x0c, 0x00, 0xf8, 0x76, 0x77, 0x77, 0x77, 0x77,
  0x77, 0x77, 0x77, 0xb1, 0x88, 0x88, 0x88, 0x88, 0x0c, 0x00, 0x88, 0x88,
  0x88, 0x88, 0x88, 0x88, 0x88, 0x88, 0x7e, 0x77, 0x77, 0x77, 0x77, 0x77,
  0x0c, 0x00, 0x77, 0x77, 0x8c, 0x88, 0x88, 0x88, 0x88, 0x88, 0x88, 0x88,
  0x88, 0x88, 0x88, 0x88, 0x0c, 0x00, 0xb8, 0x72, 0x77, 0x77, 0x77, 0x77,
  0x77, 0x77, 0xc3, 0x88, 0x88, 0x88, 0x88, 0x88, 0x0c, 0x00, 0x88, 0x88,
  0x88, 0x88, 0x88, 0x88, 0xc8, 0x61, 0x77, 0x77, 0x77, 0x77, 0x77, 0x77,
  0x0c, 0x00, 0xc1, 0x88, 0x88, 0x88, 0x88, 0x88, 0x88, 0x88, 0x88, 0x88,
  0x88, 0x88, 0xd8, 0x76, 0x0c, 0x00, 0x77, 0x77, 0x77, 0x77, 0x77, 0x17,
  0x8a, 0x88, 0x88, 0x88, 0x88, 0x88, 0x88, 0x88, 0x0c, 0x00, 0x88, 0x88,
  0x88, 0x88, 0x4d, 0x77, 0x77, 0x77, 0x77, 0x77, 0x77, 0x47, 0x8e, 0x88,
  0x0c, 0x00, 0x88, 0x88, 0x88, 0x88, 0x88, 0x88, 0x88, 0x88, 0x88, 0xb8,
  0x2e, 0x64, 0x77, 0x77, 0x0c, 0x00, 0x47, 0xe3, 0x9c, 0x88, 0x88, 0x88,
  0x88, 0x88, 0x88, 0x88, 0x88, 0x88, 0x88, 0x88, 0x0c, 0x00, 0x88, 0x88,
  0x88, 0xc8, 0xfc, 0x32, 0x12, 0xf1, 0x8c, 0x88, 0x88, 0x88, 0x88, 0x88,
  0x0c, 0x00, 0x88, 0x88, 0x88, 0x88, 0x88, 0x88, 0x88, 0xe8, 0x73, 0x77,
  0x77, 0x77, 0x77, 0x77, 0x0c, 0x00, 0x24, 0x8d, 0x88, 0x88, 0x88, 0x88,
  0x88, 0x88, 0x88, 0x88, 0x88, 0x88, 0x88, 0x88, 0x0c, 0x00, 0x88, 0x88,
  0x0d, 0x63, 0x77, 0x67, 0x25, 0xcf, 0x89, 0x88, 0x88, 0x88, 0x88, 0x88,
  0x0c, 0x00, 0x88, 0x88, 0x88, 0x88, 0x88, 0x88, 0x88, 0x88, 0x88, 0x88,
  0x88, 0x88, 0x88, 0x88, 0x0c, 0x00, 0x88, 0x88, 0x88, 0x88, 0x88, 0x88,
  0x88, 0x88, 0x88, 0x88, 0x88, 0x88, 0x88, 0x88, 0x0c, 0x00, 0xa8, 0xfb,
  0x2f, 0x34, 0x02, 0xdf, 0xbc, 0x8b, 0x88, 0x88, 0x88, 0x88, 0x88, 0x88,
  0x0c, 0x00, 0x88, 0x88, 0x88, 0x88, 0x88, 0xa9, 0xfd, 0x0e, 0x00, 0x02,
  0xff, 0xce, 0xac, 0x89, 0x0c, 0x00, 0x88, 0x88, 0x88, 0x88, 0x88, 0x88,
  0x88, 0x88, 0x88, 0x88, 0x88, 0x88, 0x88, 0x88, 0x0c, 0x00, 0x88, 0x88,
  0x88, 0x88, 0x88, 0x88, 0x88, 0x88, 0x88, 0x88, 0x88, 0x88, 0x88, 0x88,
  0x0c, 0x00, 0x88, 0x88, 0x88, 0x88, 0x88, 0x88, 0x88, 0x88, 0x88, 0x88,
  0x88, 0x88, 0x88, 0x88, 0x0c, 0x00, 0x88, 0x88, 0x88, 0x88, 0x88, 0x88,
  0x88, 0x88, 0x88, 0x88, 0x88, 0x88, 0x88, 0x88, 0x0c, 0x00, 0x44, 0x23,
  0x11, 0x00, 0xef, 0xdf, 0xdc, 0xcd, 0xbc, 0xdb, 0xdc, 0xcc, 0xfe, 0x0f,
  0x0c, 0x00, 0x00, 0x22, 0x43, 0x43, 0x65, 0x65, 0x55, 0x43, 0x23, 0x02,
  0x00, 0xef, 0xce, 0xdc, 0x0c, 0x00, 0xdc, 0xdc, 0xed, 0xef, 0x0f, 0x00,
  0x12, 0x22, 0x43, 0x43, 0x33, 0x21, 0x11, 0x01, 0x0c, 0x00, 0x00, 0xe0,
  0xff, 0xfe, 0xfe, 0xfe, 0xfe, 0xee, 0x0f, 0x00, 0x00, 0x00, 0x00, 0x10,
  0x0c, 0x00, 0x12, 0x01, 0x00, 0x00, 0x00, 0x00, 0x00, 0x00, 0x00, 0x00,
  0x00, 0x00, 0x00, 0x00, 0x0c, 0x07, 0x00, 0x00, 0x00, 0x00, 0x00, 0x00,
  0x00, 0x00, 0x00, 0x00, 0x00, 0x00, 0x00, 0x00,
};
unsigned int sfx_open_size = 9920;

unsigned char sfx_close[] __attribute__((aligned(64))) = {
  0x41, 0x50, 0x43, 0x4d, 0x01, 0x01, 0x00, 0x00, 0xe7, 0x04, 0x00, 0x00,
  0x98, 0x43, 0x00, 0x00, 0x4a, 0x00, 0x00, 0x0f, 0x01, 0x00, 0xf3, 0x2e,
  0xd5, 0x5b, 0xd2, 0x2f, 0xb4, 0xf2, 0xf3, 0x3d, 0x29, 0x00, 0xe1, 0x2f,
  0xff, 0x4e, 0xce, 0x13, 0xee, 0x21, 0xfe, 0x30, 0xfe, 0x02, 0xe0, 0x02,
  0x49, 0x00, 0x0f, 0x02, 0x2d, 0xe3, 0x2e, 0xb3, 0x20, 0xff, 0x1f, 0x00,
  0x2e, 0xe1, 0x1f, 0xc1, 0x29, 0x00, 0x42, 0x0e, 0x32, 0xdf, 0x24, 0xed,
  0xf4, 0x0e, 0x2f, 0xdd, 0x00, 0xde, 0xe3, 0x1d, 0x49, 0x00, 0xe2, 0x4d,
  0xe0, 0x20, 0xd2, 0x12, 0x01, 0x20, 0xe2, 0x21, 0xe1, 0x41, 0xdd, 0x23,
  0x49, 0x00, 0xcc, 0xf5, 0xfb, 0x00, 0xed, 0x00, 0xee, 0x20, 0x0d, 0xf3,
  0x2d, 0xd6, 0x5e, 0xd5, 0x29, 0x00, 0x6e, 0xe4, 0x2f, 0xd1, 0xd0, 0xd0,
  0xcd, 0xbe, 0xfd, 0xbc, 0x0f, 0xdb, 0x31, 0xfb, 0x49, 0x00, 0xe4, 0x2c,
  0xf1, 0x10, 0x10, 0x12, 0x40, 0x5d, 0x02, 0x30, 0xe2, 0x5e, 0xb2, 0x11,
  0x49, 0x00, 0xef, 0xd1, 0x2f, 0xdd, 0xe1, 0xf0, 0xdf, 0xf2, 0xe0, 0x23,
  0xfd, 0x05, 0x1e, 0x03, 0x49, 0x00, 0x10, 0x00, 0x11, 0x0d, 0xd1, 0x1f,
  0xde, 0xe1, 0x3c, 0xb1, 0x4f, 0xed, 0x03, 0x30, 0x49, 0x00, 0xe2, 0x44,
  0x11, 0x33, 0x10, 0x04, 0x40, 0xec, 0xe4, 0xfd, 0xc0, 0xde, 0xbc, 0xc2,
  0x48, 0x00, 0x0c, 0xd1, 0x2d, 0xff, 0x10, 0x2f, 0xf2, 0x22, 0x02, 0x23,
  0x50, 0x00, 0x51, 0xef, 0x49, 0x00, 0x36, 0xdc, 0xe4, 0xfa, 0xbd, 0xdd,
  0xcc, 0xfb, 0xdb, 0xdc, 0xe3, 0x0c, 0xb7, 0x6f, 0x48, 0x00, 0xf2, 0x31,
  0x11, 0x13, 0x21, 0xf2, 0x02, 0x11, 0xb1, 0x12, 0xde, 0x01, 0xcd, 0xe4,
  0x48, 0x00, 0x0c, 0xe1, 0x2e, 0xe0, 0x4f, 0x0f, 0x3e, 0xe4, 0x20, 0xd4,
  0x3f, 0xb4, 0x5f, 0xed, 0x48, 0x00, 0x20, 0xdc, 0xf2, 0xfd, 0xf1, 0xde,
  0x31, 0xed, 0x43, 0x1b, 0x34, 0x4c, 0x05, 0x4f, 0x48, 0x00, 0xf4, 0x6f,
  0x0e, 0x4e, 0xa2, 0x2e, 0xa0, 0x5b, 0x9e, 0x2d, 0xad, 0xf1, 0x9f, 0x34,
  0x47, 0x00, 0x0d, 0x03, 0x0f, 0x14, 0x00, 0x15, 0x1f, 0x13, 0x00, 0x13,
  0x1d, 0xd3, 0x1e, 0xc1, 0x47, 0x00, 0x0f, 0xc0, 0x1e, 0xde, 0x1e, 0xb1,
  0x20, 0xb1, 0x23, 0xe0, 0x33, 0xff, 0x24, 0x0f, 0x47, 0x00, 0x15, 0x1e,
  0x13, 0x0d, 0xe4, 0x0e, 0xe2, 0x1c, 0xf0, 0x2c, 0xd0, 0x3e, 0xdf, 0x20,
  0x47, 0x00, 0xe0, 0x30, 0xc2, 0x41, 0xd0, 0x52, 0xfd, 0x32, 0xde, 0xf4,
  0xef, 0x02, 0x0c, 0x10, 0x47, 0x00, 0xfc, 0xe4, 0x1d, 0xf2, 0x3d, 0xf2,
  0x4e, 0xc4, 0x31, 0xd3, 0x22, 0xd3, 0x21, 0xc1, 0x47, 0x00, 0x30, 0xaf,
  0x31, 0xdb, 0x10, 0xbc, 0xf3, 0xfc, 0xf2, 0xfd, 0x03, 0x1e, 0x24, 0x4d,
  0x27, 0x00, 0x26, 0x30, 0xe7, 0x01, 0xe3, 0x0c, 0xed, 0xea, 0xbd, 0xeb,
  0xac, 0x0b, 0xcd, 0x3e, 0x27, 0x00, 0xdd, 0x23, 0x11, 0x63, 0x32, 0x36,
  0x25, 0x64, 0x40, 0x52, 0x1d, 0x01, 0xec, 0xa3, 0x47, 0x00, 0x10, 0xe2,
  0x0e, 0xe0, 0xd0, 0x00, 0xfc, 0xf0, 0xfd, 0xe3, 0x2e, 0xe0, 0x30, 0x0f,
  0x47, 0x00, 0x30, 0x00, 0x10, 0x01, 0x1f, 0xf2, 0x0f, 0xb2, 0x30, 0xed,
  0x12, 0x1b, 0x10, 0x2e, 0x47, 0x00, 0x3f, 0xe0, 0x23, 0xd1, 0x24, 0xe2,
  0x14, 0x2e, 0xf2, 0x4d, 0xd0, 0x0f, 0xee, 0xed, 0x47, 0x00, 0xd1, 0xeb,
  0xa4, 0xfd, 0xd2, 0x4d, 0xff, 0x31, 0x00, 0x43, 0x20, 0x25, 0xf3, 0x45,
  0x46, 0x00, 0xf1, 0x31, 0xef, 0x22, 0x0c, 0xe1, 0xef, 0xd1, 0xef, 0xc1,
  0x0f, 0x0f, 0x1c, 0xf1, 0x47, 0x00, 0x3b, 0x04, 0x6c, 0xe4, 0x52, 0xe3,
  0x64, 0xff, 0x36, 0xef, 0x53, 0xbc, 0x53, 0xcb, 0x46, 0x00, 0x01, 0xcf,
  0xf2, 0x0e, 0xf0, 0x1e, 0x0f, 0x1e, 0x02, 0x3d, 0xe2, 0x2f, 0xe3, 0x3e,
  0x47, 0x00, 0xc4, 0x5e, 0xbf, 0x32, 0xdd, 0x23, 0xeb, 0x41, 0xbd, 0x27,
  0xbe, 0x36, 0xde, 0x45, 0x46, 0x00, 0xff, 0x03, 0x3d, 0xe1, 0x10, 0xe2,
  0x0f, 0xd2, 0x2e, 0xe1, 0x2c, 0xd0, 0x2d, 0xdf, 0x26, 0x00, 0x11, 0xf1,
  0x23, 0x2f, 0x53, 0x01, 0x44, 0x01, 0x42, 0x00, 0x32, 0xfc, 0xe1, 0xed,
  0x46, 0x00, 0xe1, 0x0f, 0xbf, 0x0f, 0xde, 0x1d, 0xff, 0x1b, 0xd1, 0x2f,
  0xe1, 0x31, 0x1e, 0x31, 0x26, 0x00, 0x20, 0x15, 0xf0, 0x02, 0x0c, 0x1e,
  0xcc, 0xef, 0xcd, 0xe0, 0x0d, 0xe0, 0x1e, 0xb3, 0x26, 0x00, 0x31, 0xf0,
  0x21, 0x00, 0x10, 0xe4, 0x21, 0xf2, 0x11, 0x10, 0x11, 0x0e, 0x12, 0x1c,
  0x46, 0x00, 0x02, 0x1e, 0x02, 0xef, 0x02, 0xef, 0x02, 0x0f, 0xf1, 0x21,
  0xd1, 0x43, 0x1e, 0x4f, 0x46, 0x00, 0xd0, 0x10, 0xf0, 0x0e, 0xef, 0x1d,
  0xcf, 0xff, 0xee, 0x00, 0x4b, 0x0f, 0x1e, 0x14, 0x46, 0x00, 0x30, 0x31,
  0x12, 0x31, 0x11, 0xf3, 0xf3, 0xf2, 0x20, 0x0e, 0x20, 0xde, 0x2e, 0x1c,
  0x46, 0x00, 0x1b, 0xfe, 0xed, 0xd0, 0xf0, 0x0e, 0xe1, 0x1e, 0xe1, 0x20,
  0x02, 0x22, 0x40, 0x30, 0x46, 0x00, 0x42, 0x22, 0x20, 0x11, 0xe0, 0x12,
  0xcf, 0x01, 0xed, 0x1e, 0x0c, 0xef, 0xef, 0xfe, 0x47, 0x00, 0x02, 0x0f,
  0x31, 0xc1, 0x41, 0xe5, 0x3f, 0x01, 0xfc, 0xf0, 0xf1, 0xf3, 0xc2, 0x31,
  0x47, 0x00, 0x11, 0x32, 0x05, 0x2e, 0x62, 0x1d, 0x54, 0x0f, 0xdf, 0x03,
  0xcc, 0xe3, 0xcb, 0xce, 0x47, 0x00, 0xdc, 0x20, 0xfb, 0x3d, 0xce, 0x00,
  0xe3, 0xa2, 0x41, 0xb1, 0x61, 0x04, 0x41, 0x04, 0x46, 0x00, 0x31, 0x21,
  0x21, 0xd3, 0x04, 0x11, 0x20, 0x1d, 0x0f, 0xdc, 0xff, 0xcc, 0xef, 0xcc,
  0x46, 0x00, 0xe0, 0x1d, 0xe1, 0x01, 0x21, 0x5f, 0x11, 0x42, 0xf3, 0x51,
  0x03, 0x20, 0x03, 0x1e, 0x47, 0x00, 0xd0, 0x4e, 0xcb, 0x1f, 0xdb, 0x21,
  0xec, 0x03, 0xca, 0xf5, 0xca, 0x13, 0xdb, 0x2d, 0x27, 0x00, 0x0c, 0xd2,
  0x0e, 0xa4, 0x1d, 0xe4, 0x40, 0xd6, 0x71, 0xf2, 0x72, 0x22, 0x3b, 0xcf,
  0x47, 0x00, 0x00, 0xdd, 0x04, 0xda, 0x12, 0xde, 0x24, 0x1d, 0x1f, 0xfb,
  0x01, 0xce, 0xd2, 0xdb, 0x46, 0x00, 0xd0, 0x2e, 0xfe, 0x2d, 0xe0, 0x2f,
  0x31, 0x31, 0x12, 0x42, 0x24, 0x32, 0x04, 0x30, 0x46, 0x00, 0x0d, 0xf3,
  0x0c, 0xe0, 0xdb, 0xdf, 0xd0, 0xde, 0xc0, 0xff, 0x0d, 0x12, 0x3c, 0x00,
  0x47, 0x00, 0x6d, 0x10, 0x71, 0xc2, 0x13, 0xf5, 0x33, 0x46, 0x42, 0x21,
  0x73, 0xf2, 0x45, 0xde, 0x46, 0x00, 0xf0, 0xef, 0xf0, 0xdd, 0xee, 0xbe,
  0x0e, 0xee, 0xd0, 0x1e, 0xe1, 0x30, 0x21, 0x20, 0x47, 0x00, 0x32, 0x13,
  0x17, 0x5f, 0xe2, 0x2c, 0xe5, 0x1f, 0xf3, 0x21, 0x1e, 0x54, 0x01, 0x13,
  0x46, 0x00, 0x01, 0x0f, 0x01, 0xef, 0xc0, 0xef, 0xde, 0x0d, 0xdd, 0xce,
  0x0f, 0xf0, 0x2f, 0x21, 0x47, 0x00, 0x20, 0x75, 0x45, 0x37, 0x33, 0x34,
  0x5f, 0x15, 0x00, 0xf1, 0x11, 0x1e, 0x1f, 0xdf, 0x27, 0x00, 0xcc, 0xe1,
  0x1f, 0x23, 0x4f, 0xfc, 0x23, 0x0e, 0xff, 0xee, 0xef, 0x23, 0x46, 0x63,
  0x46, 0x00, 0x52, 0x40, 0x53, 0x42, 0x31, 0x30, 0x21, 0x1f, 0xf1, 0xc0,
  0xff, 0xee, 0xb0, 0x2d, 0x46, 0x00, 0xcc, 0xf0, 0x0f, 0xf1, 0x2f, 0xf0,
  0xff, 0x12, 0xef, 0x0f, 0xff, 0x10, 0x2f, 0x01, 0x46, 0x00, 0x01, 0x33,
  0x2f, 0x14, 0x13, 0x12, 0x21, 0x23, 0x1f, 0x00, 0xed, 0xdf, 0xef, 0xbe,
  0x47, 0x00, 0xf9, 0xac, 0xee, 0xf1, 0xe2, 0x1d, 0x30, 0x0f, 0x51, 0xd0,
  0xf1, 0x13, 0x15, 0x11, 0x47, 0x00, 0x13, 0xff, 0x37, 0x70, 0x7f, 0x41,
  0x33, 0x54, 0x23, 0x1e, 0xcb, 0xac, 0x9d, 0xac, 0x46, 0x00, 0xcb, 0xee,
  0xfd, 0xfe, 0x00, 0x0f, 0x2f, 0x11, 0x32, 0x32, 0x22, 0x22, 0x42, 0x11,
  0x47, 0x00, 0x10, 0x0f, 0xd0, 0x12, 0x00, 0x01, 0xf3, 0x03, 0x11, 0xd2,
  0xdd, 0xec, 0xea, 0xad, 0x46, 0x00, 0xee, 0xce, 0xff, 0xfd, 0xef, 0xf0,
  0xf1, 0x30, 0x42, 0x41, 0x34, 0x33, 0x14, 0x23, 0x47, 0x00, 0x23, 0x1c,
  0xff, 0x0f, 0xde, 0x0f, 0xfb, 0x0f, 0xbe, 0xd0, 0xce, 0xfd, 0x1c, 0xfd,
  0x46, 0x00, 0xd0, 0xc1, 0x0f, 0x0e, 0x1c, 0xee, 0x2f, 0xf1, 0x15, 0x44,
  0x42, 0x62, 0x41, 0x51, 0x47, 0x00, 0x31, 0xf1, 0x10, 0xff, 0xa1, 0xcd,
  0xab, 0xda, 0xd9, 0xab, 0xbc, 0xd0, 0xff, 0x12, 0x47, 0x00, 0x01, 0xf0,
  0xe0, 0x1f, 0xe0, 0xff, 0x1e, 0x22, 0x44, 0x53, 0x36, 0x55, 0x55, 0x46,
  0x46, 0x00, 0x03, 0x13, 0x10, 0x10, 0xe0, 0xfe, 0xcc, 0xec, 0xbc, 0xdd,
  0xec, 0xde, 0x00, 0x00, 0x47, 0x00, 0x50, 0xf2, 0x30, 0x32, 0x23, 0x34,
  0x31, 0x52, 0x53, 0x43, 0x22, 0x31, 0x41, 0x32, 0x46, 0x00, 0x12, 0x20,
  0x10, 0x0f, 0x0f, 0xee, 0xbc, 0xce, 0xbc, 0xde, 0xbe, 0x0e, 0x1d, 0x0f,
  0x46, 0x00, 0x12, 0x31, 0x02, 0x24, 0x43, 0x33, 0x32, 0x21, 0x30, 0x20,
  0x0f, 0x0e, 0xff, 0xf0, 0x47, 0x00, 0x0f, 0xf1, 0xf1, 0xe0, 0x00, 0xce,
  0xd1, 0xb9, 0xec, 0xbb, 0xaf, 0xbe, 0xde, 0xff, 0x46, 0x00, 0xf0, 0x02,
  0x02, 0x23, 0x42, 0x34, 0x23, 0x42, 0x21, 0x11, 0x01, 0xff, 0x0f, 0xe0,
  0x47, 0x00, 0xdf, 0xde, 0xfe, 0xed, 0xdd, 0xee, 0xdd, 0xed, 0xdc, 0xed,
  0xde, 0x0b, 0xeb, 0x1f, 0x46, 0x00, 0x00, 0x11, 0x21, 0x42, 0x42, 0x25,
  0x44, 0x33, 0x13, 0x04, 0xf2, 0x0f, 0x0c, 0xec, 0x46, 0x00, 0xde, 0xdc,
  0xfc, 0xeb, 0xfd, 0x0c, 0xe0, 0x0f, 0x10, 0x01, 0x13, 0x21, 0x2f, 0x02,
  0x47, 0x00, 0x32, 0x34, 0x1f, 0x62, 0x33, 0x51, 0x34, 0x32, 0x41, 0x02,
  0x00, 0xe1, 0xcd, 0xdc, 0x46, 0x00, 0xee, 0xfd, 0xdc, 0xee, 0xee, 0x0e,
  0x0e, 0xf0, 0x00, 0x12, 0x12, 0x11, 0x13, 0x10, 0x47, 0x00, 0x45, 0x01,
  0x20, 0x02, 0x41, 0x43, 0x31, 0x52, 0x23, 0x51, 0x01, 0x00, 0xdf, 0xee,
  0x46, 0x00, 0x0c, 0xed, 0xcd, 0xcd, 0xeb, 0xdc, 0xee, 0xfe, 0x1e, 0x21,
  0x32, 0x23, 0x25, 0x25, 0x46, 0x00, 0x35, 0x52, 0x22, 0x13, 0x31, 0x00,
  0xe2, 0x00, 0xef, 0xee, 0xfe, 0xed, 0xdd, 0xdf, 0x26, 0x00, 0x11, 0x22,
  0x32, 0x32, 0x30, 0x30, 0x12, 0x21, 0x23, 0x23, 0x43, 0x34, 0x32, 0x22,
  0x46, 0x00, 0x22, 0x22, 0x12, 0x10, 0xf1, 0xf0, 0xef, 0xfe, 0xcd, 0xdf,
  0xde, 0xee, 0xf0, 0xf0, 0x47, 0x00, 0x2e, 0xe1, 0xff, 0xc0, 0xc0, 0xf0,
  0xef, 0xf0, 0x3f, 0x30, 0x33, 0x31, 0x33, 0x54, 0x46, 0x00, 0x32, 0x32,
  0x23, 0x32, 0x21, 0xf2, 0xf2, 0xef, 0xfd, 0xdd, 0xdd, 0xed, 0xec, 0xed,
  0x46, 0x00, 0xee, 0xee, 0xe0, 0xdf, 0x0f, 0x00, 0x11, 0x22, 0x22, 0x42,
  0x43, 0x32, 0x32, 0x22, 0x46, 0x00, 0x32, 0x23, 0x12, 0x22, 0xe0, 0xf0,
  0xde, 0xcc, 0xcc, 0xcb, 0xeb, 0xdd, 0xfd, 0x0d, 0x46, 0x00, 0x0d, 0x00,
  0x01, 0x21, 0x32, 0x41, 0x44, 0x23, 0x43, 0x21, 0x11, 0x20, 0xff, 0xf0,
  0x47, 0x00, 0xf2, 0xdf, 0x11, 0xef, 0xee, 0xde, 0xed, 0xcd, 0xbe, 0xfd,
  0xde, 0x0e, 0x0e, 0xed, 0x47, 0x00, 0xd0, 0xff, 0xff, 0x2f, 0x10, 0x32,
  0x44, 0x44, 0x23, 0x43, 0x11, 0x22, 0x41, 0x30, 0x47, 0x00, 0x41, 0x32,
  0x23, 0x01, 0xf0, 0xdb, 0xcc, 0xbd, 0xca, 0xac, 0xbc, 0xca, 0xbc, 0xba,
  0x46, 0x00, 0xee, 0xef, 0x02, 0x21, 0x42, 0x44, 0x24, 0x46, 0x24, 0x44,
  0x50, 0x11, 0x3f, 0xe1, 0x46, 0x00, 0xe1, 0xfe, 0xbe, 0xcf, 0xeb, 0xdb,
  0xcc, 0xce, 0xcf, 0xe1, 0x1f, 0x2f, 0x3e, 0x2f, 0x46, 0x00, 0x31, 0x40,
  0x41, 0x41, 0x33, 0x34, 0x42, 0x21, 0x00, 0xe2, 0x1f, 0x0e, 0xef, 0xfe,
  0x47, 0x00, 0xdf, 0xdb, 0xdc, 0xbb, 0xcc, 0xfb, 0x0e, 0x2f, 0xf0, 0x02,
  0x10, 0x20, 0xfe, 0xff, 0x47, 0x00, 0xf0, 0x12, 0x31, 0x32, 0x42, 0x42,
  0x42, 0x45, 0x61, 0x15, 0x35, 0x42, 0x23, 0x10, 0x46, 0x00, 0xef, 0xd0,
  0xcf, 0xee, 0xeb, 0xbc, 0xde, 0xed, 0xde, 0xef, 0xe1, 0x1f, 0x20, 0x10,
  0x46, 0x00, 0x42, 0x32, 0x53, 0x53, 0x63, 0x42, 0x05, 0x14, 0x22, 0xf0,
  0xe2, 0xe0, 0xde, 0xee, 0x46, 0x00, 0xab, 0xcd, 0xca, 0xcb, 0xdc, 0xde,
  0x0f, 0x3f, 0x1f, 0x13, 0x33, 0x43, 0x33, 0x44, 0x46, 0x00, 0x43, 0x23,
  0x23, 0x11, 0x01, 0xf0, 0x0e, 0xe0, 0xef, 0xff, 0x0d, 0xfe, 0xe0, 0x1d,
  0x48, 0x00, 0x9b, 0xbd, 0xdc, 0xec, 0xca, 0xfc, 0xfd, 0x0d, 0x21, 0x02,
  0x12, 0x25, 0x43, 0x54, 0x47, 0x00, 0x42, 0x24, 0x52, 0x33, 0x34, 0x31,
  0x22, 0x20, 0x11, 0x12, 0xf1, 0xf1, 0xef, 0xdd, 0x46, 0x00, 0xed, 0xce,
  0xdd, 0xce, 0xdc, 0xfd, 0xed, 0x1d, 0x0e, 0x3f, 0x21, 0x34, 0x44, 0x36,
  0x46, 0x00, 0x64, 0x25, 0x26, 0x34, 0x21, 0x1f, 0xd0, 0xdf, 0xbe, 0xbd,
  0xdb, 0xdb, 0xec, 0xec, 0x47, 0x00, 0xbb, 0xfc, 0x0e, 0x1f, 0x20, 0x24,
  0x54, 0x55, 0x47, 0x36, 0x35, 0x54, 0x33, 0x34, 0x47, 0x00, 0x13, 0x03,
  0x02, 0xe1, 0xcf, 0xae, 0x9d, 0xbc, 0xae, 0xdd, 0xea, 0xde, 0xef, 0xf2,
  0x48, 0x00, 0x3f, 0x21, 0x24, 0x45, 0x23, 0x33, 0x10, 0xfd, 0xff, 0xe1,
  0x0c, 0x1e, 0x2f, 0x33, 0x46, 0x00, 0x22, 0x32, 0x31, 0x33, 0x22, 0x12,
  0x10, 0xff, 0xee, 0xfd, 0xec, 0xcc, 0xdc, 0xbc, 0x46, 0x00, 0xcd, 0xde,
  0xee, 0xf0, 0x21, 0x42, 0x32, 0x45, 0x33, 0x53, 0x32, 0x42, 0x32, 0x21,
  0x46, 0x00, 0x02, 0x02, 0x0f, 0xcf, 0xc1, 0xdd, 0xfb, 0xbd, 0xbe, 0xbe,
  0xbf, 0xce, 0xc0, 0xe0, 0x46, 0x00, 0xf0, 0x31, 0x50, 0x41, 0x35, 0x56,
  0x34, 0x36, 0x43, 0x11, 0x02, 0xef, 0x0e, 0xed, 0x47, 0x00, 0x9b, 0xbb,
  0xc9, 0xba, 0xbc, 0xfd, 0x0d, 0x2f, 0x32, 0x32, 0x15, 0x21, 0xef, 0xef,
  0x47, 0x00, 0xed, 0xfc, 0xfe, 0xf0, 0x02, 0x22, 0x23, 0x42, 0x22, 0x55,
  0x44, 0x66, 0x45, 0x24, 0x47, 0x00, 0x22, 0xde, 0xbf, 0xaf, 0xbb, 0xac,
  0xbd, 0xdc, 0xeb, 0xca, 0xae, 0xdd, 0xdd, 0x0e, 0x46, 0x00, 0x1e, 0x00,
  0x11, 0x32, 0x23, 0x15, 0x36, 0x25, 0x26, 0x26, 0x33, 0x22, 0x11, 0xf0,
  0x46, 0x00, 0xfe, 0xda, 0x9b, 0xaa, 0x9b, 0xbb, 0xcd, 0xed, 0x2f, 0x1f,
  0x22, 0x23, 0x34, 0x44, 0x46, 0x00, 0x54, 0x45, 0x34, 0x32, 0x01, 0xf1,
  0xff, 0xfd, 0xee, 0xff, 0xf0, 0x0f, 0x00, 0xff, 0x48, 0x00, 0xdd, 0xdb,
  0xbe, 0xae, 0xee, 0xfd, 0xfd, 0xee, 0xec, 0xee, 0x20, 0x21, 0x34, 0x45,
  0x47, 0x00, 0x24, 0x23, 0x22, 0x22, 0x00, 0xf0, 0xf1, 0x00, 0x01, 0x32,
  0x41, 0x43, 0x34, 0x23, 0x46, 0x00, 0x01, 0xf0, 0xfe, 0xee, 0xce, 0xce,
  0xdd, 0xcc, 0xdc, 0xdd, 0xfd, 0x0f, 0x12, 0x35, 0x46, 0x00, 0x56, 0x66,
  0x56, 0x45, 0x35, 0x32, 0x11, 0x00, 0xfe, 0xcf, 0xdd, 0xcb, 0xbb, 0xbc,
  0x46, 0x00, 0xdc, 0xde, 0xff, 0x0f, 0x01, 0x11, 0x21, 0x11, 0x02, 0x13,
  0x13, 0x13, 0x23, 0x13, 0x47, 0x00, 0x55, 0x44, 0x33, 0x02, 0x02, 0xfe,
  0xeb, 0xbd, 0xca, 0xaa, 0xac, 0xda, 0xab, 0xce, 0x47, 0x00, 0xf0, 0x3e,
  0x42, 0x64, 0x75, 0x54, 0x33, 0x02, 0xe0, 0xed, 0xce, 0xed, 0xde, 0xff,
  0x46, 0x00, 0xf0, 0xf1, 0x21, 0x30, 0x41, 0x33, 0x24, 0x24, 0x21, 0xf0,
  0xef, 0xdd, 0xcc, 0xbc, 0x46, 0x00, 0xdb, 0xdc, 0xec, 0x0b, 0xfe, 0xf0,
  0x23, 0x41, 0x41, 0x25, 0x44, 0x44, 0x41, 0x23, 0x46, 0x00, 0x40, 0x01,
  0x12, 0xff, 0xf0, 0x0e, 0xcf, 0xe0, 0xed, 0xec, 0xcc, 0xcd, 0xbd, 0xcd,
  0x46, 0x00, 0xde, 0xe0, 0x01, 0x03, 0x33, 0x53, 0x43, 0x36, 0x65, 0x33,
  0x16, 0x33, 0x0f, 0xe0, 0x46, 0x00, 0xec, 0xdb, 0xac, 0xdd, 0xcd, 0xfd,
  0xfe, 0xf1, 0x10, 0x20, 0x12, 0x32, 0x11, 0x12, 0x47, 0x00, 0x11, 0xff,
  0xdd, 0xcd, 0xbe, 0xef, 0xfe, 0xf0, 0x13, 0x41, 0x43, 0x54, 0x64, 0x54,
  0x47, 0x00, 0x42, 0x14, 0xf2, 0x0e, 0xdd, 0xfd, 0xdc, 0xed, 0xbd, 0xbe,
  0xce, 0xcd, 0xcd, 0xdd, 0x27, 0x00, 0x55, 0x67, 0x77, 0x56, 0x36, 0x47,
  0x65, 0x74, 0x76, 0x75, 0x47, 0x37, 0x12, 0xdf, 0x46, 0x00, 0xf1, 0xf0,
  0xcf, 0xdd, 0xca, 0xaa, 0xac, 0xcb, 0xdb, 0xde, 0xe1, 0x03, 0x23, 0x15,
  0x46, 0x00, 0x36, 0x35, 0x26, 0x35, 0x32, 0x11, 0xf0, 0xe0, 0xfe, 0xed,
  0xef, 0xfe, 0xe1, 0x0f, 0x48, 0x00, 0xef, 0x0e, 0x1d, 0xf0, 0x01, 0x21,
  0x30, 0xfe, 0xde, 0xec, 0xfc, 0x0d, 0x02, 0x33, 0x48, 0x00, 0x54, 0x45,
  0x33, 0xf2, 0xff, 0xd0, 0xe0, 0x1e, 0x0e, 0x0f, 0x41, 0x53, 0x74, 0x56,
  0x46, 0x00, 0x12, 0x13, 0x12, 0x01, 0xf0, 0xfe, 0xed, 0xce, 0xdc, 0xbb,
  0xdd, 0xec, 0xef, 0x1f, 0x46, 0x00, 0x13, 0x34, 0x55, 0x46, 0x55, 0x54,
  0x42, 0x32, 0x20, 0xd1, 0xe0, 0xed, 0xcc, 0xbc, 0x46, 0x00, 0xcb, 0xcc,
  0xde, 0xff, 0x1f, 0x1f, 0x11, 0xf2, 0x03, 0x02, 0x13, 0x22, 0x13, 0x14,
  0x47, 0x00, 0x45, 0x43, 0x12, 0x13, 0x11, 0x1f, 0xf0, 0x0d, 0xbe, 0xbd,
  0xba, 0xba, 0xca, 0xca, 0x47, 0x00, 0xfc, 0x1e, 0x30, 0x33, 0x64, 0x54,
  0x37, 0x36, 0x42, 0x0f, 0xff, 0xde, 0xcf, 0xdd, 0x46, 0x00, 0xfe, 0xfe,
  0xff, 0x0f, 0x01, 0x31, 0x41, 0x43, 0x33, 0x23, 0xf2, 0x01, 0xee, 0xed,
  0x46, 0x00, 0xcd, 0xed, 0xec, 0xdd, 0xde, 0xee, 0xef, 0x00, 0x11, 0x23,
  0x33, 0x43, 0x34, 0x23, 0x46, 0x00, 0x13, 0x21, 0x20, 0x10, 0x10, 0x0f,
  0xf0, 0xf0, 0xee, 0xdf, 0xde, 0xdd, 0xdd, 0xdd, 0x46, 0x00, 0xde, 0x0e,
  0xfd, 0x10, 0x00, 0x41, 0x30, 0x33, 0x25, 0x35, 0x44, 0x34, 0x22, 0x10,
  0x46, 0x00, 0xff, 0xdd, 0xdd, 0xdc, 0xdc, 0xdd, 0xef, 0x0e, 0xff, 0x00,
  0x01, 0x12, 0x12, 0x34, 0x47, 0x00, 0x33, 0x24, 0xf3, 0xc1, 0xae, 0xad,
  0xcc, 0xfd, 0xed, 0xf1, 0x01, 0x21, 0x12, 0x24, 0x47, 0x00, 0x22, 0x33,
  0x25, 0x34, 0x22, 0x11, 0x0f, 0xff, 0xed, 0xdd, 0xcd, 0xee, 0xfc, 0xfc,
  0x47, 0x00, 0xed, 0xec, 0xcd, 0xfe, 0x0b, 0x0c, 0x0f, 0x23, 0x54, 0x55,
  0x57, 0x57, 0x57, 0x56, 0x46, 0x00, 0x02, 0x12, 0x10, 0xff, 0xef, 0xdd,
  0xbc, 0xbd, 0xcc, 0xdb, 0xed, 0x1e, 0x10, 0x41, 0x47, 0x00, 0x62, 0x55,
  0x66, 0x56, 0x55, 0x44, 0x33, 0x23, 0xf1, 0xde, 0xdb, 0xbb, 0xdb, 0xdd,
  0x48, 0x00, 0xca, 0x0d, 0x1e, 0x04, 0x11, 0x1f, 0x20, 0x12, 0x23, 0x11,
  0x02, 0x11, 0x12, 0x10, 0x48, 0x00, 0x10, 0x1e, 0x2d, 0x1d, 0xfe, 0xcf,
  0xfe, 0xf0, 0x01, 0xe0, 0x0e, 0x2e, 0x11, 0x44, 0x47, 0x00, 0x42, 0x43,
  0x34, 0x43, 0x03, 0xf0, 0xed, 0xdc, 0xdb, 0xac, 0xcc, 0xda, 0xdb, 0xdd,
  0x46, 0x00, 0xef, 0x11, 0x11, 0x24, 0x25, 0x45, 0x43, 0x14, 0x24, 0x3f,
  0xff, 0xe1, 0xfe, 0xed, 0x46, 0x00, 0xbe, 0xce, 0xdd, 0xde, 0xee, 0x0e,
  0x1e, 0x10, 0x11, 0x22, 0x30, 0x22, 0x22, 0x32, 0x47, 0x00, 0x43, 0x41,
  0x32, 0x31, 0x11, 0x2f, 0xfe, 0xe0, 0xfe, 0xdb, 0xbc, 0xcb, 0xbe, 0xde,
  0x47, 0x00, 0x0d, 0x0d, 0x00, 0x21, 0x13, 0x33, 0x43, 0x44, 0x45, 0x24,
  0x11, 0x00, 0xfe, 0xfc, 0x47, 0x00, 0xcd, 0xdc, 0xde, 0xff, 0x0e, 0x10,
  0x20, 0x32, 0x44, 0x44, 0x34, 0x43, 0x21, 0xe2, 0x47, 0x00, 0xef, 0xce,
  0xbc, 0xdd, 0xbb, 0xdb, 0xdb, 0xec, 0xef, 0x2f, 0x20, 0x32, 0x54, 0x64,
  0x47, 0x00, 0x53, 0x34, 0x34, 0x43, 0x23, 0x12, 0xf2, 0x01, 0x0d, 0xce,
  0xbd, 0xae, 0xdc, 0xea, 0x47, 0x00, 0xdc, 0xeb, 0x0b, 0xec, 0xe1, 0x21,
  0x4f, 0x33, 0x54, 0x36, 0x54, 0x43, 0x33, 0x23, 0x47, 0x00, 0x01, 0xf0,
  0xee, 0xdd, 0xbd, 0xcd, 0xcc, 0xfd, 0x0d, 0x0f, 0xf0, 0x11, 0x30, 0x32,
  0x47, 0x00, 0x33, 0x32, 0x13, 0x22, 0xff, 0xfe, 0xdc, 0xed, 0xec, 0xfe,
  0xed, 0xef, 0xff, 0xf0, 0x47, 0x00, 0x00, 0x11, 0x32, 0x44, 0x44, 0x24,
  0x24, 0x22, 0x10, 0xf0, 0xef, 0xff, 0xfc, 0xce, 0x47, 0x00, 0xce, 0xcc,
  0xdb, 0xec, 0xfc, 0xed, 0x0e, 0x02, 0x13, 0x43, 0x32, 0x25, 0x35, 0x15,
  0x47, 0x00, 0x34, 0x31, 0x10, 0xf2, 0xf1, 0xee, 0xcd, 0xcc, 0xda, 0xbc,
  0xcb, 0xfc, 0xee, 0x11, 0x47, 0x00, 0x20, 0x12, 0x22, 0x33, 0x42, 0x33,
  0x42, 0x42, 0x31, 0x02, 0xe0, 0xfc, 0xdb, 0xdc, 0x47, 0x00, 0xdc, 0xdd,
  0xef, 0xff, 0x00, 0x0f, 0x00, 0x10, 0x12, 0x33, 0x43, 0x22, 0x33, 0x12,
  0x48, 0x00, 0xf1, 0xcf, 0xcc, 0xcc, 0xed, 0xdc, 0xcc, 0xbf, 0xef, 0xfe,
  0x0d, 0x1e, 0x10, 0x25, 0x48, 0x00, 0x36, 0x46, 0x53, 0x34, 0x32, 0x00,
  0xdf, 0xec, 0xec, 0xed, 0xdb, 0xed, 0xdd, 0xdd, 0x47, 0x00, 0xef, 0xfe,
  0xf0, 0x10, 0x41, 0x42, 0x24, 0x35, 0x23, 0x13, 0x10, 0xe0, 0xf2, 0x00,
  0x47, 0x00, 0xff, 0xdf, 0xde, 0xcc, 0xac, 0xad, 0xee, 0x1d, 0x1f, 0x23,
  0x42, 0x22, 0x44, 0x42, 0x47, 0x00, 0x33, 0x24, 0x42, 0x32, 0x21, 0xff,
  0x0e, 0xdc, 0xbe, 0xae, 0xcf, 0xdd, 0xfe, 0x0f, 0x48, 0x00, 0x01, 0x30,
  0x21, 0x33, 0x15, 0x34, 0x32, 0x44, 0x36, 0x34, 0x21, 0xff, 0xde, 0xec,
  0x48, 0x00, 0xcd, 0xed, 0x0d, 0x1f, 0x10, 0xe2, 0xf0, 0xef, 0x21, 0x20,
  0x33, 0x54, 0x65, 0x65, 0x48, 0x00, 0x23, 0xf2, 0xff, 0xbd, 0xdf, 0xea,
  0xbc, 0xbc, 0xad, 0xcd, 0xba, 0xdc, 0x0c, 0x31, 0x47, 0x00, 0x23, 0x44,
  0x53, 0x45, 0x44, 0x14, 0x22, 0x10, 0xf1, 0xff, 0xe0, 0xed, 0xbe, 0xde,
  0x47, 0x00, 0xfb, 0xdc, 0xde, 0x0f, 0x10, 0x11, 0x31, 0x31, 0x21, 0x13,
  0x21, 0x01, 0x10, 0x10, 0x49, 0x00, 0x30, 0x12, 0x0f, 0xff, 0xff, 0xba,
  0x9d, 0xca, 0x1c, 0x01, 0x21, 0x02, 0x12, 0xfe, 0x48, 0x00, 0xd0, 0xf3,
  0x11, 0x13, 0x53, 0x23, 0xf4, 0xf1, 0xce, 0xbe, 0xcc, 0xcb, 0xdc, 0xde,
  0x48, 0x00, 0xde, 0xff, 0x1e, 0x1f, 0x43, 0x44, 0x77, 0x75, 0x46, 0x37,
  0x13, 0xd1, 0xdf, 0xeb, 0x47, 0x00, 0xdc, 0xdd, 0xdc, 0xce, 0xee, 0xfe,
  0x0f, 0x10, 0x02, 0x22, 0x12, 0x23, 0x22, 0x12, 0x48, 0x00, 0x05, 0xf1,
  0xf0, 0xed, 0xdd, 0xdd, 0xdd, 0xef, 0xf0, 0xf0, 0xdf, 0xef, 0xfd, 0xff,
  0x48, 0x00, 0xff, 0x20, 0x10, 0x21, 0x12, 0x21, 0x21, 0x20, 0x43, 0x42,
  0x23, 0x01, 0xfe, 0xce, 0x47, 0x00, 0xde, 0xcd, 0xce, 0xde, 0xee, 0xfe,
  0x0f, 0x00, 0x11, 0x22, 0x33, 0x23, 0x34, 0x32, 0x47, 0x00, 0x22, 0x00,
  0xff, 0xef, 0xfc, 0xec, 0xec, 0xee, 0xee, 0xff, 0x1f, 0x00, 0x11, 0x21,
  0x49, 0x00, 0x73, 0x56, 0x63, 0x22, 0xd2, 0xd0, 0xfb, 0xcb, 0xcd, 0xdc,
  0xfd, 0xf1, 0x1f, 0x03, 0x49, 0x00, 0x13, 0xf3, 0x01, 0xef, 0xef, 0xed,
  0xee, 0x2e, 0x20, 0x51, 0x31, 0x23, 0x22, 0x42, 0x48, 0x00, 0x21, 0x11,
  0x20, 0xef, 0xb0, 0xac, 0xac, 0xd9, 0xda, 0x1d, 0x2f, 0x23, 0x25, 0x53,
  0x47, 0x00, 0x22, 0x22, 0x13, 0x32, 0x02, 0xf2, 0x00, 0xfd, 0xed, 0xcd,
  0xde, 0xd0, 0xe1, 0x10, 0x48, 0x00, 0x20, 0x43, 0x41, 0x34, 0x34, 0x22,
  0x03, 0xf2, 0x0f, 0xed, 0xfc, 0xdd, 0xd0, 0xde, 0x49, 0x00, 0xdf, 0xee,
  0x10, 0x31, 0x75, 0x44, 0x45, 0x31, 0xe4, 0xef, 0xfd, 0x2d, 0x73, 0x44,
  0x28, 0x00, 0xff, 0x0f, 0x00, 0x0f, 0xef, 0xff, 0x0e, 0xfe, 0xfe, 0xed,
  0xcb, 0xba, 0xba, 0x0d, 0x48, 0x00, 0x0d, 0x32, 0x63, 0x66, 0x67, 0x56,
  0x44, 0x14, 0x23, 0x10, 0x1e, 0xdf, 0xdd, 0xdc, 0x48, 0x00, 0xcc, 0xdc,
  0xee, 0x0e, 0x31, 0x21, 0x35, 0x33, 0x24, 0x12, 0xf1, 0xd1, 0xe0, 0xec,
  0x48, 0x00, 0xde, 0xee, 0x0f, 0x1f, 0x10, 0x11, 0x11, 0x12, 0x31, 0x00,
  0x12, 0x32, 0x01, 0xf1, 0x48, 0x00, 0xef, 0xef, 0xff, 0xf0, 0x30, 0x31,
  0x25, 0x25, 0x23, 0x0f, 0xce, 0xbf, 0xed, 0xdc, 0x48, 0x00, 0xcd, 0xde,
  0xde, 0xee, 0xdf, 0x0e, 0x20, 0x54, 0x74, 0x74, 0x63, 0x22, 0xf4, 0xff,
  0x49, 0x00, 0xdd, 0xe9, 0xca, 0xdd, 0xce, 0xce, 0x10, 0x3e, 0x14, 0x45,
  0x46, 0x32, 0x22, 0x0e, 0x48, 0x00, 0xee, 0xed, 0xed, 0xcd, 0xbd, 0xae,
  0xed, 0x2d, 0x1e, 0x32, 0x34, 0x35, 0x24, 0x04, 0x49, 0x00, 0x1f, 0x2e,
  0x41, 0x4f, 0x12, 0x02, 0xf0, 0xee, 0xac, 0xed, 0x0c, 0x51, 0x11, 0xe3,
  0x48, 0x00, 0xdf, 0xbc, 0xcc, 0xcb, 0xbb, 0xed, 0xee, 0x22, 0x20, 0x11,
  0x31, 0x63, 0x43, 0x46, 0x48, 0x00, 0x43, 0x23, 0x20, 0x1f, 0xdd, 0xdd,
  0xdc, 0xeb, 0xee, 0xcd, 0xce, 0xf1, 0x2f, 0x11, 0x49, 0x00, 0x31, 0x31,
  0xe2, 0xc2, 0xce, 0xca, 0xcb, 0xdd, 0xff, 0x0f, 0xfd, 0x2c, 0x11, 0x01,
  0x48, 0x00, 0x22, 0x32, 0x32, 0x33, 0x00, 0xe1, 0xee, 0xdf, 0x0c, 0xfe,
  0xf0, 0x0f, 0x02, 0xf0, 0x48, 0x00, 0xff, 0xff, 0x1f, 0xf1, 0x00, 0x0f,
  0x0e, 0xee, 0xdd, 0xdd, 0xfe, 0x0f, 0x21, 0x12, 0x48, 0x00, 0x01, 0x22,
  0x22, 0x31, 0x21, 0x11, 0x10, 0xf1, 0x0f, 0xfb, 0xec, 0xfd, 0x10, 0x00,
  0x48, 0x00, 0xe1, 0x01, 0x11, 0x00, 0x10, 0x1f, 0x20, 0x01, 0xe2, 0xff,
  0xec, 0xdc, 0xdf, 0xf1, 0x49, 0x00, 0x0f, 0x31, 0x44, 0x26, 0x11, 0x02,
  0x24, 0x54, 0x35, 0x35, 0x10, 0xc0, 0x0c, 0xfc, 0x49, 0x00, 0xeb, 0xdc,
  0x32, 0x02, 0x01, 0xcd, 0x0f, 0xe2, 0x20, 0x2f, 0x31, 0x02, 0xf0, 0xff,
  0x49, 0x00, 0x0e, 0x0d, 0x13, 0x47, 0x17, 0x31, 0x1f, 0x20, 0xef, 0xef,
  0x10, 0x33, 0x21, 0xef, 0x49, 0x00, 0xbf, 0xed, 0xfc, 0x22, 0x24, 0x44,
  0x43, 0x37, 0x33, 0x00, 0x0d, 0x21, 0x03, 0x22, 0x49, 0x00, 0xde, 0xbf,
  0xec, 0xec, 0xcc, 0xcd, 0x0e, 0x10, 0x31, 0xf0, 0x00, 0x32, 0x53, 0x54,
  0x49, 0x00, 0x54, 0x22, 0x25, 0x25, 0x12, 0xe1, 0x12, 0x23, 0x23, 0xf0,
  0xee, 0x0d, 0xed, 0xe0, 0x49, 0x00, 0xf0, 0xf1, 0x0e, 0x01, 0xed, 0xca,
  0xab, 0xfc, 0xff, 0xf0, 0x20, 0x22, 0x24, 0x2f, 0x48, 0x00, 0x11, 0x22,
  0x41, 0x52, 0x53, 0x32, 0x11, 0x11, 0xf0, 0xe0, 0xfd, 0x0f, 0xe0, 0xd0,
  0x49, 0x00, 0xbc, 0xbb, 0xbe, 0xeb, 0xcc, 0xce, 0xfd, 0xdf, 0x0e, 0xd0,
  0xef, 0x33, 0x54, 0x44, 0x48, 0x00, 0x12, 0x13, 0x44, 0x42, 0x14, 0x25,
  0x32, 0x01, 0xe1, 0xed, 0xcb, 0xdb, 0xed, 0xdd, 0x49, 0x00, 0xca, 0xd9,
  0xbd, 0xde, 0xdf, 0x0e, 0x21, 0x63, 0x76, 0x32, 0x2f, 0xfd, 0xd0, 0xed,
  0x49, 0x00, 0xde, 0x1e, 0x24, 0x35, 0x26, 0x16, 0x22, 0x43, 0x32, 0x21,
  0xd0, 0xef, 0xff, 0xbb, 0x48, 0x00, 0xcc, 0xbd, 0xcd, 0xee, 0xfc, 0xff,
  0x2d, 0x00, 0x03, 0x13, 0x2f, 0x0f, 0x01, 0xf1, 0x49, 0x00, 0xed, 0xcf,
  0x22, 0x24, 0x36, 0x42, 0x34, 0x23, 0x52, 0x30, 0x2f, 0x01, 0x1e, 0xce,
  0x48, 0x00, 0xbd, 0xaa, 0xaa, 0xca, 0xbd, 0xee, 0x00, 0x42, 0x13, 0x34,
  0x41, 0x41, 0x41, 0x31, 0x48, 0x00, 0x12, 0x10, 0xf0, 0xe0, 0xef, 0xdd,
  0xec, 0xff, 0x0f, 0x10, 0x21, 0x11, 0x22, 0xf0, 0x48, 0x00, 0xf0, 0xcd,
  0xed, 0xeb, 0xeb, 0xdd, 0xfe, 0x00, 0x01, 0x13, 0x30, 0x23, 0x33, 0x35,
  0x48, 0x00, 0x24, 0x05, 0x24, 0xf0, 0xef, 0xae, 0xcd, 0xdc, 0xdf, 0xef,
  0x21, 0x10, 0x12, 0x30, 0x48, 0x00, 0x0d, 0xde, 0xc0, 0xff, 0xfe, 0xfd,
  0x0d, 0xef, 0xf0, 0x0f, 0x30, 0x52, 0x56, 0x75, 0x47, 0x00, 0x33, 0x33,
  0x21, 0x11, 0x0e, 0xed, 0xed, 0xec, 0xec, 0xec, 0xce, 0xff, 0x0e, 0x0f,
  0x48, 0x00, 0x01, 0x21, 0x42, 0x44, 0x34, 0x16, 0x14, 0x14, 0x21, 0x0e,
  0xf0, 0x11, 0x33, 0x25, 0x48, 0x00, 0x44, 0x24, 0x23, 0xf1, 0xdf, 0xbe,
  0xcb, 0xba, 0xcb, 0xaa, 0x9c, 0xdb, 0xdc, 0x0d, 0x47, 0x00, 0x00, 0x31,
  0x32, 0x34, 0x35, 0x43, 0x21, 0x12, 0x00, 0xf0, 0x0f, 0xef, 0xf2, 0xf0,
  0x47, 0x00, 0xf2, 0xf1, 0x11, 0xf1, 0x01, 0x01, 0xf0, 0xe1, 0xe0, 0xee,
  0xed, 0xcc, 0xde, 0xed, 0x47, 0x00, 0x0e, 0x0f, 0x21, 0x33, 0x43, 0x34,
  0x25, 0x34, 0x22, 0x13, 0x01, 0x20, 0x0f, 0x0f, 0x47, 0x00, 0xfe, 0x0e,
  0xfd, 0xfe, 0xf0, 0x0f, 0x1f, 0x00, 0x0f, 0xfe, 0xfd, 0xdc, 0xde, 0xee,
  0x47, 0x00, 0xfe, 0x0f, 0x21, 0x31, 0x13, 0x45, 0x24, 0x46, 0x34, 0x34,
  0x22, 0x11, 0xd1, 0xd0, 0x47, 0x00, 0xbf, 0xdd, 0xcc, 0xbf, 0xdf, 0x1e,
  0x2d, 0x1f, 0xf1, 0x12, 0x0f, 0x10, 0xff, 0x0f, 0x47, 0x00, 0xff, 0xff,
  0x0f, 0x00, 0x10, 0x01, 0x13, 0x33, 0x33, 0x24, 0x25, 0x23, 0xf2, 0xf2,
  0x47, 0x00, 0xee, 0xce, 0xdd, 0xcd, 0xed, 0xec, 0x0d, 0xfe, 0xf0, 0x20,
  0x2e, 0x00, 0xf3, 0x31, 0x48, 0x00, 0x2d, 0x2f, 0x1d, 0x0e, 0xfe, 0xf2,
  0x32, 0x52, 0x75, 0x75, 0x75, 0x55, 0x43, 0xf2, 0x47, 0x00, 0xf0, 0xde,
  0xdd, 0xda, 0xbc, 0xcb, 0xea, 0xec, 0x1c, 0x0e, 0x21, 0x31, 0x24, 0x25,
  0x47, 0x00, 0x16, 0x25, 0x13, 0x02, 0xe2, 0xe1, 0x00, 0x1d, 0x0e, 0xe0,
  0xf1, 0xe2, 0x01, 0x10, 0x47, 0x00, 0x0f, 0xff, 0xef, 0xdf, 0xdf, 0xec,
  0xed, 0xfc, 0x0c, 0xf0, 0x01, 0x23, 0x33, 0x44, 0x47, 0x00, 0x53, 0x52,
  0x03, 0x04, 0xf2, 0xd1, 0xd0, 0xcf, 0xcf, 0xee, 0xfc, 0xef, 0x0f, 0x00,
  0x48, 0x00, 0x11, 0x31, 0x20, 0x00, 0xff, 0xde, 0xdc, 0xea, 0xbb, 0xdd,
  0xee, 0x11, 0x33, 0x75, 0x47, 0x00, 0x53, 0x62, 0x44, 0x53, 0x32, 0x21,
  0xe1, 0xe0, 0xfc, 0xcc, 0xbc, 0xdc, 0xdb, 0xfc, 0x48, 0x00, 0xda, 0xee,
  0x10, 0x02, 0x13, 0x23, 0x32, 0x20, 0x02, 0x02, 0x21, 0x30, 0x51, 0x42,
  0x47, 0x00, 0x42, 0x23, 0x43, 0x42, 0x12, 0x12, 0xf0, 0xef, 0xcd, 0xad,
  0xbc, 0xab, 0xcb, 0xcc, 0x47, 0x00, 0xfc, 0xfe, 0x20, 0x31, 0x33, 0x34,
  0x26, 0x35, 0x24, 0x22, 0x11, 0x2f, 0x1e, 0x0e, 0x47, 0x00, 0xf0, 0x00,
  0x00, 0x20, 0x01, 0x02, 0x03, 0x00, 0xe1, 0xe0, 0xde, 0xdd, 0xdb, 0xbc,
  0x47, 0x00, 0xcd, 0xdd, 0xdf, 0x10, 0x11, 0x13, 0x35, 0x34, 0x45, 0x53,
  0x32, 0x13, 0x13, 0x10, 0x47, 0x00, 0x2f, 0x2d, 0x1d, 0xff, 0xe1, 0xf1,
  0x10, 0xff, 0xe2, 0xef, 0xc0, 0xce, 0xdd, 0xcb, 0x47, 0x00, 0xcc, 0xdc,
  0xee, 0x1e, 0x2f, 0x32, 0x34, 0x56, 0x66, 0x56, 0x57, 0x45, 0x33, 0x21,
  0x47, 0x00, 0x0e, 0xbf, 0xce, 0xad, 0xbd, 0xcd, 0xcd, 0xfe, 0xfe, 0xff,
  0xf1, 0xf1, 0x10, 0x1f, 0x27, 0x00, 0x24, 0x21, 0xdf, 0xcf, 0xcd, 0xeb,
  0xed, 0x0e, 0x11, 0x33, 0x44, 0x64, 0x52, 0x22, 0x47, 0x00, 0xf1, 0xfe,
  0xde, 0xad, 0xce, 0xcb, 0xcd, 0xed, 0xfd, 0x0e, 0x1f, 0x2f, 0x20, 0x02,
  0x47, 0x00, 0xf3, 0x22, 0x0f, 0xe2, 0x00, 0x1f, 0x00, 0x11, 0x31, 0x33,
  0x43, 0x53, 0x52, 0x32, 0x46, 0x00, 0x20, 0xf0, 0xf0, 0xfe, 0xde, 0xcf,
  0xdd, 0xde, 0xed, 0xfe, 0x1d, 0x1f, 0x2f, 0x12, 0x47, 0x00, 0x44, 0x45,
  0x35, 0x54, 0x32, 0x32, 0x20, 0x10, 0x01, 0x0f, 0x00, 0x0f, 0xf0, 0xf0,
  0x47, 0x00, 0x0f, 0xfe, 0xdf, 0xee, 0xdd, 0xcc, 0xcd, 0xcc, 0xdd, 0x0c,
  0xfe, 0x11, 0x32, 0x34, 0x47, 0x00, 0x55, 0x55, 0x64, 0x54, 0x32, 0x03,
  0x02, 0xff, 0xef, 0xdd, 0xed, 0xec, 0xed, 0xee, 0x48, 0x00, 0xfe, 0x1f,
  0x1f, 0x10, 0xf0, 0xe0, 0xdd, 0xbd, 0xcb, 0xab, 0xdc, 0xcd, 0xf1, 0x03,
  0x47, 0x00, 0x23, 0x43, 0x45, 0x54, 0x55, 0x44, 0x24, 0x04, 0x01, 0xd0,
  0xde, 0xcd, 0xcc, 0xac, 0x47, 0x00, 0xce, 0xec, 0xec, 0xef, 0xfe, 0xe0,
  0xf1, 0x0f, 0x00, 0x2f, 0x1f, 0x20, 0x30, 0x11, 0x46, 0x00, 0x22, 0x11,
  0x33, 0x21, 0x23, 0x13, 0x21, 0x10, 0xf0, 0xd0, 0xef, 0xdd, 0xce, 0xdd,
  0x46, 0x00, 0xdd, 0xee, 0xee, 0xf0, 0x00, 0x01, 0x22, 0x21, 0x22, 0x12,
  0x22, 0x01, 0x12, 0x00, 0x47, 0x00, 0x01, 0xf1, 0x01, 0x01, 0x02, 0x02,
  0x12, 0x11, 0x10, 0xf0, 0x1e, 0xdc, 0xde, 0xcc, 0x47, 0x00, 0xcc, 0xdb,
  0xcc, 0xde, 0xfe, 0x00, 0x20, 0x13, 0x34, 0x52, 0x34, 0x34, 0x51, 0x31,
  0x47, 0x00, 0x20, 0x02, 0x11, 0x2f, 0xf1, 0x01, 0x01, 0x01, 0xf0, 0xe1,
  0xff, 0xed, 0xcd, 0xbd, 0x47, 0x00, 0xdb, 0xba, 0xdb, 0xdb, 0xde, 0x10,
  0x3f, 0x33, 0x55, 0x66, 0x67, 0x67, 0x65, 0x45, 0x47, 0x00, 0x23, 0x21,
  0xff, 0xfd, 0xcd, 0xdb, 0xbc, 0xdc, 0xfa, 0xfb, 0xed, 0x0e, 0x0e, 0x0e,
  0x47, 0x00, 0xe1, 0x10, 0x1e, 0x2f, 0x1f, 0x10, 0x22, 0x31, 0x23, 0x34,
  0x44, 0x43, 0x34, 0x32, 0x47, 0x00, 0x12, 0x01, 0xef, 0xef, 0xcd, 0xdc,
  0xdc, 0xea, 0xcd, 0xdf, 0xff, 0x0f, 0x10, 0x20, 0x47, 0x00, 0x3f, 0x00,
  0xf3, 0x01, 0x10, 0x0f, 0x01, 0x1f, 0x02, 0x22, 0x42, 0x32, 0x34, 0x44,
  0x46, 0x00, 0x12, 0x11, 0x01, 0x00, 0xef, 0xef, 0xde, 0xed, 0xdd, 0xce,
  0xdf, 0xef, 0xe0, 0xf1, 0x47, 0x00, 0x14, 0x42, 0x52, 0x63, 0x52, 0x25,
  0x16, 0x34, 0x31, 0x12, 0x11, 0x11, 0xf0, 0x01, 0x27, 0x00, 0xbc, 0xee,
  0xfe, 0x00, 0x1f, 0x00, 0x2e, 0xff, 0xff, 0xe1, 0x10, 0x11, 0x33, 0x44,
  0x47, 0x00, 0x34, 0x54, 0x45, 0x46, 0x56, 0x43, 0x33, 0x21, 0x2f, 0xfe,
  0xfe, 0xec, 0xde, 0xfd, 0x48, 0x00, 0xd9, 0x0b, 0xec, 0xd0, 0xe1, 0xd0,
  0x0f, 0xdc, 0xdd, 0xdb, 0xbc, 0xcd, 0xed, 0x0e, 0x47, 0x00, 0x10, 0x21,
  0x42, 0x52, 0x54, 0x53, 0x45, 0x34, 0x33, 0x31, 0x0f, 0xd0, 0xc0, 0xde,
  0x47, 0x00, 0xbd, 0xbe, 0xdd, 0xdc, 0xec, 0xce, 0xfe, 0xde, 0xff, 0xff,
  0x0f, 0x00, 0x01, 0x22, 0x47, 0x00, 0x22, 0x34, 0x63, 0x63, 0x45, 0x55,
  0x45, 0x34, 0x02, 0x02, 0xcf, 0xbf, 0xbc, 0x9b, 0x46, 0x00, 0xed, 0xdc,
  0xed, 0xde, 0xff, 0xff, 0x10, 0x10, 0x02, 0x13, 0x22, 0x21, 0x03, 0x31,
  0x48, 0x00, 0x6e, 0x23, 0x14, 0x32, 0x20, 0x21, 0x03, 0x11, 0x10, 0xf0,
  0xff, 0xcd, 0xcc, 0xbb, 0x47, 0x00, 0xbd, 0xce, 0xbd, 0xde, 0xdd, 0xef,
  0x0f, 0x00, 0x21, 0x32, 0x41, 0x42, 0x51, 0x41, 0x28, 0x00, 0x43, 0x12,
  0xfd, 0xcc, 0x9b, 0xac, 0xc9, 0xca, 0xeb, 0xdb, 0xdf, 0xec, 0xcd, 0xbb,
  0x47, 0x00, 0xdc, 0xda, 0xca, 0xcb, 0xeb, 0xec, 0x0e, 0x1f, 0x23, 0x44,
  0x54, 0x57, 0x66, 0x47, 0x47, 0x00, 0x56, 0x53, 0x22, 0x21, 0x0e, 0x0d,
  0xdb, 0xbd, 0xcd, 0xcb, 0xec, 0xdb, 0xed, 0xed, 0x47, 0x00, 0xd0, 0xff,
  0x0f, 0x1f, 0x2f, 0x10, 0x31, 0x21, 0x23, 0x34, 0x33, 0x34, 0x34, 0x34,
  0x47, 0x00, 0x22, 0xf3, 0x12, 0xef, 0xe0, 0xed, 0xcd, 0xcd, 0xbe, 0xbf,
  0xcf, 0xd0, 0x0f, 0x1e, 0x48, 0x00, 0x1d, 0x11, 0x10, 0x20, 0x01, 0xf2,
  0x02, 0x02, 0x22, 0x22, 0x44, 0x64, 0x65, 0x76, 0x47, 0x00, 0x43, 0x42,
  0x32, 0x20, 0xe1, 0xe1, 0xde, 0xdc, 0xac, 0x9d, 0x9d, 0xad, 0xae, 0xcf,
  0x47, 0x00, 0xef, 0xe1, 0x22, 0x30, 0x24, 0x54, 0x42, 0x45, 0x33, 0x54,
  0x22, 0x23, 0x22, 0x02, 0x47, 0x00, 0xf2, 0xf1, 0xf0, 0xee, 0xed, 0xec,
  0xbc, 0xbd, 0xcc, 0xea, 0xbc, 0xee, 0xfd, 0x0f, 0x47, 0x00, 0x20, 0x22,
  0x53, 0x52, 0x45, 0x45, 0x54, 0x23, 0x15, 0x21, 0xe2, 0x00, 0xff, 0xfd,
  0x48, 0x00, 0xdc, 0xcc, 0xdb, 0xdd, 0xdd, 0xee, 0xed, 0xdd, 0xcf, 0xed,
  0xeb, 0xcc, 0xce, 0xfd, 0x47, 0x00, 0xff, 0x01, 0x20, 0x40, 0x22, 0x24,
  0x35, 0x34, 0x44, 0x33, 0x22, 0x03, 0x20, 0xff, 0x47, 0x00, 0x0e, 0xed,
  0xce, 0xde, 0xdc, 0xdd, 0xcd, 0xde, 0xed, 0xed, 0xef, 0xfe, 0x0f, 0xf1,
  0x47, 0x00, 0x21, 0x30, 0x33, 0x33, 0x45, 0x54, 0x36, 0x54, 0x43, 0x32,
  0x11, 0xf1, 0xfe, 0xec, 0x47, 0x00, 0xdb, 0xaa, 0xad, 0xcb, 0xda, 0xea,
  0xde, 0x0e, 0x0f, 0x21, 0x21, 0x42, 0x32, 0x33, 0x48, 0x00, 0x66, 0x45,
  0x36, 0x45, 0x42, 0x22, 0x13, 0xf3, 0xf3, 0xf2, 0x1f, 0xfd, 0xee, 0xeb,
  0x48, 0x00, 0xcb, 0xab, 0xac, 0xba, 0xba, 0xbc, 0xfb, 0xfc, 0x2d, 0x2f,
  0x30, 0x33, 0x63, 0x52, 0x48, 0x00, 0x54, 0x63, 0x53, 0x43, 0x34, 0x34,
  0x22, 0x24, 0x21, 0x12, 0x1f, 0xff, 0xee, 0xdc, 0x47, 0x00, 0xdd, 0xde,
  0xeb, 0xcb, 0xbd, 0xcd, 0xde, 0xdf, 0xf0, 0xf2, 0x23, 0x33, 0x35, 0x45,
  0x47, 0x00, 0x37, 0x45, 0x54, 0x23, 0x23, 0x20, 0xff, 0xd0, 0xdf, 0xdd,
  0xcd, 0xbd, 0xce, 0xdd, 0x47, 0x00, 0xec, 0xed, 0xfe, 0x0d, 0xff, 0x00,
  0x01, 0x12, 0x31, 0x31, 0x33, 0x32, 0x34, 0x42, 0x48, 0x00, 0x45, 0x37,
  0x34, 0x12, 0xf1, 0xd0, 0xdd, 0xcc, 0xab, 0xac, 0xca, 0xbb, 0xdb, 0xec,
  0x48, 0x00, 0xfc, 0x1d, 0x1d, 0x1e, 0x1f, 0x01, 0x10, 0x12, 0x11, 0x22,
  0x32, 0x23, 0x45, 0x54, 0x47, 0x00, 0x23, 0x32, 0x13, 0x33, 0x20, 0x01,
  0x00, 0xdf, 0xd0, 0xfc, 0xbc, 0xce, 0xdb, 0xeb, 0x47, 0x00, 0xec, 0xfc,
  0xfe, 0xff, 0xe3, 0x32, 0x21, 0x24, 0x33, 0x44, 0x33, 0x24, 0x34, 0x32,
  0x47, 0x00, 0x22, 0x11, 0x11, 0xff, 0xf0, 0xee, 0xfc, 0xcd, 0xdc, 0xad,
  0xde, 0xfa, 0xdc, 0xee, 0x47, 0x00, 0xef, 0xf1, 0x02, 0x13, 0x33, 0x52,
  0x43, 0x33, 0x25, 0x33, 0x22, 0x31, 0x00, 0xf1, 0x48, 0x00, 0xe1, 0xfe,
  0xec, 0xdc, 0xdd, 0xdc, 0xdc, 0xce, 0xec, 0xec, 0xec, 0xec, 0xec, 0xde,
  0x48, 0x00, 0xee, 0xd1, 0x10, 0x30, 0x40, 0x52, 0x53, 0x64, 0x55, 0x66,
  0x55, 0x54, 0x34, 0x42, 0x48, 0x00, 0x1f, 0xf1, 0xee, 0xed, 0xcb, 0xcb,
  0xba, 0xab, 0xc9, 0xba, 0xca, 0xbb, 0xde, 0x0c, 0x47, 0x00, 0xff, 0x02,
  0x01, 0x14, 0x42, 0x23, 0x35, 0x44, 0x62, 0x41, 0x33, 0x40, 0x1f, 0x00,
  0x47, 0x00, 0xee, 0xfe, 0xdb, 0xcd, 0xcc, 0xdc, 0xbd, 0xed, 0xfd, 0xee,
  0xe1, 0x01, 0x12, 0x21, 0x48, 0x00, 0x53, 0x46, 0x55, 0x55, 0x54, 0x44,
  0x15, 0x25, 0x32, 0x20, 0x10, 0x0f, 0xff, 0xed, 0x28, 0x00, 0xef, 0xdf,
  0xf1, 0x0e, 0x1e, 0x0e, 0x0f, 0xf0, 0x02, 0x21, 0x21, 0x32, 0x34, 0x43,
  0x48, 0x00, 0x33, 0x23, 0x53, 0x52, 0x52, 0x43, 0x33, 0x43, 0x32, 0x22,
  0x12, 0x01, 0x1f, 0x0d, 0x47, 0x00, 0xfe, 0xdf, 0xde, 0xde, 0xce, 0xed,
  0xec, 0xed, 0xee, 0x0e, 0xf0, 0x01, 0x22, 0x41, 0x47, 0x00, 0x22, 0x25,
  0x34, 0x34, 0x33, 0x32, 0x12, 0x02, 0x01, 0x0f, 0xfe, 0xfd, 0xce, 0xbf,
  0x47, 0x00, 0xde, 0xce, 0xed, 0xde, 0xee, 0xef, 0xff, 0xf1, 0x10, 0x02,
  0x22, 0x12, 0x33, 0x13, 0x28, 0x00, 0x13, 0x1f, 0xee, 0xcf, 0xbd, 0xbd,
  0xca, 0xbb, 0xaa, 0xad, 0xdc, 0xeb, 0xee, 0x1e, 0x29, 0x00, 0x2e, 0x41,
  0x53, 0x45, 0x66, 0x64, 0x45, 0x35, 0x35, 0x23, 0x24, 0x34, 0x23, 0x54,
  0x48, 0x00, 0x43, 0x44, 0x44, 0x34, 0x34, 0x22, 0x13, 0x01, 0xff, 0xee,
  0xcd, 0xbd, 0xbc, 0xd9, 0x48, 0x00, 0x9a, 0xbc, 0xbb, 0xcd, 0xde, 0x0d,
  0x10, 0x20, 0x42, 0x52, 0x45, 0x75, 0x55, 0x66, 0x48, 0x00, 0x55, 0x46,
  0x43, 0x33, 0x20, 0x00, 0xed, 0xa0, 0xdc, 0xab, 0xba, 0xaa, 0xab, 0xca,
  0x48, 0x00, 0xcb, 0xfc, 0xed, 0x00, 0x20, 0x32, 0x52, 0x53, 0x54, 0x45,
  0x55, 0x54, 0x52, 0x42, 0x48, 0x00, 0x12, 0x12, 0x00, 0xf0, 0x0e, 0xed,
  0xce, 0xcf, 0xcd, 0xed, 0xcc, 0xec, 0xbe, 0xee, 0x29, 0x00, 0x22, 0x23,
  0x33, 0x53, 0x52, 0x44, 0x65, 0x55, 0x56, 0x46, 0x47, 0x54, 0x52, 0x20,
  0x48, 0x00, 0x32, 0x22, 0x01, 0x01, 0xe0, 0xff, 0xdd, 0xce, 0xcc, 0xcc,
  0xcb, 0xcb, 0xbc, 0xdd, 0x48, 0x00, 0xec, 0x0e, 0x1d, 0x20, 0x21, 0x43,
  0x53, 0x54, 0x46, 0x65, 0x36, 0x45, 0x53, 0x40, 0x48, 0x00, 0x10, 0x00,
  0xfd, 0xce, 0xbd, 0xae, 0xac, 0xbc, 0xbc, 0xdb, 0xdc, 0xcd, 0xe0, 0xe0,
  0x48, 0x00, 0x02, 0x21, 0x23, 0x33, 0x54, 0x42, 0x55, 0x52, 0x33, 0x24,
  0x23, 0x21, 0x10, 0xff, 0x48, 0x00, 0xe0, 0xee, 0xfd, 0xeb, 0xdd, 0xdc,
  0xed, 0xdc, 0xcf, 0xee, 0xef, 0xff, 0xf0, 0x00, 0x29, 0x00, 0x63, 0x23,
  0x26, 0x24, 0x25, 0x43, 0x33, 0x33, 0x42, 0x11, 0x12, 0x1e, 0xed, 0xcb,
  0x48, 0x00, 0xe0, 0xef, 0xee, 0xdc, 0xcc, 0xdc, 0xda, 0xad, 0xce, 0xbe,
  0xd0, 0xe0, 0x1f, 0x02, 0x48, 0x00, 0x31, 0x32, 0x34, 0x43, 0x45, 0x35,
  0x62, 0x34, 0x42, 0x12, 0xf3, 0x11, 0x0d, 0xde, 0x48, 0x00, 0xfd, 0xca,
  0x9e, 0xbd, 0xbc, 0xdb, 0xcc, 0xde, 0xee, 0x1f, 0x2f, 0x30, 0x22, 0x34,
  0x48, 0x00, 0x44, 0x52, 0x25, 0x54, 0x41, 0x31, 0x03, 0x12, 0x00, 0xf0,
  0xff, 0xef, 0x0d, 0xec, 0x29, 0x00, 0xef, 0x1e, 0xff, 0x03, 0x11, 0x31,
  0x2f, 0x12, 0x32, 0x32, 0x33, 0x55, 0x64, 0x75, 0x48, 0x00, 0x32, 0x24,
  0x15, 0x25, 0x14, 0x33, 0x12, 0x11, 0x20, 0xff, 0xe0, 0xef, 0xde, 0xee,
  0x48, 0x00, 0xed, 0xeb, 0xcd, 0xce, 0xce, 0xcf, 0xee, 0xff, 0x1d, 0x10,
  0x10, 0x23, 0x32, 0x34, 0x48, 0x00, 0x35, 0x54, 0x53, 0x34, 0x33, 0x13,
  0x02, 0xf1, 0xff, 0xde, 0xdd, 0xcc, 0xcd, 0xdb, 0x48, 0x00, 0xcc, 0xcd,
  0xfd, 0xfc, 0xef, 0xe1, 0xf2, 0x02, 0x31, 0x12, 0x23, 0x33, 0x42, 0x51,
  0x28, 0x00, 0x0e, 0xfe, 0x0e, 0xed, 0xef, 0xee, 0xde, 0xcf, 0xcf, 0xde,
  0xdd, 0xde, 0xfd, 0xee, 0x49, 0x00, 0xbb, 0xbb, 0xec, 0xfd, 0x0f, 0x20,
  0x12, 0x52, 0x52, 0x34, 0x35, 0x35, 0x36, 0x34, 0x29, 0x00, 0xef, 0xdf,
  0xce, 0xef, 0x0c, 0xed, 0xed, 0xde, 0xcd, 0xcc, 0xca, 0xaa, 0xab, 0xca,
  0x48, 0x00, 0xec, 0x0b, 0xfc, 0x0d, 0xf0, 0x01, 0x32, 0x21, 0x24, 0x34,
  0x43, 0x23, 0x34, 0x32, 0x49, 0x00, 0x60, 0x31, 0x10, 0xf0, 0xff, 0xde,
  0xfb, 0xcb, 0xcc, 0xda, 0xaa, 0xac, 0xbb, 0xcb, 0x28, 0x00, 0x11, 0x12,
  0x31, 0x30, 0x32, 0x32, 0x23, 0x34, 0x34, 0x51, 0x02, 0x03, 0xf1, 0xe0,
  0x49, 0x00, 0x01, 0xf1, 0xdf, 0xde, 0xbb, 0xcc, 0xbb, 0xac, 0xcd, 0xcc,
  0xde, 0xdd, 0xfe, 0xfe, 0x29, 0x00, 0x35, 0x34, 0x23, 0x11, 0x01, 0x01,
  0x01, 0x12, 0x50, 0x12, 0x25, 0x44, 0x31, 0x02, 0x48, 0x00, 0x02, 0x00,
  0xe0, 0xd0, 0xdf, 0xce, 0xcf, 0xed, 0xdd, 0xfd, 0xfd, 0xef, 0x1f, 0x1e,
  0x49, 0x00, 0x00, 0x22, 0x21, 0x23, 0x33, 0x13, 0x45, 0x52, 0x33, 0x55,
  0x52, 0x33, 0x15, 0x14, 0x48, 0x00, 0x10, 0xf0, 0x1e, 0xfd, 0xec, 0xbe,
  0xbf, 0xdd, 0xcd, 0xcf, 0xef, 0xff, 0x00, 0x11, 0x49, 0x00, 0x51, 0x34,
  0x56, 0x64, 0x35, 0x45, 0x34, 0x43, 0x30, 0xf2, 0x03, 0x3e, 0xd0, 0xe2,
  0x29, 0x00, 0xee, 0x0e, 0xf1, 0x20, 0x1f, 0xe0, 0xf1, 0xfd, 0xee, 0xdf,
  0x1e, 0x0f, 0x33, 0x52, 0x49, 0x00, 0x52, 0x43, 0x46, 0x57, 0x55, 0x55,
  0x44, 0x23, 0x21, 0xe1, 0xe1, 0xdf, 0xef, 0xfc, 0x49, 0x00, 0xdd, 0xfd,
  0xec, 0xee, 0x0c, 0xcd, 0xde, 0xde, 0xed, 0xcd, 0xff, 0x0c, 0x00, 0x10,
  0x49, 0x00, 0x41, 0x33, 0x55, 0x64, 0x65, 0x46, 0x46, 0x34, 0x22, 0x00,
  0xe0, 0xdd, 0xbd, 0xad, 0x49, 0x00, 0x9d, 0xbd, 0xeb, 0xeb, 0xec, 0xef,
  0xff, 0xff, 0x01, 0x1f, 0x10, 0xf1, 0x02, 0x22, 0x49, 0x00, 0x20, 0x43,
  0x41, 0x33, 0x45, 0x34, 0x35, 0x33, 0x02, 0x02, 0xef, 0xfd, 0xda, 0xbb,
  0x48, 0x00, 0xdd, 0xde, 0xde, 0xee, 0xef, 0xf0, 0xf1, 0x01, 0x12, 0x11,
  0x22, 0x11, 0x21, 0x11, 0x49, 0x00, 0x11, 0xf3, 0x22, 0x10, 0x02, 0x22,
  0x11, 0x02, 0x21, 0x2f, 0xff, 0xff, 0xed, 0xdc, 0x49, 0x00, 0xcc, 0xac,
  0xbc, 0xcd, 0xdc, 0xee, 0xe1, 0x11, 0x42, 0x42, 0x34, 0x54, 0x44, 0x33,
  0x4a, 0x00, 0x46, 0x24, 0x22, 0x3d, 0xef, 0xef, 0x1d, 0xee, 0x0e, 0xe0,
  0xdf, 0xf0, 0x0b, 0xdb, 0x49, 0x00, 0xed, 0xcd, 0xce, 0xeb, 0xdd, 0xdd,
  0xd1, 0x2f, 0xf3, 0x24, 0x36, 0x55, 0x46, 0x64, 0x49, 0x00, 0x53, 0x42,
  0xf2, 0xf2, 0xff, 0xde, 0xbe, 0xed, 0xdb, 0xce, 0xde, 0xef, 0x0e, 0xef,
  0x49, 0x00, 0xf1, 0x2e, 0x1d, 0x0e, 0xf0, 0x0e, 0xf0, 0x10, 0x01, 0x41,
  0x12, 0x54, 0x52, 0x52, 0x49, 0x00, 0x44, 0x23, 0x12, 0xe2, 0xe1, 0xde,
  0xec, 0xac, 0xbc, 0xbe, 0xdc, 0xbe, 0xe1, 0x1f, 0x4a, 0x00, 0x2e, 0x15,
  0x61, 0x32, 0x14, 0x33, 0x1f, 0x02, 0x1e, 0xf1, 0xe3, 0x24, 0x42, 0x64,
  0x49, 0x00, 0x41, 0x31, 0x23, 0x02, 0x02, 0x0f, 0xed, 0xcf, 0xcc, 0xea,
  0xca, 0xdb, 0xcd, 0x0e, 0x49, 0x00, 0x0e, 0x00, 0x14, 0x41, 0x43, 0x32,
  0x15, 0x31, 0x03, 0x02, 0x11, 0x1f, 0x0f, 0xe2, 0x29, 0x00, 0xae, 0xef,
  0x0f, 0x30, 0x21, 0x32, 0x21, 0x2f, 0xef, 0xee, 0xbd, 0xbe, 0xec, 0xec,
  0x49, 0x00, 0x0f, 0x00, 0x31, 0x33, 0x43, 0x36, 0x54, 0x34, 0x33, 0x01,
  0x22, 0x1c, 0xde, 0xdf, 0x49, 0x00, 0xee, 0xed, 0xee, 0xe0, 0x0f, 0xf1,
  0x10, 0x10, 0x0f, 0x0f, 0xff, 0xee, 0xc0, 0xef, 0x49, 0x00, 0xfe, 0x0e,
  0x0f, 0x20, 0x21, 0x33, 0x23, 0x25, 0x25, 0x42, 0x30, 0x00, 0xe1, 0xdf,
  0x4a, 0x00, 0x90, 0xba, 0xbb, 0xc9, 0xdd, 0x0c, 0xee, 0x11, 0x2e, 0xf1,
  0x04, 0xef, 0x10, 0xfb, 0x49, 0x00, 0xd0, 0xf0, 0x0e, 0x00, 0x20, 0x31,
  0x31, 0x33, 0x52, 0x24, 0x33, 0x12, 0x20, 0xfe, 0x49, 0x00, 0xde, 0xdd,
  0xcc, 0xbc, 0xeb, 0xdc, 0xde, 0xd1, 0x20, 0x20, 0x41, 0x40, 0x31, 0x13,
  0x4a, 0x00, 0x24, 0x23, 0x1f, 0xf0, 0x0e, 0xff, 0xfe, 0x11, 0x11, 0x12,
  0x23, 0x61, 0x3e, 0xf2, 0x4a, 0x00, 0x2e, 0xdc, 0xcc, 0xab, 0xaa, 0xcb,
  0xc9, 0xdd, 0x1e, 0x3e, 0x32, 0x73, 0x64, 0x44, 0x4a, 0x00, 0x75, 0x50,
  0xf2, 0x02, 0x1d, 0x0b, 0xdc, 0x0c, 0xed, 0x0f, 0x01, 0x22, 0x51, 0x21,
  0x49, 0x00, 0x12, 0x10, 0x0f, 0xef, 0xdf, 0xed, 0xdd, 0xdd, 0xed, 0xef,
  0x0f, 0x11, 0x21, 0x34, 0x49, 0x00, 0x42, 0x34, 0x52, 0x32, 0x30, 0x2f,
  0xee, 0xf0, 0xed, 0xed, 0xee, 0xde, 0x0f, 0xef, 0x4a, 0x00, 0x11, 0x2f,
  0x31, 0x3d, 0xe1, 0x00, 0x0e, 0xee, 0xfd, 0x1b, 0xee, 0xf0, 0x22, 0x52,
  0x49, 0x00, 0x40, 0x22, 0x42, 0x21, 0x13, 0x01, 0x1f, 0xfe, 0xce, 0xc0,
  0xec, 0xdd, 0xcf, 0xf0, 0x4a, 0x00, 0x1d, 0x20, 0x22, 0x44, 0x25, 0x44,
  0x22, 0x11, 0xe1, 0x1c, 0xfa, 0xbd, 0xdd, 0xff, 0x49, 0x00, 0x0f, 0x10,
  0x02, 0x14, 0x51, 0x21, 0x13, 0x31, 0x0f, 0x0f, 0xfe, 0xfd, 0xdc, 0xde,
  0x49, 0x00, 0xce, 0xe0, 0x0e, 0xf0, 0x12, 0x20, 0x12, 0x32, 0x10, 0x02,
  0x11, 0x0f, 0x0f, 0xef, 0x49, 0x00, 0x10, 0x0d, 0x10, 0xe1, 0x12, 0x21,
  0x20, 0x02, 0x10, 0xe1, 0xf0, 0xfe, 0xce, 0xee, 0x4a, 0x00, 0xca, 0xea,
  0xcb, 0xf0, 0x02, 0x42, 0x54, 0x74, 0x64, 0x54, 0x15, 0x33, 0x0d, 0xee,
  0x4a, 0x00, 0xae, 0xbe, 0xea, 0xbb, 0xde, 0xe1, 0x4f, 0x3f, 0x23, 0x35,
  0x22, 0x05, 0x03, 0xff, 0x4a, 0x00, 0xce, 0x1d, 0xc9, 0xcd, 0xfb, 0x1c,
  0xfe, 0x22, 0x21, 0x34, 0x34, 0x25, 0x43, 0x20, 0x4a, 0x00, 0xf1, 0x0f,
  0xfc, 0xdd, 0xec, 0xee, 0xed, 0xe1, 0x21, 0x11, 0x13, 0x13, 0x12, 0x01,
  0x4a, 0x00, 0xd1, 0xe0, 0x0b, 0xda, 0xbd, 0xdf, 0xfd, 0x2e, 0x4f, 0x40,
  0x36, 0x44, 0x57, 0x53, 0x49, 0x00, 0x20, 0xf1, 0xe1, 0xef, 0xfe, 0xdc,
  0xbf, 0xd0, 0x1d, 0xfe, 0x01, 0x20, 0x21, 0x22, 0x4a, 0x00, 0x25, 0x14,
  0x24, 0xe1, 0x20, 0x0a, 0xdc, 0xdd, 0x0b, 0xce, 0x00, 0x2e, 0x12, 0x22,
  0x4a, 0x00, 0x33, 0x41, 0xf3, 0x12, 0x0e, 0xc1, 0xcf, 0xfd, 0xdb, 0xef,
  0x1d, 0x1d, 0xf1, 0x04, 0x4a, 0x00, 0x33, 0x13, 0x14, 0x21, 0x00, 0x2d,
  0xfc, 0xfb, 0xbd, 0xee, 0xfc, 0xf0, 0x1f, 0x50, 0x4a, 0x00, 0x22, 0x45,
  0x53, 0x41, 0x31, 0x10, 0xff, 0xdc, 0xcd, 0xbb, 0xbc, 0xeb, 0xcd, 0x00,
  0x4a, 0x00, 0x2d, 0x04, 0x63, 0x23, 0x27, 0x43, 0x23, 0x3f, 0x0d, 0xc0,
  0xdd, 0xaf, 0xfd, 0xcd, 0x4a, 0x00, 0x0e, 0xe0, 0xe3, 0x04, 0x42, 0x22,
  0x22, 0x3e, 0xc3, 0xf0, 0xdf, 0xb0, 0xfe, 0x0c, 0x4a, 0x00, 0x1c, 0xef,
  0xf2, 0x04, 0x13, 0x05, 0x22, 0x13, 0x10, 0x0f, 0xcf, 0xff, 0xdc, 0xef,
  0x4a, 0x00, 0xdd, 0xd2, 0x20, 0x20, 0x33, 0x42, 0x23, 0x33, 0x22, 0xd2,
  0x01, 0xdd, 0xcc, 0xdc, 0x4a, 0x00, 0xdb, 0xbb, 0xc0, 0x0e, 0x11, 0x40,
  0x42, 0x53, 0x53, 0x43, 0x13, 0xf3, 0x01, 0xee, 0x4a, 0x00, 0xfe, 0xcb,
  0xde, 0xdc, 0xef, 0xef, 0x01, 0x11, 0x12, 0x60, 0xf1, 0x21, 0x01, 0x1e,
  0x4a, 0x00, 0xdf, 0xef, 0xfd, 0xee, 0x1e, 0x0d, 0x02, 0x30, 0x12, 0x33,
  0x21, 0x02, 0x13, 0x2d, 0x4a, 0x00, 0xef, 0xee, 0xed, 0xce, 0xd0, 0x1c,
  0xe0, 0x10, 0x13, 0x21, 0x23, 0x03, 0x13, 0x2f, 0x4a, 0x00, 0x0e, 0xa0,
  0xc0, 0xec, 0xec, 0xec, 0xee, 0x0f, 0xf3, 0x33, 0x33, 0x43, 0x54, 0x33,
  0x4a, 0x00, 0x23, 0xf1, 0xe2, 0x0e, 0xbd, 0xbd, 0xce, 0xbc, 0xfe, 0xfd,
  0x0f, 0x0f, 0x13, 0xf3, 0x4b, 0x00, 0x57, 0x31, 0x34, 0x11, 0x1f, 0x1d,
  0xbe, 0xe0, 0xc3, 0x10, 0x3f, 0x02, 0x35, 0x02, 0x4a, 0x00, 0x03, 0xe3,
  0xf2, 0x1e, 0xfc, 0xcf, 0xed, 0xcd, 0xde, 0xb2, 0x3f, 0x1d, 0x22, 0x02,
  0x4a, 0x00, 0x06, 0x51, 0x22, 0x30, 0xf0, 0x0f, 0xde, 0xe0, 0xfb, 0xde,
  0xd0, 0xf0, 0x10, 0x02, 0x4a, 0x00, 0x14, 0x13, 0x24, 0x23, 0x10, 0xe3,
  0xff, 0xed, 0xce, 0xdc, 0xcd, 0xae, 0xdf, 0x0f, 0x4a, 0x00, 0x0f, 0x22,
  0x11, 0x15, 0x15, 0x24, 0x22, 0x13, 0x3e, 0xe0, 0xe1, 0x2e, 0xec, 0xd2,
  0x4a, 0x00, 0xff, 0x00, 0x3d, 0x0e, 0x2f, 0xfe, 0x00, 0x0d, 0xfe, 0xdd,
  0xc2, 0x0e, 0x1d, 0x2d, 0x4a, 0x00, 0xf1, 0x31, 0x31, 0x14, 0x14, 0x34,
  0x22, 0x30, 0x2e, 0xdf, 0xdf, 0xed, 0xed, 0xeb, 0x4a, 0x00, 0xdd, 0xfe,
  0x0e, 0x2e, 0x11, 0x31, 0x30, 0x02, 0x13, 0x11, 0x1f, 0xee, 0xe0, 0xff,
  0x4a, 0x00, 0xec, 0xd1, 0x3d, 0x0d, 0x10, 0x13, 0x41, 0x31, 0x13, 0x04,
  0x13, 0x10, 0x1f, 0xff, 0x4a, 0x00, 0x1d, 0xdb, 0xdf, 0xa1, 0xff, 0x0d,
  0xff, 0xf0, 0x10, 0x00, 0x00, 0x02, 0x2d, 0x21, 0x4a, 0x00, 0x1d, 0x11,
  0x2f, 0x20, 0x2f, 0xd5, 0x23, 0x02, 0x14, 0x20, 0x2f, 0xff, 0xcf, 0xd0,
  0x4a, 0x00, 0xec, 0xea, 0xad, 0xee, 0x19, 0xed, 0xf1, 0x20, 0x21, 0x33,
  0x14, 0x25, 0x34, 0x42, 0x4b, 0x00, 0x5f, 0xe1, 0xd1, 0xb2, 0x1b, 0xb9,
  0xec, 0xbc, 0xd0, 0xdf, 0x11, 0x0f, 0x22, 0x3e, 0x4a, 0x00, 0x00, 0x10,
  0xef, 0xf1, 0x0e, 0xee, 0x0f, 0xef, 0x1f, 0x00, 0xf0, 0xd4, 0x13, 0x31,
  0x4b, 0x00, 0x5e, 0x21, 0x20, 0x32, 0xdf, 0xa6, 0xe2, 0xe2, 0xf1, 0x7a,
  0x92, 0xf2, 0x00, 0x1f, 0x4a, 0x00, 0xee, 0xf0, 0xde, 0xd0, 0xfd, 0xde,
  0x0d, 0x1c, 0xff, 0x10, 0x11, 0x23, 0x33, 0x34, 0x4a, 0x00, 0x34, 0x24,
  0x14, 0x13, 0x11, 0x1d, 0xdf, 0xdd, 0x9f, 0xce, 0xdc, 0xdd, 0x0c, 0xfc,
  0x4b, 0x00, 0x00, 0x3d, 0xe3, 0x25, 0x35, 0x53, 0x34, 0x22, 0xe6, 0x26,
  0x5b, 0xc3, 0xd5, 0x11, 0x4b, 0x00, 0x6d, 0xdd, 0x5f, 0xeb, 0xb3, 0xef,
  0x92, 0x1e, 0xfa, 0xed, 0xcf, 0x1c, 0xee, 0xb4, 0x4b, 0x00, 0x41, 0xf0,
  0x11, 0x43, 0x2c, 0x02, 0xf0, 0xe1, 0x20, 0xfb, 0xc1, 0x1f, 0x1e, 0x02,
  0x4a, 0x00, 0x3f, 0x10, 0xf3, 0x23, 0x21, 0x11, 0x00, 0xe2, 0xef, 0xd1,
  0xdd, 0xcf, 0xec, 0xcc, 0x4a, 0x00, 0xef, 0xed, 0xff, 0xf0, 0x12, 0x21,
  0x33, 0x60, 0x23, 0x43, 0x41, 0x21, 0x12, 0x3f, 0x4a, 0x00, 0x0e, 0xfe,
  0xef, 0xcf, 0xb0, 0xee, 0xec, 0xee, 0xde, 0xfe, 0xfe, 0xe0, 0x00, 0xf0,
  0x4a, 0x00, 0x31, 0x4e, 0x21, 0x31, 0x03, 0x23, 0x23, 0x30, 0xf2, 0x11,
  0x10, 0xfe, 0xd0, 0x1d, 0x4a, 0x00, 0xdd, 0xef, 0x0d, 0xde, 0x1f, 0xef,
  0x10, 0x01, 0x01, 0x11, 0x12, 0x3f, 0x2f, 0x3d, 0x4a, 0x00, 0x0e, 0xef,
  0xd2, 0x1f, 0x0e, 0x0f, 0xf0, 0x00, 0xf3, 0x6f, 0x1f, 0x03, 0x23, 0x3f,
  0x4a, 0x00, 0x10, 0x00, 0xd1, 0x1f, 0xed, 0xfd, 0xbf, 0xcf, 0xde, 0x0e,
  0xec, 0xe0, 0x1f, 0x2e, 0x4a, 0x00, 0x2f, 0x30, 0x21, 0x12, 0x23, 0x25,
  0x21, 0x23, 0x41, 0x00, 0x02, 0x10, 0x1c, 0xee, 0x4a, 0x00, 0xee, 0xdc,
  0xed, 0xdb, 0xee, 0x09, 0xbf, 0xe1, 0x2f, 0x1f, 0x40, 0x20, 0x13, 0x06,
  0x4a, 0x00, 0x34, 0x33, 0x21, 0x41, 0x2d, 0xe1, 0xe1, 0xff, 0xee, 0xfe,
  0xed, 0xdf, 0xef, 0xc2, 0x4b, 0x00, 0x0e, 0x00, 0xef, 0x03, 0x4e, 0xe0,
  0x21, 0x32, 0xfa, 0xe6, 0xfd, 0xe0, 0x01, 0xe0, 0x4a, 0x00, 0xd0, 0x13,
  0xff, 0x22, 0x4d, 0x01, 0x3f, 0xf2, 0x03, 0xe2, 0x03, 0x1f, 0x1f, 0x0f,
  0x4a, 0x00, 0x3c, 0x0b, 0xee, 0xbf, 0xe0, 0xec, 0xef, 0x1c, 0x0d, 0x0f,
  0x10, 0x10, 0x12, 0x33, 0x4a, 0x00, 0x41, 0x33, 0x33, 0x13, 0x04, 0x23,
  0xf1, 0xf1, 0xef, 0xee, 0xee, 0xfa, 0xea, 0xbd, 0x4a, 0x00, 0xdd, 0xce,
  0xff, 0xfe, 0x2e, 0x11, 0x11, 0x13, 0x43, 0x22, 0x14, 0x23, 0x23, 0x3f,
  0x4a, 0x00, 0x01, 0x2f, 0xef, 0xe0, 0xdf, 0xef, 0xfd, 0xfe, 0xee, 0xd0,
  0xf0, 0xfe, 0x02, 0x1e, 0x4b, 0x00, 0x11, 0xd1, 0xd5, 0xd7, 0x7f, 0xfc,
  0xe4, 0xf2, 0xd1, 0x21, 0x3b, 0xbf, 0x16, 0x0e, 0x4b, 0x00, 0x3f, 0xe3,
  0x31, 0x00, 0x62, 0x00, 0x12, 0x3f, 0xf0, 0xff, 0xde, 0x90, 0xc0, 0xba,
  0x4a, 0x00, 0x0d, 0xec, 0xfd, 0xfd, 0xef, 0xf0, 0x00, 0x02, 0x31, 0x41,
  0x31, 0x34, 0x33, 0x03, 0x4a, 0x00, 0x25, 0x50, 0x1d, 0x00, 0xc0, 0xef,
  0xdd, 0xcd, 0xeb, 0xbe, 0xee, 0xeb, 0x0e, 0xdf, 0x4a, 0x00, 0x21, 0x2f,
  0x11, 0x24, 0x41, 0x04, 0x44, 0x13, 0x31, 0x22, 0x20, 0x2e, 0x0f, 0xef,
  0x4b, 0x00, 0xce, 0x90, 0xce, 0xda, 0xda, 0xec, 0xde, 0x0a, 0xcf, 0xa6,
  0xf2, 0x42, 0x0d, 0x23, 0x4b, 0x00, 0x6e, 0x2f, 0xd2, 0x24, 0x0d, 0x20,
  0xe0, 0x1f, 0xd0, 0xd4, 0x2f, 0x5e, 0xf0, 0xf4, 0x4a, 0x00, 0x01, 0x03,
  0x2f, 0xd2, 0x02, 0x00, 0x1d, 0xfe, 0x0c, 0xcf, 0xfd, 0xed, 0xed, 0xef,
  0x4a, 0x00, 0x0e, 0x0f, 0x10, 0x40, 0x10, 0x15, 0x33, 0x34, 0x51, 0x41,
  0x02, 0x12, 0xe3, 0x0f, 0x4a, 0x00, 0xff, 0x0c, 0xdc, 0xdd, 0xce, 0xcc,
  0xde, 0xee, 0xed, 0x1f, 0xee, 0x03, 0x01, 0x24, 0x4a, 0x00, 0x41, 0x50,
  0x22, 0x15, 0x04, 0xf5, 0x03, 0x02, 0x00, 0xef, 0xf1, 0xfb, 0xdf, 0xee,
  0x4a, 0x00, 0xcd, 0xe0, 0xed, 0xd1, 0x2e, 0x2e, 0x2e, 0x00, 0xe3, 0x23,
  0x4e, 0x00, 0x01, 0xf1, 0x4b, 0x00, 0x02, 0xe0, 0x00, 0xc1, 0xd2, 0x40,
  0x2c, 0x01, 0xe4, 0x33, 0x11, 0x13, 0x3f, 0xf1, 0x4a, 0x00, 0xf1, 0x1e,
  0xff, 0xee, 0xee, 0xee, 0xbf, 0xd1, 0xfd, 0x1d, 0xd0, 0x01, 0x00, 0x12,
  0x4a, 0x00, 0x21, 0x51, 0x30, 0x41, 0x14, 0x22, 0x22, 0x11, 0xf2, 0x01,
  0x1d, 0xfd, 0xfe, 0xcc, 0x4a, 0x00, 0xce, 0x0c, 0xda, 0xee, 0x0b, 0xfd,
  0x2e, 0x0f, 0x21, 0xf2, 0x16, 0x33, 0x15, 0x62, 0x4a, 0x00, 0x12, 0x23,
  0x02, 0xe1, 0x21, 0x1c, 0xdd, 0xfe, 0xec, 0xee, 0xed, 0xee, 0xee, 0xf0,
  0x4b, 0x00, 0xd1, 0xff, 0x02, 0xe2, 0xf5, 0x32, 0x4d, 0xf4, 0x30, 0x0e,
  0x14, 0xd1, 0xf4, 0x4f, 0x4b, 0x00, 0xff, 0x30, 0x1e, 0xe3, 0x30, 0x0f,
  0x00, 0xc3, 0x22, 0x0c, 0x0f, 0xde, 0xf1, 0xe9, 0x4a, 0x00, 0xc2, 0x0e,
  0xbf, 0xf1, 0x1d, 0x1c, 0xef, 0x2f, 0x0f, 0x02, 0x21, 0x12, 0x15, 0x32,
  0x4a, 0x00, 0x24, 0x23, 0x32, 0x31, 0x3e, 0x2e, 0x0e, 0xed, 0xed, 0xcd,
  0xdd, 0xeb, 0xeb, 0xdd, 0x4a, 0x00, 0xcf, 0xff, 0x2f, 0x3e, 0x21, 0x30,
  0x33, 0x42, 0x41, 0x14, 0x04, 0x14, 0x21, 0x01, 0x4b, 0x00, 0x0e, 0x1e,
  0xec, 0xbc, 0xbe, 0x9c, 0xbd, 0xfc, 0x9a, 0x91, 0xb0, 0x2f, 0xfc, 0x01,
  0x4b, 0x00, 0x30, 0x13, 0x50, 0x13, 0x13, 0x33, 0x03, 0x04, 0x11, 0x40,
  0x2c, 0xf1, 0xff, 0xd2, 0x4b, 0x00, 0x11, 0xdf, 0x52, 0x39, 0xe0, 0x02,
  0x2e, 0x0d, 0xdf, 0xd0, 0xbd, 0x91, 0xcd, 0x80, 0x4a, 0x00, 0xe0, 0x1d,
  0xef, 0x3f, 0x2d, 0x11, 0x13, 0x6f, 0x41, 0x31, 0x13, 0x33, 0xf2, 0x13,
  0x4a, 0x00, 0x1f, 0x1f, 0x0d, 0xee, 0xed, 0xde, 0xfb, 0xdd, 0xcd, 0xc0,
  0xee, 0x0f, 0x1d, 0xf1, 0x4a, 0x00, 0x10, 0x23, 0x40, 0xf3, 0x25, 0x43,
  0x03, 0x33, 0x40, 0xe1, 0xf4, 0x0f, 0x0f, 0xfd, 0x4a, 0x00, 0xcd, 0xc1,
  0xed, 0xed, 0xde, 0xfe, 0xfe, 0x1e, 0xff, 0xf3, 0x2f, 0x11, 0x11, 0x12,
  0x4b, 0x00, 0x33, 0x6c, 0xd4, 0xf4, 0x10, 0x03, 0x3e, 0x00, 0x10, 0x20,
  0xee, 0xf5, 0x10, 0xf0, 0x4b, 0x00, 0x01, 0x2c, 0xdf, 0xd0, 0xed, 0xce,
  0xcc, 0xfe, 0xda, 0xdf, 0x1b, 0xef, 0x3e, 0xff, 0x4a, 0x00, 0x30, 0x10,
  0x21, 0x12, 0x32, 0x21, 0x22, 0x31, 0x21, 0x20, 0x00, 0xc2, 0xf2, 0xfe,
  0x4a, 0x00, 0x1c, 0xdd, 0xdd, 0x0b, 0xdc, 0xed, 0xbe, 0xd2, 0x0f, 0xff,
  0x22, 0x20, 0x32, 0x23, 0x4a, 0x00, 0x33, 0x23, 0x43, 0x5f, 0x01, 0x21,
  0xf1, 0x0e, 0xff, 0xde, 0xef, 0xfd, 0xfb, 0xdf, 0x4a, 0x00, 0xed, 0xe0,
  0x0d, 0xe0, 0xff, 0xf2, 0x2f, 0x00, 0x20, 0x11, 0x30, 0x00, 0x03, 0x12,
  0x4b, 0x00, 0x21, 0x33, 0x6f, 0x4c, 0x02, 0xe1, 0xf1, 0x21, 0x3b, 0xcf,
  0xe0, 0xc0, 0xf0, 0xde, 0x4b, 0x00, 0xdf, 0xfe, 0xa0, 0x5b, 0xda, 0xe0,
  0x0c, 0xef, 0x0f, 0xc2, 0x40, 0x3f, 0x51, 0x6f, 0x4a, 0x00, 0x22, 0x13,
  0x03, 0x33, 0xe2, 0x15, 0x2d, 0xf0, 0xf0, 0xfe, 0xdc, 0xa2, 0xed, 0xdc,
  0x4a, 0x00, 0xee, 0xed, 0xcf, 0xc1, 0xf2, 0x10, 0x3f, 0x6e, 0x2f, 0x24,
  0x21, 0xf5, 0x25, 0x21, 0x4a, 0x00, 0x31, 0x2f, 0x21, 0x0d, 0x01, 0xdf,
  0xff, 0xbf, 0xe0, 0xfd, 0x0b, 0xbe, 0xe1, 0xfe, 0x4b, 0x00, 0x0d, 0x1c,
  0xc3, 0x21, 0x23, 0x31, 0x43, 0x31, 0x34, 0x32, 0x51, 0x3e, 0xe2, 0x13,
  0x2b, 0x00, 0xdc, 0xfb, 0xdf, 0xd0, 0xe0, 0x03, 0xd2, 0x42, 0x1c, 0xf0,
  0xe0, 0xef, 0xec, 0xaf, 0x4b, 0x00, 0x0f, 0xeb, 0xfd, 0xfe, 0x01, 0x4f,
  0x2f, 0xe6, 0x25, 0x35, 0x36, 0x43, 0x53, 0x32, 0x4b, 0x00, 0xe4, 0x23,
  0xd1, 0xf1, 0xff, 0x0a, 0xac, 0xbe, 0xcb, 0x9d, 0xbd, 0xcc, 0xeb, 0xfc,
  0x4a, 0x00, 0x0e, 0x0f, 0xf1, 0x02, 0x22, 0x21, 0x22, 0x33, 0x21, 0x33,
  0x21, 0xf2, 0x02, 0x10, 0x4a, 0x00, 0xe0, 0xff, 0x2c, 0xec, 0xfd, 0xec,
  0xb0, 0xef, 0xdf, 0x0f, 0xff, 0xf0, 0x10, 0x00, 0x4b, 0x00, 0xf4, 0x24,
  0x20, 0x13, 0x24, 0x50, 0x20, 0x13, 0x23, 0x02, 0x21, 0x5f, 0xe0, 0xe0,
  0x2b, 0x00, 0x03, 0xee, 0x0f, 0x0b, 0xbf, 0xfe, 0xdb, 0xee, 0xcf, 0xff,
  0x1e, 0x10, 0x02, 0x43, 0x4b, 0x00, 0x0f, 0x02, 0x12, 0x62, 0x0e, 0x27,
  0x13, 0x15, 0x23, 0x72, 0x00, 0x03, 0x01, 0xf2, 0x4b, 0x00, 0xfd, 0x1d,
  0x19, 0x99, 0x9f, 0xac, 0x9c, 0xbd, 0xec, 0x39, 0x18, 0xc1, 0xd6, 0xc7,
  0x4a, 0x00, 0x05, 0x41, 0x50, 0x21, 0x23, 0x11, 0x04, 0x30, 0xff, 0xf3,
  0x0f, 0xff, 0x1e, 0xfd, 0x2b, 0x00, 0xfb, 0xde, 0x01, 0x30, 0x20, 0x03,
  0x25, 0x63, 0x5f, 0x30, 0x34, 0x04, 0x52, 0x31, 0x2b, 0x00, 0x30, 0x21,
  0xd3, 0xe3, 0xe4, 0x0e, 0xdf, 0xcd, 0xef, 0xd9, 0xbe, 0xec, 0xea, 0xa1,
  0x4b, 0x00, 0xdd, 0xb0, 0xfe, 0xeb, 0xcf, 0xff, 0xfc, 0xfe, 0xee, 0x00,
  0xf0, 0xf1, 0xf4, 0x04, 0x4a, 0x00, 0x50, 0x2f, 0x22, 0x41, 0x11, 0xf3,
  0x13, 0x00, 0xf1, 0x10, 0xde, 0xe1, 0x1b, 0xce, 0x4b, 0x00, 0xcd, 0x9c,
  0xfc, 0xeb, 0x0c, 0x0a, 0xd1, 0xe2, 0x12, 0x11, 0x73, 0x2e, 0x15, 0x65,
  0x4a, 0x00, 0x00, 0x33, 0x3f, 0x20, 0x21, 0xd1, 0x02, 0xe1, 0x0f, 0xfe,
  0xdf, 0x0d, 0xdd, 0xfe, 0x4a, 0x00, 0xed, 0xcf, 0xe1, 0xff, 0x0f, 0x01,
  0x00, 0x02, 0x02, 0x14, 0x10, 0x12, 0x04, 0x20, 0x4b, 0x00, 0x12, 0x40,
  0xd3, 0x42, 0x1a, 0xe4, 0x3d, 0xdd, 0xd2, 0xef, 0xdd, 0xde, 0xfc, 0xac,
  0x4a, 0x00, 0xff, 0x0d, 0xcf, 0x01, 0xfe, 0xf1, 0x01, 0x11, 0x30, 0x20,
  0xe4, 0xf6, 0x12, 0x12, 0x4b, 0x00, 0x06, 0x02, 0x4f, 0xe0, 0xe1, 0xc2,
  0x1d, 0xfc, 0xdd, 0xcd, 0xee, 0xeb, 0x0a, 0xab, 0x2b, 0x00, 0x35, 0x3c,
  0xd5, 0x44, 0x11, 0x42, 0x63, 0x51, 0x24, 0x45, 0x13, 0x14, 0x21, 0xf1,
  0x4b, 0x00, 0x3f, 0xf2, 0x11, 0xed, 0xee, 0xcd, 0xdc, 0xec, 0xda, 0xfa,
  0xce, 0x1c, 0xcb, 0x11, 0x2b, 0x00, 0x51, 0x43, 0x35, 0xf4, 0x24, 0x02,
  0x6f, 0x1d, 0xc4, 0x21, 0x1e, 0xf1, 0x11, 0xee, 0x2a, 0x00, 0xf1, 0xff,
  0xf0, 0x0d, 0xfd, 0xde, 0xce, 0xc1, 0xee, 0xf0, 0x2e, 0x1e, 0x21, 0x30,
  0x4b, 0x00, 0xd0, 0x04, 0x2f, 0xe5, 0x43, 0x1f, 0x54, 0x3f, 0xf5, 0x33,
  0x21, 0xd4, 0x24, 0xe1, 0x2a, 0x00, 0xf0, 0x1e, 0x1c, 0x0d, 0xfe, 0xfd,
  0xb1, 0xe0, 0xf0, 0x1e, 0x0e, 0x11, 0x01, 0x03, 0x4b, 0x00, 0x43, 0xd1,
  0x37, 0x20, 0x56, 0x30, 0x17, 0x04, 0xe6, 0x60, 0x10, 0x1f, 0x10, 0xef,
  0x2b, 0x00, 0x91, 0x0c, 0xfc, 0x1d, 0x1d, 0x92, 0xe2, 0xd2, 0x11, 0x1c,
  0x00, 0x02, 0x30, 0x13, 0x4b, 0x00, 0x00, 0xf5, 0x25, 0x72, 0x6e, 0x14,
  0x27, 0x21, 0x15, 0x4e, 0xe0, 0x21, 0x1a, 0xde, 0x4b, 0x00, 0xa2, 0xfc,
  0xec, 0xaf, 0xfe, 0x0a, 0x9e, 0x20, 0xea, 0x1e, 0xee, 0xc2, 0x12, 0x10,
  0x4b, 0x00, 0x23, 0x11, 0x35, 0x22, 0x26, 0x60, 0x13, 0x03, 0x41, 0xe0,
  0x01, 0xbe, 0xe1, 0xcc, 0x2b, 0x00, 0xbb, 0xfd, 0xea, 0xb0, 0x12, 0x20,
  0x50, 0x50, 0x35, 0x33, 0x35, 0x60, 0x11, 0xd4, 0x4b, 0x00, 0x06, 0x10,
  0x32, 0x5f, 0x31, 0x10, 0x05, 0xf2, 0x20, 0xf3, 0xfe, 0xff, 0xa0, 0xef,
  0x2a, 0x00, 0x0d, 0xfd, 0xfe, 0xdf, 0x10, 0x0f, 0xe2, 0x12, 0x22, 0x22,
  0x22, 0x23, 0x40, 0x02, 0x4b, 0x00, 0x15, 0x32, 0x14, 0x23, 0x4e, 0x23,
  0xe1, 0xd3, 0x03, 0x1f, 0x49, 0xcc, 0xef, 0xdc, 0x2a, 0x00, 0xef, 0x1f,
  0x1c, 0xff, 0x3f, 0x1f, 0x20, 0x12, 0x22, 0x23, 0x04, 0x33, 0x02, 0x51,
  0x4b, 0x00, 0x4c, 0x04, 0x32, 0x00, 0xf2, 0x0e, 0x92, 0xf1, 0xed, 0x0e,
  0x0b, 0x0c, 0x29, 0xdc, 0x2b, 0x00, 0xe6, 0x10, 0x06, 0xf0, 0x04, 0xd2,
  0x42, 0x0d, 0x12, 0x4e, 0xd4, 0xf5, 0x04, 0x14, 0x4b, 0x00, 0x5f, 0x32,
  0x00, 0x22, 0x1e, 0xf0, 0xb2, 0xfe, 0xc1, 0xee, 0xfd, 0xcc, 0x1f, 0xaa,
  0x4b, 0x00, 0xb5, 0x0d, 0xce, 0xff, 0xe0, 0xef, 0x10, 0x3e, 0x1f, 0x13,
  0x40, 0x5f, 0xe4, 0x56, 0x4a, 0x00, 0x1f, 0xf4, 0x11, 0x00, 0xe2, 0x1f,
  0xfe, 0x0d, 0xee, 0xcf, 0xd0, 0xef, 0xee, 0xd0, 0x4b, 0x00, 0xd2, 0xe0,
  0xf0, 0x32, 0x0f, 0x15, 0x40, 0x43, 0x2f, 0x45, 0xe1, 0x17, 0x01, 0x13,
  0x4b, 0x00, 0x41, 0xeb, 0xd7, 0x3d, 0xfb, 0xd0, 0x1c, 0xbd, 0x1c, 0xea,
  0xb0, 0xce, 0xc1, 0xd1, 0x4b, 0x00, 0x0f, 0x4e, 0xdf, 0x23, 0x30, 0xf0,
  0x34, 0x3e, 0x11, 0xf3, 0x11, 0x02, 0xd2, 0x31, 0x2b, 0x00, 0xfc, 0xf1,
  0x0d, 0x2e, 0xe0, 0xc1, 0xf1, 0xfd, 0xf0, 0xbc, 0x11, 0xcb, 0xd0, 0xf1,
  0x4b, 0x00, 0xed, 0xe2, 0x2f, 0xf0, 0x61, 0x5d, 0x03, 0x25, 0x33, 0x42,
  0x30, 0x12, 0x01, 0xc3, 0x4a, 0x00, 0xf2, 0x3d, 0xfe, 0x2d, 0xfc, 0xd0,
  0xef, 0xc0, 0xf1, 0x2c, 0x1d, 0xfd, 0x00, 0x01, 0x4b, 0x00, 0x4b, 0x20,
  0x5f, 0xe3, 0x24, 0x24, 0x50, 0x30, 0x04, 0xd4, 0xf2, 0xe3, 0x3b, 0xef,
  0x2b, 0x00, 0xdb, 0xeb, 0xb0, 0x3d, 0xfb, 0xe5, 0x4e, 0x03, 0x14, 0x24,
  0x30, 0x23, 0xd3, 0x13, 0x0c, 0x00, 0x77, 0x77, 0x77, 0x77, 0x77, 0x77,
  0x17, 0x89, 0x88, 0x88, 0x88, 0xf8, 0x75, 0x77, 0x4b, 0x00, 0xe3, 0x2d,
  0x1a, 0xcf, 0xdf, 0xff, 0xfb, 0x0d, 0x1d, 0xfc, 0xff, 0x0f, 0xd2, 0x02,
  0x4b, 0x00, 0x4e, 0x03, 0x3f, 0xf4, 0x13, 0x50, 0x12, 0x40, 0xe2, 0x40,
  0x0f, 0x1f, 0x0d, 0xde, 0x4b, 0x00, 0x0e, 0xdc, 0xec, 0xcd, 0xef, 0xcb,
  0xf0, 0xed, 0x1f, 0x3f, 0x4b, 0x13, 0x21, 0xe4, 0x4b, 0x00, 0x26, 0x02,
  0xd5, 0x15, 0x01, 0x4e, 0xfd, 0xb3, 0xc2, 0x10, 0xec, 0xcf, 0xd2, 0xdc,
  0x4b, 0x00, 0xc3, 0x00, 0x4a, 0xfd, 0xc1, 0xd2, 0xf2, 0x2e, 0xe0, 0xe3,
  0x3f, 0x3d, 0xd2, 0xf4, 0x2b, 0x00, 0x4d, 0xef, 0xf3, 0x00, 0x02, 0xf0,
  0x00, 0x10, 0xff, 0x3d, 0xfe, 0x1d, 0xc0, 0x0e, 0x2b, 0x00, 0x0c, 0xb1,
  0x0e, 0x2c, 0xb0, 0xf0, 0x2f, 0xff, 0x02, 0x12, 0x30, 0x13, 0x33, 0x41,
  0x4b, 0x00, 0x31, 0x12, 0xe6, 0x32, 0x31, 0x01, 0x1e, 0x02, 0x1b, 0x0d,
  0xbf, 0xd0, 0x1b, 0xbd, 0x4b, 0x00, 0xd1, 0xce, 0xd2, 0xef, 0x11, 0x1e,
  0x10, 0x02, 0xf3, 0x03, 0x23, 0x20, 0x5f, 0x10, 0x2b, 0x00, 0xcc, 0xc2,
  0xeb, 0xed, 0xb0, 0xfc, 0xde, 0x0e, 0x1e, 0xe0, 0x02, 0xf1, 0x21, 0x21,
  0x4b, 0x00, 0x1d, 0xd1, 0x11, 0x3d, 0x00, 0x11, 0x1e, 0xe2, 0x01, 0x10,
  0xc3, 0x21, 0x2c, 0xf2, 0x0c, 0x00, 0x88, 0x88, 0x88, 0x88, 0x88, 0xa8,
  0x75, 0x77, 0x77, 0x77, 0x77, 0x8e, 0x88, 0x88, 0x4b, 0x00, 0x88, 0xc8,
  0x77, 0xa1, 0x10, 0xfe, 0x31, 0x1e, 0x50, 0x5d, 0x1f, 0x14, 0xf2, 0x13,
  0x2b, 0x00, 0xd1, 0x00, 0xeb, 0xcf, 0xbd, 0xc0, 0xfa, 0xce, 0xec, 0x1f,
  0xfc, 0x02, 0x3f, 0x31, 0x4b, 0x00, 0x0f, 0x0e, 0xf2, 0x03, 0x5e, 0xe2,
  0x32, 0x21, 0x11, 0xf2, 0x21, 0x3e, 0xb1, 0xe3, 0x4b, 0x00, 0xf0, 0x0e,
  0x1b, 0x2e, 0x1a, 0xcf, 0xe1, 0xc2, 0x00, 0x2e, 0x1f, 0x1c, 0xb5, 0x13,
  0x4b, 0x00, 0x2d, 0x00, 0x3e, 0x0e, 0x01, 0x2e, 0xef, 0xf4, 0x3c, 0xf0,
  0xe2, 0x01, 0x11, 0x1f, 0x4b, 0x00, 0x00, 0x2f, 0xf0, 0x00, 0xf0, 0x10,
  0xfc, 0x01, 0xed, 0x2e, 0xce, 0x1f, 0xee, 0xc0, 0x4b, 0x00, 0x02, 0x0e,
  0x2e, 0xe1, 0x20, 0x20, 0x20, 0xf1, 0x24, 0xf0, 0xe4, 0x13, 0x2f, 0x1d,
  0x2b, 0x00, 0xa0, 0xdf, 0xdd, 0xcd, 0xee, 0xbf, 0x01, 0xfe, 0x21, 0x40,
  0x30, 0x32, 0x24, 0x33, 0x4b, 0x00, 0x11, 0x21, 0x2f, 0x02, 0x22, 0x3e,
  0x1d, 0x02, 0xd0, 0xd3, 0x10, 0xfb, 0xd2, 0x0f, 0x2b, 0x00, 0x0e, 0x31,
  0x0e, 0xf3, 0x22, 0x30, 0x2f, 0xf2, 0x21, 0x1e, 0x00, 0xb1, 0xe4, 0x0d,
  0x4b, 0x00, 0xf0, 0x20, 0x2c, 0x1f, 0x1e, 0xf0, 0x1f, 0xd0, 0x03, 0x1e,
  0xf1, 0x11, 0x1e, 0x01, 0x0c, 0x00, 0x77, 0x77, 0x77, 0x77, 0xa6, 0x88,
  0x88, 0x88, 0x88, 0x88, 0x88, 0x88, 0x88, 0x88, 0x0b, 0x00, 0x88, 0x7e,
  0x77, 0x77, 0x77, 0x77, 0x77, 0x77, 0x77, 0x77, 0x77, 0x83, 0x88, 0x88,
  0x4b, 0x00, 0x88, 0x88, 0x71, 0xc7, 0xd1, 0x0e, 0x0f, 0xe1, 0x01, 0x4e,
  0x00, 0x30, 0xf0, 0xe5, 0x4b, 0x00, 0x12, 0x20, 0xef, 0x03, 0xdf, 0xf3,
  0x0e, 0xdf, 0x01, 0x0c, 0xd0, 0x10, 0xfe, 0xf0, 0x0c, 0x00, 0x88, 0x88,
  0x88, 0x77, 0x77, 0x77, 0x77, 0x77, 0x77, 0x77, 0x77, 0x8f, 0x88, 0x88,
  0x0c, 0x00, 0x88, 0x88, 0x88, 0x88, 0x88, 0x88, 0x28, 0x77, 0x77, 0x77,
  0x77, 0x77, 0x77, 0x77, 0x0c, 0x00, 0x84, 0x88, 0x88, 0x88, 0x88, 0x88,
  0x88, 0x88, 0x88, 0x88, 0x88, 0x38, 0x77, 0x77, 0x0c, 0x00, 0x77, 0x77,
  0x77, 0x77, 0x77, 0x77, 0x77, 0x57, 0x88, 0x88, 0x88, 0x88, 0x88, 0x88,
  0x0c, 0x00, 0x88, 0x88, 0x88, 0x88, 0x88, 0x78, 0x77, 0x77, 0x77, 0x77,
  0x77, 0x77, 0x77, 0x77, 0x0c, 0x00, 0x77, 0x87, 0x88, 0x88, 0x88, 0x88,
  0x88, 0x88, 0x88, 0x88, 0x88, 0x88, 0x7b, 0x77, 0x0b, 0x00, 0x77, 0x77,
  0x77, 0x77, 0x77, 0x77, 0x47, 0x8d, 0x88, 0x88, 0x88, 0x88, 0x88, 0x88,
  0x0c, 0x00, 0x88, 0x88, 0x98, 0x71, 0x77, 0x77, 0x77, 0x77, 0x77, 0x67,
  0x8b, 0x88, 0x88, 0x88, 0x0c, 0x00, 0x88, 0x88, 0x88, 0x88, 0x88, 0x88,
  0x88, 0xd8, 0x77, 0x77, 0x77, 0x77, 0x77, 0x77, 0x2b, 0x00, 0x77, 0x81,
  0x98, 0xe4, 0xfe, 0xce, 0xb1, 0xe3, 0x1c, 0x1f, 0x10, 0x1f, 0x21, 0x20,
  0x0c, 0x00, 0x88, 0x08, 0x77, 0x77, 0x77, 0x77, 0x77, 0x77, 0x77, 0x77,
  0x77, 0x89, 0x88, 0x88, 0x0c, 0x00, 0x88, 0x88, 0x88, 0x88, 0x88, 0x88,
  0x88, 0x88, 0x29, 0x77, 0x77, 0x77, 0x77, 0x77, 0x0c, 0x00, 0x77, 0x77,
  0x77, 0x07, 0x88, 0x88, 0x88, 0x88, 0x88, 0x88, 0x88, 0x88, 0x88, 0xf8,
  0x0c, 0x00, 0x77, 0x77, 0x77, 0x77, 0x77, 0x77, 0x77, 0x8f, 0x88, 0x88,
  0x88, 0x88, 0x88, 0x88, 0x0c, 0x00, 0x88, 0x88, 0x88, 0x88, 0xe8, 0x77,
  0x77, 0x77, 0x77, 0x77, 0x77, 0x77, 0x77, 0xd7, 0x0c, 0x00, 0x88, 0x88,
  0x88, 0x88, 0x88, 0x88, 0x88, 0x88, 0x88, 0x88, 0x88, 0x48, 0x77, 0x77,
  0x0c, 0x00, 0x77, 0x77, 0x77, 0x77, 0x77, 0x77, 0x77, 0x8e, 0x88, 0x88,
  0x88, 0x88, 0x88, 0x88, 0x0c, 0x00, 0x88, 0x88, 0x88, 0x88, 0x18, 0x77,
  0x77, 0x77, 0x77, 0x77, 0x77, 0x77, 0x37, 0x88, 0x0c, 0x00, 0x88, 0x88,
  0x88, 0x88, 0x88, 0x88, 0x88, 0x88, 0x88, 0x09, 0x77, 0x77, 0x77, 0x77,
  0x0c, 0x00, 0x77, 0x77, 0x67, 0x8e, 0x88, 0x88, 0x88, 0x88, 0x88, 0x88,
  0x88, 0x88, 0x88, 0x88, 0x0c, 0x00, 0xf8, 0x76, 0x77, 0x77, 0x77, 0x77,
  0x77, 0x77, 0x77, 0xb1, 0x88, 0x88, 0x88, 0x88, 0x0c, 0x00, 0x88, 0x88,
  0x88, 0x88, 0x88, 0x88, 0x88, 0x88, 0x7e, 0x77, 0x77, 0x77, 0x77, 0x77,
  0x0c, 0x00, 0x77, 0x77, 0x8c, 0x88, 0x88, 0x88, 0x88, 0x88, 0x88, 0x88,
  0x88, 0x88, 0x88, 0x88, 0x0c, 0x00, 0xb8, 0x72, 0x77, 0x77, 0x77, 0x77,
  0x77, 0x77, 0xc3, 0x88, 0x88, 0x88, 0x88, 0x88, 0x0c, 0x00, 0x88, 0x88,
  0x88, 0x88, 0x88, 0x88, 0xc8, 0x61, 0x77, 0x77, 0x77, 0x77, 0x77, 0x77,
  0x0c, 0x00, 0xc1, 0x88, 0x88, 0x88, 0x88, 0x88, 0x88, 0x88, 0x88, 0x88,
  0x88, 0x88, 0xd8, 0x76, 0x0c, 0x00, 0x77, 0x77, 0x77, 0x77, 0x77, 0x17,
  0x8a, 0x88, 0x88, 0x88, 0x88, 0x88, 0x88, 0x88, 0x0c, 0x00, 0x88, 0x88,
  0x88, 0x88, 0x4d, 0x77, 0x77, 0x77, 0x77, 0x77, 0x77, 0x47, 0x8e, 0x88,
  0x0c, 0x00, 0x88, 0x88, 0x88, 0x88, 0x88, 0x88, 0x88, 0x88, 0x88, 0xb8,
  0x2e, 0x64, 0x77, 0x77, 0x0c, 0x00, 0x47, 0xe3, 0x9c, 0x88, 0x88, 0x88,
  0x88, 0x88, 0x88, 0x88, 0x88, 0x88, 0x88, 0x88, 0x0c, 0x00, 0x88, 0x88,
  0x88, 0xc8, 0xfc, 0x32, 0x12, 0xf1, 0x8c, 0x88, 0x88, 0x88, 0x88, 0x88,
  0x0c, 0x00, 0x88, 0x88, 0x88, 0x88, 0x88, 0x88, 0x88, 0xe8, 0x73, 0x77,
  0x77, 0x77, 0x77, 0x77, 0x0c, 0x00, 0x24, 0x8d, 0x88, 0x88, 0x88, 0x88,
  0x88, 0x88, 0x88, 0x88, 0x88, 0x88, 0x88, 0x88, 0x0c, 0x00, 0x88, 0x88,
  0x0d, 0x63, 0x77, 0x67, 0x25, 0xcf, 0x89, 0x88, 0x88, 0x88, 0x88, 0x88,
  0x0c, 0x00, 0x88, 0x88, 0x88, 0x88, 0x88, 0x88, 0x88, 0x88, 0x88, 0x88,
  0x88, 0x88, 0x88, 0x88, 0x0c, 0x00, 0x88, 0x88, 0x88, 0x88, 0x88, 0x88,
  0x88, 0x88, 0x88, 0x88, 0x88, 0x88, 0x88, 0x88, 0x0c, 0x00, 0xa8, 0xfb,
  0x2f, 0x34, 0x02, 0xdf, 0xbc, 0x8b, 0x88, 0x88, 0x88, 0x88, 0x88, 0x88,
  0x0c, 0x00, 0x88, 0x88, 0x88, 0x88, 0x88, 0xa9, 0xfd, 0x0e, 0x00, 0x02,
  0xff, 0xce, 0xac, 0x89, 0x0c, 0x00, 0x88, 0x88, 0x88, 0x88, 0x88, 0x88,
  0x88, 0x88, 0x88, 0x88, 0x88, 0x88, 0x88, 0x88, 0x0c, 0x00, 0x88, 0x88,
  0x88, 0x88, 0x88, 0x88, 0x88, 0x88, 0x88, 0x88, 0x88, 0x88, 0x88, 0x88,
  0x0c, 0x00, 0x88, 0x88, 0x88, 0x88, 0x88, 0x88, 0x88, 0x88, 0x88, 0x88,
  0x88, 0x88, 0x88, 0x88, 0x0c, 0x00, 0x88, 0x88, 0x88, 0x88, 0x88, 0x88,
  0x88, 0x88, 0x88, 0x88, 0x88, 0x88, 0x88, 0x88, 0x0c, 0x00, 0x44, 0x23,
  0x11, 0x00, 0xef, 0xdf, 0xdc, 0xcd, 0xbc, 0xdb, 0xdc, 0xcc, 0xfe, 0x0f,
  0x0c, 0x00, 0x00, 0x22, 0x43, 0x43, 0x65, 0x65, 0x55, 0x43, 0x23, 0x02,
  0x00, 0xef, 0xce, 0xdc, 0x0c, 0x00, 0xdc, 0xdc, 0xed, 0xef, 0x0f, 0x00,
  0x12, 0x22, 0x43, 0x43, 0x33, 0x21, 0x11, 0x01, 0x0c, 0x00, 0x00, 0xe0,
  0xff, 0xfe, 0xfe, 0xfe, 0xfe, 0xee, 0x0f, 0x00, 0x00, 0x00, 0x00, 0x10,
  0x0c, 0x00, 0x12, 0x01, 0x00, 0x00, 0x00, 0x00, 0x00, 0x00, 0x00, 0x00,
  0x00, 0x00, 0x00, 0x00, 0x0c, 0x07, 0x00, 0x00, 0x00, 0x00, 0x00, 0x00,
  0x00, 0x00, 0x00, 0x00, 0x00, 0x00, 0x00, 0x00,
};
unsigned int sfx_close_size = 9920;

unsigned char sfx_view[] __attribute__((aligned(64))) = {
  0x41, 0x50, 0x43, 0x4d, 0x01, 0x01, 0x00, 0x00, 0x59, 0x07, 0x00, 0x00,
  0x28, 0x20, 0x00, 0x00, 0x0c, 0x00, 0xa0, 0x88, 0x88, 0x88, 0x88, 0x88,
  0x88, 0x88, 0x88, 0x88, 0xd9, 0x74, 0x77, 0x77, 0x0c, 0x00, 0x77, 0x77,
  0x77, 0x77, 0x77, 0x77, 0x77, 0x77, 0x77, 0x77, 0x37, 0x9f, 0x88, 0x88,
  0x0c, 0x00, 0x88, 0x88, 0x88, 0x88, 0x88, 0x88, 0x88, 0x88, 0x88, 0x88,
  0x88, 0x88, 0x88, 0x88, 0x0c, 0x00, 0x88, 0x59, 0x77, 0x77, 0x77, 0x77,
  0x77, 0x77, 0x77, 0x77, 0x77, 0x77, 0x77, 0x77, 0x2b, 0x00, 0x77, 0x88,
  0x2b, 0xce, 0xed, 0xfe, 0xbb, 0xef, 0xcc, 0xec, 0xae, 0x19, 0xad, 0xcd,
  0x2a, 0x00, 0xf0, 0xdd, 0x11, 0xee, 0xff, 0xf2, 0xf0, 0x01, 0xe2, 0x41,
  0x21, 0x2e, 0x34, 0x21, 0x2a, 0x00, 0x14, 0xf4, 0x44, 0x23, 0x40, 0x55,
  0x5e, 0x31, 0x05, 0x32, 0xf4, 0xf2, 0x15, 0xdd, 0x49, 0x00, 0x23, 0x03,
  0x20, 0xf1, 0x11, 0xf1, 0xde, 0x03, 0xdf, 0xec, 0xc2, 0xfd, 0xed, 0xcc,
  0x29, 0x00, 0x0f, 0xde, 0xec, 0x01, 0x0b, 0x2d, 0xed, 0x10, 0xf0, 0x0e,
  0xf5, 0x0d, 0x05, 0xc3, 0x49, 0x00, 0x40, 0xd3, 0x0f, 0x37, 0x1b, 0x35,
  0x15, 0x70, 0x22, 0x43, 0x44, 0x21, 0x46, 0xf6, 0x29, 0x00, 0x6e, 0xd4,
  0x3d, 0x12, 0xdd, 0x24, 0xbe, 0x0e, 0xc2, 0x2d, 0xfe, 0xbc, 0x31, 0xbc,
  0x28, 0x00, 0x0e, 0xf0, 0x1c, 0x1e, 0xee, 0x2f, 0xee, 0x0f, 0xf2, 0xee,
  0x03, 0xff, 0x11, 0xd1, 0x28, 0x00, 0x01, 0xf4, 0xef, 0x34, 0xff, 0x31,
  0xe1, 0x21, 0x03, 0x0e, 0x04, 0xe0, 0x33, 0x0c, 0x28, 0x00, 0x22, 0xee,
  0x4f, 0xfe, 0xfe, 0xc2, 0x2d, 0xe2, 0xec, 0xf2, 0xde, 0x10, 0xad, 0x32,
  0x48, 0x00, 0xbe, 0x1d, 0xef, 0x2d, 0xfe, 0x2a, 0x03, 0xec, 0x21, 0xfe,
  0x16, 0xfe, 0x71, 0xe0, 0x28, 0x00, 0x32, 0x05, 0x5f, 0xe3, 0x01, 0x07,
  0xff, 0x22, 0x01, 0x12, 0xee, 0x10, 0xd0, 0x0e, 0x27, 0x00, 0xf0, 0x0e,
  0xd0, 0xee, 0x01, 0xed, 0xff, 0xde, 0x1f, 0xce, 0xf0, 0xef, 0x1f, 0xdf,
  0x27, 0x00, 0x1f, 0xf1, 0x1c, 0x01, 0xf1, 0x11, 0x0f, 0x32, 0xe1, 0x21,
  0x13, 0x20, 0x03, 0x30, 0x28, 0x00, 0x26, 0x4f, 0x26, 0x31, 0x24, 0xf2,
  0x35, 0xe2, 0x4f, 0x01, 0x2f, 0xf0, 0x1c, 0xd1, 0x28, 0x00, 0xbe, 0x02,
  0xea, 0x0e, 0xbb, 0x0e, 0xce, 0xdd, 0xde, 0xfd, 0xee, 0xed, 0xd1, 0x0e,
  0x48, 0x00, 0xcc, 0xcd, 0xd0, 0xdd, 0xfe, 0xe1, 0xff, 0xf0, 0x31, 0x10,
  0x3f, 0x43, 0x40, 0x42, 0x28, 0x00, 0xf2, 0x34, 0x11, 0x3e, 0x01, 0x10,
  0x0f, 0x1e, 0xef, 0xfe, 0xee, 0xcd, 0xc0, 0xce, 0x28, 0x00, 0xef, 0xbc,
  0xcf, 0xdd, 0xde, 0xdd, 0xfe, 0xe0, 0xfc, 0x1e, 0x1f, 0x2f, 0x10, 0x11,
  0x28, 0x00, 0x12, 0x23, 0x42, 0x33, 0x23, 0x55, 0x42, 0x45, 0x43, 0x53,
  0x32, 0x14, 0x23, 0x21, 0x47, 0x00, 0x42, 0x22, 0x13, 0x21, 0x03, 0xf2,
  0x12, 0xff, 0x01, 0xc0, 0xf1, 0xee, 0xfe, 0xee, 0x27, 0x00, 0x0a, 0xef,
  0xec, 0xf0, 0xfc, 0x00, 0xde, 0x11, 0xff, 0x3e, 0xe1, 0x21, 0x02, 0x20,
  0x27, 0x00, 0x05, 0x40, 0x13, 0x21, 0x15, 0x12, 0x06, 0x12, 0x05, 0x31,
  0x21, 0x00, 0xf4, 0x0e, 0x27, 0x00, 0xf2, 0xee, 0x10, 0xdd, 0xf0, 0xdc,
  0xe0, 0xbd, 0xef, 0xdd, 0x0e, 0xbc, 0x00, 0xbd, 0x27, 0x00, 0x21, 0xec,
  0x2f, 0xd0, 0x31, 0xff, 0x42, 0xff, 0x53, 0x21, 0x71, 0x1f, 0x63, 0xf2,
  0x47, 0x00, 0x46, 0x04, 0x73, 0x13, 0x52, 0x26, 0x70, 0x11, 0x42, 0xd5,
  0x5f, 0xf1, 0x3b, 0xe3, 0x27, 0x00, 0xca, 0xa0, 0xce, 0xdf, 0xca, 0xb2,
  0xcd, 0xc2, 0xfb, 0xe2, 0xdd, 0x04, 0x3b, 0x12, 0x26, 0x00, 0x10, 0x12,
  0x20, 0x21, 0x30, 0x31, 0x10, 0x34, 0x10, 0x42, 0x00, 0x23, 0xf2, 0x22,
  0x46, 0x00, 0x31, 0x32, 0x02, 0x34, 0x00, 0x41, 0x0f, 0x11, 0xd1, 0x10,
  0xfe, 0xe0, 0xdf, 0x0e, 0x26, 0x00, 0xfd, 0x0d, 0xcf, 0x0f, 0xd0, 0x1e,
  0x0f, 0x0f, 0xe1, 0x2f, 0x11, 0x2e, 0xf2, 0x11, 0x27, 0x00, 0x16, 0x40,
  0x34, 0x40, 0x25, 0x40, 0x24, 0x30, 0xf3, 0x12, 0x03, 0x0f, 0x13, 0xfd,
  0x47, 0x00, 0x05, 0x2f, 0x21, 0x0f, 0xf0, 0xfe, 0xf1, 0xeb, 0x0e, 0xea,
  0xee, 0xcc, 0xef, 0xbd, 0x27, 0x00, 0x01, 0xf0, 0x13, 0x10, 0x50, 0x01,
  0x53, 0x02, 0x64, 0x03, 0x52, 0x13, 0x44, 0x11, 0x27, 0x00, 0x51, 0x21,
  0x3f, 0x01, 0x20, 0xee, 0xff, 0xd0, 0xee, 0xdd, 0xfb, 0xcd, 0xdb, 0xdc,
  0x27, 0x00, 0xdc, 0xbb, 0xdb, 0xce, 0xce, 0xcd, 0x0b, 0x0f, 0xee, 0x00,
  0xf1, 0x11, 0x40, 0x12, 0x27, 0x00, 0x04, 0x26, 0x35, 0x26, 0x35, 0x56,
  0x64, 0x35, 0x64, 0x23, 0x24, 0x14, 0x22, 0x21, 0x27, 0x00, 0x0f, 0x0f,
  0xfe, 0xde, 0xdd, 0xed, 0xca, 0xcc, 0xbc, 0xcc, 0xbb, 0xcd, 0xdc, 0xbd,
  0x27, 0x00, 0xdd, 0xe0, 0xef, 0xff, 0xf2, 0x12, 0x21, 0x32, 0x25, 0x33,
  0x43, 0x44, 0x36, 0x43, 0x27, 0x00, 0x64, 0x42, 0x42, 0x11, 0x34, 0x1f,
  0xf1, 0x0f, 0xe0, 0x0c, 0xcf, 0xeb, 0xdb, 0xfb, 0x26, 0x00, 0xde, 0xed,
  0xdf, 0xee, 0xc0, 0x0e, 0xdf, 0xf0, 0xff, 0x00, 0x01, 0x10, 0x20, 0x31,
  0x27, 0x00, 0x4d, 0x27, 0x44, 0x56, 0x70, 0x26, 0x55, 0x24, 0x73, 0x12,
  0x52, 0xf0, 0x23, 0xd0, 0x26, 0x00, 0x10, 0xee, 0xf1, 0xfd, 0xfe, 0xfd,
  0xde, 0xed, 0xd0, 0x0c, 0xed, 0x0d, 0xfe, 0xfe, 0x47, 0x00, 0x8d, 0xf9,
  0x9b, 0xdd, 0xdc, 0xff, 0xcb, 0x15, 0x1e, 0x14, 0x2f, 0x65, 0x5e, 0x27,
  0x47, 0x00, 0x74, 0x35, 0x54, 0x55, 0x71, 0x33, 0x42, 0xe3, 0x42, 0xdf,
  0x32, 0xbc, 0xe1, 0xbb, 0x27, 0x00, 0xbf, 0xdb, 0xcd, 0xdc, 0xfe, 0x0b,
  0xe3, 0x0d, 0x22, 0x5e, 0x43, 0x41, 0x43, 0x46, 0x26, 0x00, 0x22, 0x24,
  0x23, 0x52, 0x21, 0x32, 0x22, 0x22, 0x11, 0x11, 0x0f, 0xe2, 0xe0, 0xe1,
  0x26, 0x00, 0xee, 0xef, 0xed, 0xce, 0xdc, 0xbf, 0xcd, 0xcf, 0xfc, 0xcd,
  0xee, 0xee, 0x0d, 0xdf, 0x26, 0x00, 0x1f, 0xe0, 0x21, 0x2f, 0x02, 0x22,
  0x32, 0x31, 0x05, 0x52, 0x23, 0x23, 0x23, 0x24, 0x27, 0x00, 0x55, 0x33,
  0x23, 0x23, 0x01, 0x20, 0xdf, 0xc1, 0xde, 0xde, 0xbb, 0x9e, 0xac, 0x9c,
  0x27, 0x00, 0xcc, 0xaa, 0xcd, 0xdb, 0xce, 0xfd, 0xf0, 0x1f, 0x22, 0x41,
  0x21, 0x46, 0x44, 0x56, 0x27, 0x00, 0x54, 0x65, 0x65, 0x42, 0x46, 0x32,
  0x14, 0x01, 0x20, 0x1e, 0xdd, 0xfc, 0xdb, 0xd9, 0x26, 0x00, 0xce, 0xde,
  0xec, 0xbe, 0xde, 0xed, 0xed, 0xfe, 0xee, 0xf0, 0x0f, 0xf1, 0x02, 0xf3,
  0x26, 0x00, 0x13, 0x04, 0x34, 0x32, 0x33, 0x43, 0x22, 0x24, 0x04, 0x42,
  0x10, 0x12, 0x10, 0x1f, 0x26, 0x00, 0x0e, 0xef, 0x0d, 0xce, 0xde, 0xde,
  0xed, 0xec, 0xec, 0xfc, 0xed, 0xfd, 0xef, 0x0f, 0x26, 0x00, 0x0f, 0x01,
  0x20, 0x31, 0x31, 0x32, 0x42, 0x33, 0x43, 0x23, 0x44, 0x23, 0x23, 0x32,
  0x46, 0x00, 0x24, 0x35, 0x05, 0x54, 0x3f, 0x12, 0xf2, 0x01, 0x1c, 0xc0,
  0xfd, 0xbc, 0xde, 0x9b, 0x26, 0x00, 0xcf, 0xec, 0xde, 0x1d, 0xfe, 0x3e,
  0x2e, 0x11, 0x22, 0x42, 0x51, 0x14, 0x45, 0x54, 0x26, 0x00, 0x52, 0x25,
  0x74, 0x31, 0x14, 0x42, 0x11, 0x31, 0xff, 0x10, 0xed, 0x0f, 0xeb, 0xcf,
  0x26, 0x00, 0xdc, 0xbe, 0xdc, 0xbd, 0xcf, 0xdc, 0xee, 0xec, 0xef, 0x0f,
  0xff, 0x11, 0x1f, 0x13, 0x26, 0x00, 0x31, 0x13, 0x42, 0x32, 0x34, 0x23,
  0x33, 0x23, 0x22, 0x11, 0xf4, 0x10, 0x00, 0x1e, 0x26, 0x00, 0xdf, 0x0e,
  0xdc, 0xd0, 0xdb, 0xde, 0xfb, 0xcd, 0xfd, 0xfb, 0xee, 0x0d, 0x0f, 0x1e,
  0x26, 0x00, 0x20, 0x2f, 0x12, 0x33, 0x31, 0x44, 0x32, 0x36, 0x62, 0x23,
  0x54, 0x21, 0x43, 0x12, 0x26, 0x00, 0x03, 0x10, 0xf1, 0xee, 0xef, 0xce,
  0xcc, 0xbe, 0xdc, 0xac, 0xdc, 0xda, 0xbe, 0xec, 0x46, 0x00, 0xda, 0xba,
  0xcc, 0xad, 0xfd, 0xfb, 0x0d, 0x0d, 0xf3, 0x01, 0x13, 0x34, 0x24, 0x45,
  0x46, 0x00, 0x45, 0x27, 0x63, 0x45, 0x44, 0x42, 0x22, 0x03, 0x01, 0xf0,
  0xfe, 0xfd, 0xcb, 0xbd, 0x26, 0x00, 0xbb, 0xbd, 0xce, 0xdd, 0xee, 0x00,
  0x1f, 0x20, 0x04, 0x15, 0x45, 0x45, 0x65, 0x55, 0x26, 0x00, 0x74, 0x55,
  0x56, 0x63, 0x14, 0x36, 0x21, 0x30, 0x0f, 0xe0, 0xcf, 0xdf, 0xbd, 0xbd,
  0x26, 0x00, 0xac, 0xad, 0xac, 0xad, 0xdb, 0xeb, 0xdb, 0xee, 0x0d, 0xff,
  0x10, 0x11, 0x31, 0x32, 0x26, 0x00, 0x52, 0x52, 0x43, 0x53, 0x35, 0x42,
  0x33, 0x33, 0x20, 0xf2, 0x11, 0xfe, 0xff, 0xfc, 0x26, 0x00, 0xcd, 0xcd,
  0xdc, 0xcc, 0xcc, 0xbc, 0xed, 0xcc, 0xfe, 0xfd, 0xe0, 0x10, 0x10, 0x32,
  0x26, 0x00, 0x32, 0x24, 0x64, 0x52, 0x55, 0x54, 0x45, 0x53, 0x25, 0x34,
  0x21, 0x22, 0x00, 0xe0, 0x25, 0x00, 0x0f, 0xfe, 0xef, 0xee, 0xed, 0xee,
  0xdd, 0xfe, 0xec, 0xcf, 0xe0, 0xfe, 0x0f, 0x0f, 0x26, 0x00, 0x20, 0x3f,
  0x40, 0x43, 0x52, 0x55, 0x73, 0x64, 0x74, 0x52, 0x46, 0x33, 0x24, 0x32,
  0x25, 0x00, 0x10, 0x1f, 0x0e, 0xff, 0xfd, 0xee, 0xce, 0xee, 0xcd, 0xfd,
  0xdc, 0xdd, 0xdf, 0xdf, 0x45, 0x00, 0xdd, 0xcd, 0xed, 0xed, 0xee, 0x0d,
  0xe0, 0x00, 0x10, 0x12, 0x30, 0x23, 0x33, 0x24, 0x45, 0x00, 0x44, 0x62,
  0x33, 0x43, 0x33, 0x44, 0x21, 0x03, 0x02, 0x01, 0x1f, 0x0d, 0xcf, 0xff,
  0x25, 0x00, 0xeb, 0xed, 0xed, 0xfe, 0x0e, 0xff, 0xf1, 0x11, 0x11, 0x03,
  0x23, 0x32, 0x23, 0x32, 0x26, 0x00, 0x37, 0x55, 0x43, 0x43, 0x31, 0x10,
  0x10, 0xde, 0xd0, 0xeb, 0xbc, 0xcc, 0xca, 0xba, 0x46, 0x00, 0xed, 0xbb,
  0xcc, 0xcb, 0xbb, 0xbc, 0xcd, 0xdd, 0xee, 0x0e, 0x10, 0x20, 0x22, 0x44,
  0x26, 0x00, 0x74, 0x54, 0x54, 0x34, 0x23, 0x12, 0xf1, 0xff, 0xee, 0xdb,
  0xac, 0xad, 0xba, 0xaa, 0x25, 0x00, 0xdd, 0xdd, 0xed, 0xee, 0xee, 0xe0,
  0x00, 0x00, 0x10, 0x22, 0x21, 0x13, 0x14, 0x43, 0x46, 0x00, 0x40, 0x64,
  0x44, 0x65, 0x75, 0x45, 0x67, 0x44, 0x35, 0x34, 0x21, 0xf1, 0xe2, 0xee,
  0x25, 0x00, 0xcd, 0xed, 0xdc, 0xcd, 0xef, 0xfd, 0xde, 0xf0, 0x01, 0x10,
  0x21, 0x11, 0x24, 0x33, 0x25, 0x00, 0x43, 0x51, 0x43, 0x43, 0x52, 0x32,
  0x42, 0x30, 0x11, 0x20, 0x1f, 0x2d, 0x0c, 0xed, 0x45, 0x00, 0x20, 0xe0,
  0xe1, 0xee, 0xc0, 0xed, 0xfb, 0xdc, 0xdc, 0xdc, 0xdd, 0xec, 0xed, 0xfe,
  0x46, 0x00, 0xfa, 0x0f, 0x2d, 0xf2, 0x53, 0x32, 0x54, 0x64, 0x45, 0x65,
  0x45, 0x35, 0x54, 0x31, 0x46, 0x00, 0x22, 0x2f, 0x0d, 0xef, 0xdc, 0xbd,
  0xbc, 0xd9, 0x9b, 0xbb, 0x9b, 0xcd, 0xfa, 0xcd, 0x26, 0x00, 0x62, 0x35,
  0x47, 0x76, 0x75, 0x56, 0x65, 0x17, 0x37, 0x02, 0x05, 0xf2, 0xcf, 0xd0,
  0x46, 0x00, 0x23, 0x02, 0xf0, 0xd0, 0xde, 0xdc, 0xbb, 0xac, 0x9c, 0xbb,
  0x9b, 0xbb, 0xec, 0xdc, 0x46, 0x00, 0xef, 0x1f, 0x2e, 0x23, 0x15, 0x74,
  0x44, 0x67, 0x75, 0x75, 0x66, 0x35, 0x36, 0x34, 0x25, 0x00, 0xfd, 0xcd,
  0xde, 0xdc, 0xcc, 0xdc, 0xdc, 0xcd, 0xed, 0xde, 0xe0, 0x1f, 0x1f, 0x11,
  0x25, 0x00, 0x22, 0x22, 0x43, 0x42, 0x34, 0x44, 0x43, 0x43, 0x33, 0x32,
  0x22, 0x11, 0xf1, 0xf0, 0x45, 0x00, 0x33, 0x12, 0x21, 0x00, 0xf0, 0xff,
  0xfe, 0xed, 0xdd, 0xce, 0xed, 0xdc, 0xed, 0xdd, 0x26, 0x00, 0x13, 0x33,
  0x63, 0x44, 0x56, 0x57, 0x74, 0x55, 0x64, 0x33, 0x33, 0x11, 0x10, 0x0d,
  0x46, 0x00, 0x41, 0x02, 0x03, 0x0f, 0xdf, 0xde, 0xed, 0xca, 0xdb, 0xca,
  0xcb, 0xcb, 0xdb, 0xee, 0x46, 0x00, 0xec, 0xef, 0x01, 0x10, 0x13, 0x43,
  0x33, 0x54, 0x44, 0x35, 0x26, 0x44, 0x51, 0x22, 0x46, 0x00, 0x01, 0xf2,
  0xf0, 0xee, 0xbf, 0xde, 0xda, 0xbc, 0xcd, 0xeb, 0xad, 0xee, 0xfe, 0x0e,
  0x46, 0x00, 0x10, 0x21, 0x13, 0x45, 0x54, 0x46, 0x66, 0x66, 0x56, 0x65,
  0x55, 0x53, 0x3f, 0xf4, 0x25, 0x00, 0xed, 0xec, 0xbc, 0xbf, 0xbc, 0xde,
  0xdd, 0xec, 0xdf, 0x0e, 0xff, 0x20, 0x2f, 0x31, 0x45, 0x00, 0x1d, 0x2d,
  0x1f, 0x30, 0x30, 0x32, 0x42, 0x52, 0x43, 0x52, 0x33, 0x34, 0x33, 0x03,
  0x45, 0x00, 0x04, 0x22, 0xf0, 0x01, 0xef, 0xd0, 0xef, 0xfd, 0xdd, 0xed,
  0xed, 0xed, 0x0d, 0xfc, 0x46, 0x00, 0xbf, 0x1f, 0x0e, 0x2f, 0x32, 0x41,
  0x33, 0x54, 0x35, 0x37, 0x54, 0x34, 0x54, 0x21, 0x46, 0x00, 0x32, 0x10,
  0x1f, 0xcf, 0xc1, 0xcd, 0xbf, 0xbe, 0xcc, 0xbd, 0xbe, 0xde, 0xed, 0xef,
  0x47, 0x00, 0x1e, 0xee, 0x43, 0x31, 0x44, 0x74, 0x44, 0x36, 0x46, 0x25,
  0x03, 0x02, 0xef, 0xee, 0x46, 0x00, 0xde, 0xed, 0xeb, 0xcb, 0xbd, 0xdb,
  0xcc, 0xcc, 0xcf, 0x0f, 0x1d, 0x3f, 0x31, 0x51, 0x25, 0x00, 0x33, 0x44,
  0x32, 0x14, 0x14, 0x21, 0x21, 0x0f, 0xf0, 0xfe, 0xfd, 0xde, 0xcd, 0xdd,
  0x45, 0x00, 0xde, 0xc0, 0xdd, 0xbe, 0xbe, 0xcd, 0xcd, 0xdd, 0xec, 0xed,
  0xfd, 0xf0, 0xef, 0x12, 0x45, 0x00, 0x20, 0x40, 0x21, 0x33, 0x33, 0x53,
  0x41, 0x42, 0x04, 0x14, 0x22, 0x01, 0xf2, 0x00, 0x45, 0x00, 0x0e, 0xee,
  0x0d, 0xfb, 0xcd, 0xee, 0xdb, 0xcf, 0xde, 0xde, 0xe0, 0x0e, 0x0f, 0x10,
  0x46, 0x00, 0x5d, 0x22, 0x25, 0x45, 0x45, 0x45, 0x37, 0x45, 0x54, 0x32,
  0x13, 0x13, 0x11, 0x0e, 0x46, 0x00, 0xe0, 0xfe, 0xed, 0xde, 0xdd, 0xde,
  0xdf, 0xfd, 0xfe, 0xf0, 0xf1, 0x01, 0x03, 0x13, 0x46, 0x00, 0x13, 0x23,
  0x23, 0x40, 0x02, 0x02, 0xf2, 0xd0, 0x00, 0xdc, 0xbf, 0xeb, 0xca, 0xbc,
  0x25, 0x00, 0xfe, 0x0e, 0x0f, 0x1f, 0x02, 0x12, 0x32, 0x33, 0x32, 0x44,
  0x42, 0x33, 0x34, 0x41, 0x25, 0x00, 0x03, 0x23, 0x2f, 0x00, 0xff, 0xd0,
  0xef, 0xee, 0xfb, 0xbd, 0xbe, 0xce, 0xbe, 0xce, 0x26, 0x00, 0xcc, 0xcc,
  0xed, 0x1e, 0x1f, 0x12, 0x34, 0x54, 0x65, 0x66, 0x67, 0x66, 0x76, 0x75,
  0x45, 0x00, 0x32, 0x34, 0x33, 0x14, 0x34, 0x31, 0x12, 0x12, 0xf0, 0xf1,
  0x0e, 0xed, 0xdf, 0xde, 0x26, 0x00, 0xba, 0xcc, 0xed, 0x0e, 0x0f, 0x22,
  0x32, 0x53, 0x54, 0x45, 0x56, 0x65, 0x45, 0x54, 0x26, 0x00, 0x33, 0x23,
  0x01, 0x11, 0xef, 0xef, 0xce, 0xde, 0xcd, 0xcd, 0xdf, 0xde, 0xef, 0xe0,
  0x47, 0x00, 0xe1, 0x0f, 0x1d, 0x3f, 0x4f, 0x20, 0x16, 0x46, 0x36, 0x45,
  0x64, 0x42, 0x14, 0x23, 0x26, 0x00, 0xbd, 0xcc, 0xcb, 0xba, 0xaa, 0xbb,
  0xbb, 0xcc, 0xec, 0x0d, 0xee, 0x12, 0x22, 0x34, 0x46, 0x00, 0x0f, 0x00,
  0x32, 0x42, 0x33, 0x56, 0x45, 0x67, 0x46, 0x66, 0x35, 0x35, 0x44, 0x20,
  0x25, 0x00, 0xde, 0xce, 0xcd, 0xcd, 0xdd, 0xcd, 0xed, 0xed, 0x0d, 0xff,
  0xf0, 0x11, 0x21, 0x31, 0x45, 0x00, 0x0f, 0x00, 0xf2, 0x23, 0x41, 0x32,
  0x33, 0x44, 0x43, 0x44, 0x42, 0x24, 0x14, 0x13, 0x46, 0x00, 0x25, 0x21,
  0xf1, 0xd0, 0xef, 0xbc, 0xbd, 0xcb, 0xba, 0xaa, 0x9c, 0xcb, 0xda, 0xea,
  0x26, 0x00, 0x31, 0x32, 0x33, 0x33, 0x33, 0x33, 0x32, 0x40, 0x2f, 0x01,
  0x00, 0x0f, 0xfe, 0xff, 0x47, 0x00, 0x22, 0x11, 0x12, 0x10, 0x1f, 0xe2,
  0xf2, 0x02, 0xf1, 0x05, 0x5f, 0x11, 0x14, 0x34, 0x26, 0x00, 0x01, 0x02,
  0xe1, 0xf0, 0xc0, 0xd0, 0xec, 0xcd, 0xbf, 0xec, 0xcb, 0xbe, 0xd0, 0x1b,
  0x46, 0x00, 0xdc, 0xed, 0xec, 0xf0, 0x1e, 0x1f, 0x11, 0x42, 0x32, 0x36,
  0x54, 0x55, 0x46, 0x46, 0x45, 0x00, 0x33, 0x50, 0x20, 0x11, 0x02, 0x10,
  0xef, 0xe0, 0xef, 0xed, 0xdd, 0xec, 0xcc, 0xcd, 0x26, 0x00, 0xdf, 0xfe,
  0x02, 0x32, 0x23, 0x65, 0x55, 0x77, 0x74, 0x76, 0x66, 0x57, 0x74, 0x25,
  0x26, 0x00, 0x35, 0x20, 0x11, 0xfe, 0xef, 0xcd, 0xce, 0xab, 0xbd, 0xcb,
  0xac, 0xcd, 0xdc, 0xcd, 0x27, 0x00, 0xce, 0xce, 0xfe, 0x11, 0x30, 0x23,
  0x43, 0x54, 0x43, 0x36, 0x44, 0x34, 0x22, 0x22, 0x28, 0x00, 0x12, 0xe1,
  0xe0, 0xf0, 0xdc, 0xd2, 0xfe, 0x1c, 0xfe, 0x01, 0x40, 0xe1, 0x14, 0x22,
  0x46, 0x00, 0x10, 0xe2, 0xf2, 0x10, 0x0f, 0xf1, 0x0f, 0xfe, 0xfe, 0xdf,
  0xfe, 0xdc, 0xed, 0xdd, 0x26, 0x00, 0xee, 0xfd, 0xd0, 0x3f, 0x2f, 0x01,
  0x41, 0x24, 0x34, 0x46, 0x55, 0x65, 0x35, 0x47, 0x46, 0x00, 0x65, 0x65,
  0x56, 0x74, 0x35, 0x45, 0x13, 0x33, 0x01, 0xf1, 0xff, 0xed, 0xeb, 0xac,
  0x26, 0x00, 0xcc, 0xcb, 0xdc, 0xdf, 0xff, 0xe0, 0x14, 0x31, 0x51, 0x24,
  0x65, 0x52, 0x54, 0x34, 0x46, 0x00, 0x53, 0x53, 0x32, 0x45, 0x35, 0x24,
  0x43, 0x21, 0x12, 0xf2, 0x2f, 0x0d, 0xfd, 0xce, 0x27, 0x00, 0xca, 0xaa,
  0xcb, 0xed, 0x0c, 0xe0, 0x11, 0x41, 0x21, 0x35, 0x54, 0x72, 0x25, 0x45,
  0x27, 0x00, 0x46, 0x34, 0x16, 0x25, 0x42, 0x30, 0x22, 0x40, 0x2e, 0x21,
  0x11, 0x02, 0x20, 0x11, 0x27, 0x00, 0x00, 0x11, 0xf0, 0x01, 0xfe, 0xef,
  0xef, 0xdc, 0xdf, 0xac, 0xbc, 0xbc, 0x9a, 0xab, 0x46, 0x00, 0xcd, 0xec,
  0xcc, 0xbd, 0xed, 0xec, 0xec, 0xee, 0xff, 0x0e, 0x00, 0x11, 0x12, 0x42,
  0x26, 0x00, 0x43, 0x44, 0x52, 0x23, 0x24, 0x31, 0x1f, 0x0f, 0xd0, 0xcf,
  0xce, 0xbd, 0xbd, 0xcc, 0x46, 0x00, 0xec, 0xcd, 0xcc, 0xcb, 0xbc, 0xcb,
  0xcc, 0xbc, 0xce, 0xcf, 0xe0, 0x0f, 0x2f, 0x01, 0x46, 0x00, 0x33, 0x32,
  0x43, 0x43, 0x36, 0x54, 0x53, 0x34, 0x44, 0x41, 0x23, 0x30, 0x2f, 0x0f,
  0x26, 0x00, 0xdc, 0xdd, 0xdc, 0xdd, 0xce, 0xef, 0xee, 0xd0, 0xf1, 0x1f,
  0x1f, 0x10, 0x20, 0x11, 0x27, 0x00, 0x31, 0x24, 0x34, 0x42, 0x42, 0x14,
  0x24, 0x23, 0x14, 0x14, 0x14, 0x03, 0x24, 0x31, 0x27, 0x00, 0x20, 0x03,
  0xf1, 0xe4, 0x01, 0x0e, 0xef, 0xdf, 0xfc, 0xad, 0xbf, 0xcd, 0xbb, 0xbd,
  0x46, 0x00, 0xde, 0xfd, 0xdc, 0xee, 0xed, 0xfd, 0xde, 0xe0, 0xff, 0x00,
  0x01, 0x03, 0x30, 0x42, 0x46, 0x00, 0x22, 0x34, 0x43, 0x62, 0x33, 0x52,
  0x23, 0x23, 0x02, 0x13, 0x1e, 0xef, 0xe0, 0xec, 0x26, 0x00, 0xbb, 0xbc,
  0xea, 0xdb, 0xdc, 0xdd, 0xd0, 0x0f, 0xe1, 0x03, 0x13, 0x14, 0x35, 0x53,
  0x26, 0x00, 0x72, 0x52, 0x26, 0x65, 0x42, 0x34, 0x52, 0x30, 0x40, 0x1f,
  0x01, 0xff, 0x0f, 0x0d, 0x26, 0x00, 0xfc, 0xee, 0xed, 0xfc, 0x0c, 0xdc,
  0xdf, 0x0d, 0xfd, 0xef, 0xff, 0xff, 0xf0, 0x01, 0x28, 0x00, 0x30, 0x00,
  0x43, 0x34, 0x45, 0x54, 0x56, 0x65, 0x75, 0x65, 0x66, 0x55, 0x35, 0x55,
  0x47, 0x00, 0x25, 0x35, 0x34, 0x25, 0x13, 0x32, 0x3f, 0xff, 0xd1, 0xe0,
  0xeb, 0xdd, 0xc9, 0xc9, 0x46, 0x00, 0xcd, 0xce, 0xec, 0xcc, 0xce, 0xdd,
  0xce, 0xdf, 0xe0, 0x0e, 0x2e, 0x1f, 0x12, 0x31, 0x46, 0x00, 0x32, 0x23,
  0x35, 0x44, 0x53, 0x25, 0x45, 0x43, 0x24, 0x33, 0x12, 0x12, 0xf1, 0xd2,
  0x26, 0x00, 0xde, 0xeb, 0xcd, 0xcd, 0xcf, 0xdd, 0xe0, 0xef, 0xe1, 0x10,
  0x20, 0x01, 0x23, 0x32, 0x27, 0x00, 0x46, 0x75, 0x65, 0x57, 0x56, 0x65,
  0x53, 0x24, 0xf5, 0x04, 0x00, 0xd1, 0xee, 0xa0, 0x26, 0x00, 0xef, 0xde,
  0xee, 0xde, 0xec, 0xde, 0xdd, 0xfe, 0xec, 0xee, 0xef, 0xfe, 0xff, 0xe0,
  0x27, 0x00, 0xe3, 0x01, 0x02, 0x03, 0x25, 0x53, 0x33, 0x36, 0x37, 0x66,
  0x72, 0x55, 0x46, 0x55, 0x26, 0x00, 0x21, 0x23, 0x20, 0x02, 0x00, 0xe2,
  0xf1, 0xff, 0xfe, 0xdf, 0xde, 0xde, 0xdd, 0xed, 0x27, 0x00, 0xb8, 0x9a,
  0xac, 0xca, 0xad, 0xed, 0xde, 0x1f, 0x0f, 0x20, 0x33, 0x33, 0x53, 0x62,
  0x47, 0x00, 0x11, 0x23, 0x33, 0x44, 0x55, 0x45, 0x66, 0x64, 0x45, 0x55,
  0x43, 0x24, 0x33, 0x2f, 0x47, 0x00, 0x02, 0xe0, 0xe0, 0xfe, 0xec, 0xde,
  0xdd, 0xdc, 0xed, 0xec, 0xde, 0xef, 0x0e, 0xf0, 0x27, 0x00, 0x24, 0x24,
  0x35, 0x43, 0x33, 0x15, 0x42, 0x50, 0x10, 0xf2, 0x10, 0xe1, 0xef, 0xef,
  0x27, 0x00, 0xdf, 0xdc, 0xcd, 0xcd, 0xcc, 0xdb, 0xbd, 0xcd, 0xec, 0xeb,
  0xcd, 0xef, 0xfe, 0x0d, 0x27, 0x00, 0x00, 0x2e, 0x11, 0x11, 0x40, 0x40,
  0x42, 0x42, 0x52, 0x43, 0x42, 0x24, 0x35, 0x23, 0x27, 0x00, 0x33, 0x21,
  0xf1, 0x03, 0x10, 0xde, 0xd1, 0xef, 0xdc, 0xdd, 0xec, 0xeb, 0xca, 0xce,
  0x27, 0x00, 0x0b, 0xcc, 0xfe, 0xcf, 0xf0, 0x2e, 0x2f, 0x11, 0x33, 0x31,
  0x35, 0x35, 0x54, 0x65, 0x27, 0x00, 0x54, 0x25, 0x37, 0x35, 0x15, 0x34,
  0x22, 0x0f, 0xd3, 0xff, 0xe0, 0xeb, 0xbe, 0xbf, 0x27, 0x00, 0xea, 0xcb,
  0xac, 0xac, 0xcc, 0xad, 0xcd, 0xdb, 0xed, 0xed, 0xff, 0xef, 0x2f, 0x0f,
  0x27, 0x00, 0xf3, 0x23, 0x12, 0x32, 0x24, 0x22, 0x23, 0x14, 0x33, 0x20,
  0x03, 0x12, 0xf3, 0x10, 0x28, 0x00, 0x01, 0xe2, 0xef, 0x0d, 0xdd, 0xbf,
  0xfd, 0xec, 0xcd, 0xdd, 0xfd, 0xfe, 0xee, 0xe0, 0x28, 0x00, 0x03, 0x01,
  0x33, 0x32, 0x43, 0x34, 0x45, 0x56, 0x35, 0x44, 0x35, 0x42, 0x33, 0x23,
  0x47, 0x00, 0x22, 0x03, 0x33, 0x20, 0x20, 0xf0, 0xf1, 0x0e, 0xef, 0xcf,
  0xde, 0xdd, 0xec, 0xdb, 0x27, 0x00, 0xfd, 0x0d, 0xfe, 0x0f, 0x0f, 0x02,
  0x30, 0x30, 0x03, 0x24, 0x23, 0x33, 0x33, 0x24, 0x27, 0x00, 0x42, 0x13,
  0x14, 0x32, 0x11, 0x02, 0x01, 0x01, 0xdf, 0xf0, 0xdf, 0xfd, 0xdd, 0xec,
  0x27, 0x00, 0xec, 0xcc, 0xbe, 0xce, 0xce, 0xdd, 0xdf, 0xef, 0xef, 0xff,
  0xf2, 0x00, 0x01, 0x13, 0x27, 0x00, 0x22, 0x22, 0x33, 0x24, 0x33, 0x43,
  0x32, 0x24, 0x14, 0x42, 0x21, 0x2f, 0xe3, 0xf2, 0x27, 0x00, 0x1e, 0xfe,
  0xfe, 0xfc, 0xed, 0xdc, 0xbf, 0xce, 0xee, 0xdc, 0xdf, 0xfc, 0xe0, 0xee,
  0x27, 0x00, 0x00, 0x1f, 0x00, 0x01, 0x23, 0x11, 0x23, 0x13, 0x43, 0x22,
  0x23, 0x14, 0x23, 0x30, 0x28, 0x00, 0x15, 0x04, 0x21, 0x2f, 0xe0, 0xe0,
  0x0e, 0xfd, 0xbe, 0xef, 0xfc, 0xcd, 0xce, 0xfe, 0x28, 0x00, 0xed, 0xbe,
  0xe1, 0xe1, 0x0e, 0x1e, 0x1f, 0x1e, 0x1f, 0xf2, 0x01, 0x30, 0xf0, 0x03,
  0x28, 0x00, 0x1e, 0xf0, 0xe1, 0xc3, 0xe0, 0xe0, 0xee, 0xde, 0xfd, 0xdd,
  0xde, 0xde, 0xdd, 0xcd, 0x28, 0x00, 0xee, 0xdc, 0xce, 0xdf, 0xdd, 0xe1,
  0x0f, 0xf0, 0x3f, 0x40, 0x03, 0x44, 0x45, 0x54, 0x27, 0x00, 0x23, 0x34,
  0x34, 0x33, 0x15, 0x35, 0x33, 0x52, 0x22, 0x31, 0x10, 0x22, 0x0e, 0xe1,
  0x27, 0x00, 0xe0, 0xdf, 0xcf, 0xb0, 0xce, 0xbd, 0xdd, 0xbd, 0xce, 0xdb,
  0xee, 0xdc, 0x0d, 0xef, 0x28, 0x00, 0x0e, 0xfe, 0x11, 0x32, 0x03, 0x34,
  0x64, 0x52, 0x27, 0x35, 0x27, 0x26, 0x34, 0x33, 0x28, 0x00, 0xf3, 0x2f,
  0xf1, 0x2f, 0x0d, 0xce, 0xed, 0xfe, 0xda, 0xea, 0xeb, 0xfc, 0xdb, 0xbe,
  0x28, 0x00, 0xef, 0x1b, 0xde, 0xef, 0xf0, 0x1f, 0xef, 0x02, 0x2f, 0xf0,
  0xf4, 0x03, 0x22, 0x20, 0x28, 0x00, 0x13, 0x23, 0x30, 0x23, 0x23, 0x32,
  0x22, 0x12, 0x25, 0x30, 0x02, 0x03, 0x03, 0x10, 0x29, 0x00, 0xe3, 0xc1,
  0x10, 0xfc, 0xde, 0xbf, 0xcd, 0xea, 0xaf, 0xdd, 0x1b, 0x1a, 0xc0, 0xf2,
  0x49, 0x00, 0x2b, 0xae, 0xe2, 0x21, 0x4d, 0xd2, 0x41, 0x21, 0x62, 0x12,
  0x42, 0x12, 0x01, 0xd0, 0x28, 0x00, 0xee, 0xec, 0xac, 0xbd, 0x9c, 0xcb,
  0xbb, 0xdb, 0xdb, 0xf9, 0xeb, 0xb1, 0x30, 0x4d, 0x27, 0x00, 0x10, 0x02,
  0x42, 0x21, 0x24, 0x33, 0x33, 0x24, 0x23, 0x33, 0x22, 0x31, 0x30, 0xf1,
  0x28, 0x00, 0x01, 0xf0, 0xef, 0xcc, 0xce, 0xac, 0xcc, 0xba, 0x9c, 0x9d,
  0xab, 0xbd, 0xeb, 0xbc, 0x28, 0x00, 0xed, 0xdd, 0xfe, 0xcf, 0x10, 0xff,
  0x01, 0x11, 0x11, 0x21, 0x11, 0x15, 0x32, 0x31, 0x28, 0x00, 0x51, 0x23,
  0x34, 0x43, 0x24, 0x35, 0x33, 0x54, 0x43, 0x33, 0x62, 0x20, 0x22, 0x03,
  0x28, 0x00, 0x12, 0x1d, 0x1f, 0xfc, 0xde, 0xed, 0xdc, 0xcd, 0xcc, 0xcb,
  0xae, 0xdd, 0xcd, 0xee, 0x29, 0x00, 0xba, 0x2c, 0xfc, 0xe4, 0xf1, 0x53,
  0x24, 0x14, 0x55, 0x52, 0xd6, 0x04, 0x44, 0xed, 0x28, 0x00, 0xef, 0x00,
  0xdf, 0xdb, 0xce, 0xee, 0xbc, 0xcd, 0xfe, 0xeb, 0xfb, 0xef, 0x0e, 0x11,
  0x28, 0x00, 0x30, 0x01, 0x25, 0x43, 0x63, 0x24, 0x55, 0x73, 0x24, 0x24,
  0x54, 0x20, 0x02, 0x1f, 0x28, 0x00, 0x3f, 0xdd, 0xee, 0xd0, 0xdb, 0xad,
  0xcf, 0xde, 0xdb, 0xdd, 0xd0, 0xfe, 0x0d, 0x00, 0x28, 0x00, 0xe1, 0x23,
  0x10, 0x03, 0x12, 0x43, 0x22, 0x03, 0x24, 0x31, 0x23, 0x01, 0x22, 0x20,
  0x28, 0x00, 0xf0, 0x05, 0x3f, 0x1e, 0x00, 0x02, 0x1f, 0xff, 0x11, 0xf1,
  0x2d, 0xee, 0xc0, 0xe0, 0x28, 0x00, 0x1b, 0xbe, 0xce, 0xcb, 0xcd, 0xbb,
  0xda, 0xe9, 0xda, 0xac, 0xcb, 0xed, 0xbf, 0xe0, 0x28, 0x00, 0x1f, 0x11,
  0x10, 0x24, 0x64, 0x52, 0x24, 0x67, 0x56, 0x55, 0x64, 0x37, 0x43, 0x23,
  0x28, 0x00, 0x15, 0x31, 0x1f, 0xf0, 0xde, 0xfe, 0xed, 0xde, 0xcc, 0xfd,
  0xdd, 0xed, 0xed, 0xf0, 0x29, 0x00, 0xee, 0x1e, 0x41, 0x21, 0x51, 0x53,
  0x43, 0x24, 0x52, 0x23, 0x34, 0x3e, 0xf0, 0xde, 0x48, 0x00, 0x01, 0x2f,
  0x0f, 0xee, 0x0f, 0xee, 0xdf, 0xed, 0xfd, 0xdd, 0xce, 0xff, 0xed, 0xed,
  0x49, 0x00, 0xcf, 0xff, 0xd0, 0x0f, 0x41, 0x10, 0x04, 0x42, 0x46, 0x21,
  0x14, 0x55, 0x33, 0x10, 0x29, 0x00, 0xf1, 0xed, 0xdc, 0xbf, 0x1f, 0xdb,
  0xcf, 0xe0, 0x0e, 0x0d, 0xf0, 0x1f, 0x1d, 0xe0, 0x28, 0x00, 0x00, 0xe0,
  0xf0, 0xd0, 0xe0, 0xfd, 0xef, 0xde, 0xee, 0xde, 0xdf, 0xef, 0x1d, 0xfe,
  0x48, 0x00, 0xde, 0xef, 0x0e, 0xe0, 0x00, 0x22, 0x20, 0x41, 0x33, 0x53,
  0x53, 0x55, 0x64, 0x64, 0x28, 0x00, 0x22, 0x12, 0x00, 0x10, 0xee, 0x0e,
  0xcb, 0xce, 0xdd, 0xea, 0xcb, 0xbd, 0xed, 0xcc, 0x28, 0x00, 0xee, 0x0e,
  0x0d, 0xe1, 0x02, 0x40, 0x30, 0x23, 0x22, 0x34, 0x40, 0x23, 0x13, 0x13,
  0x29, 0x00, 0x33, 0xf3, 0x20, 0xed, 0xc1, 0xdf, 0xcd, 0xbd, 0xcd, 0xcd,
  0xdb, 0xbe, 0xcf, 0xfe, 0x29, 0x00, 0xee, 0x0f, 0x0f, 0x20, 0x1f, 0x4f,
  0x00, 0xe1, 0x02, 0x0e, 0xee, 0xe1, 0xdd, 0xbf, 0x29, 0x00, 0xcd, 0xdc,
  0xde, 0xca, 0xdc, 0xed, 0xfd, 0xde, 0xe0, 0x20, 0x4f, 0x11, 0x34, 0x52,
  0x49, 0x00, 0x12, 0x20, 0x24, 0x34, 0x35, 0x45, 0x54, 0x55, 0x45, 0x54,
  0x34, 0x44, 0x23, 0x13, 0x29, 0x00, 0xf0, 0xfe, 0x0f, 0x1e, 0x01, 0x20,
  0x31, 0x22, 0x42, 0x35, 0x43, 0x44, 0x52, 0x25, 0x48, 0x00, 0x21, 0x51,
  0xf0, 0x02, 0x03, 0x00, 0xe0, 0xff, 0xef, 0xce, 0xce, 0xec, 0xcb, 0xac,
  0x28, 0x00, 0xed, 0xdc, 0xdf, 0xff, 0x1d, 0xe1, 0x02, 0x40, 0x30, 0x31,
  0x23, 0x33, 0x24, 0x32, 0x28, 0x00, 0x24, 0x13, 0x14, 0x21, 0x01, 0x01,
  0x10, 0x2d, 0xfe, 0x0e, 0x0d, 0xdf, 0xfe, 0xd0, 0x49, 0x00, 0xd0, 0xd1,
  0x0d, 0xdc, 0xef, 0xed, 0xff, 0xcd, 0xf1, 0xe0, 0xc2, 0xff, 0x30, 0xee,
  0x4a, 0x00, 0x22, 0x20, 0x0e, 0xa0, 0x02, 0xff, 0xc0, 0xfd, 0x0c, 0xbe,
  0xc0, 0x3d, 0xbc, 0xc2, 0x49, 0x00, 0x11, 0x2f, 0x01, 0x22, 0x40, 0xe5,
  0x25, 0x35, 0x15, 0x33, 0x53, 0x33, 0xe3, 0x34, 0x49, 0x00, 0x2f, 0xf1,
  0x0f, 0x0d, 0xdd, 0xbf, 0xea, 0xad, 0xac, 0xcb, 0xac, 0xbc, 0xcb, 0xdc,
  0x49, 0x00, 0xde, 0xfc, 0x1c, 0xef, 0xf1, 0x3f, 0x10, 0x02, 0x12, 0x21,
  0xe3, 0x21, 0x20, 0x00, 0x49, 0x00, 0x0e, 0x1d, 0xed, 0xee, 0xcc, 0xc0,
  0xdc, 0xbd, 0xde, 0xee, 0xec, 0x0f, 0x1e, 0x1e, 0x29, 0x00, 0x64, 0x53,
  0x65, 0x71, 0x35, 0x36, 0x03, 0x16, 0xf2, 0x03, 0x3e, 0xfb, 0xb0, 0xfd,
  0x49, 0x00, 0x1e, 0xe1, 0xd0, 0xdf, 0xdf, 0xdb, 0xcd, 0xaf, 0xdd, 0xdc,
  0xdd, 0xfc, 0xed, 0xff, 0x4a, 0x00, 0x01, 0xaf, 0x53, 0x31, 0x22, 0x61,
  0x53, 0x36, 0x23, 0x27, 0x42, 0x14, 0x02, 0x32, 0x4b, 0x00, 0xef, 0xe2,
  0x4d, 0xfc, 0xee, 0xce, 0xe0, 0xdd, 0xef, 0xf2, 0xd3, 0xe0, 0x6f, 0xa4,
  0x28, 0x00, 0xf0, 0x10, 0x0e, 0xdf, 0xe0, 0x0e, 0xfc, 0xfd, 0xeb, 0xa1,
  0xfe, 0xec, 0xee, 0xfe, 0x48, 0x00, 0xdd, 0xdd, 0xdd, 0xfd, 0xfe, 0xdf,
  0x0e, 0xf0, 0x11, 0x3e, 0x10, 0x13, 0x12, 0x13, 0x29, 0x00, 0x27, 0x33,
  0x20, 0x22, 0xf1, 0xe2, 0xe1, 0x00, 0xec, 0xee, 0xd0, 0xee, 0xff, 0x0e,
  0x29, 0x00, 0x0f, 0x0f, 0x00, 0x21, 0x10, 0x14, 0x23, 0x23, 0xf4, 0x44,
  0x31, 0x02, 0x13, 0x02, 0x29, 0x00, 0xe0, 0x01, 0xfe, 0xce, 0xb0, 0xde,
  0xbe, 0xdb, 0xdb, 0xcc, 0xcd, 0xec, 0xdd, 0xee, 0x29, 0x00, 0x1d, 0x0e,
  0xe1, 0x20, 0x3f, 0x02, 0x13, 0x41, 0x03, 0x24, 0x21, 0x11, 0x12, 0x2f,
  0x2a, 0x00, 0xff, 0xe1, 0xfd, 0xed, 0xcb, 0xcd, 0x9b, 0xbd, 0xcd, 0xbb,
  0xbe, 0x0e, 0xed, 0xff, 0x4a, 0x00, 0x0d, 0xdc, 0xcd, 0xf0, 0xe2, 0xef,
  0x22, 0x2e, 0x03, 0x41, 0x21, 0x01, 0xf3, 0xf2, 0x4a, 0x00, 0xf2, 0x1d,
  0x1e, 0xec, 0xbf, 0xff, 0xcb, 0xdd, 0xde, 0x0d, 0xec, 0x1e, 0xf1, 0x10,
  0x29, 0x00, 0x33, 0x33, 0x44, 0x52, 0x42, 0x24, 0x33, 0x13, 0x21, 0x02,
  0x10, 0xef, 0xe0, 0xdf, 0x49, 0x00, 0xf2, 0xd1, 0xf1, 0xfe, 0xec, 0xec,
  0xce, 0xbc, 0xdc, 0xbd, 0xdc, 0xcc, 0xdd, 0xfc, 0x2a, 0x00, 0x40, 0x41,
  0x43, 0x33, 0x24, 0x35, 0x32, 0x03, 0x22, 0xe1, 0xd1, 0x0f, 0x0b, 0xbc,
  0x2a, 0x00, 0xfd, 0xca, 0xcd, 0xdc, 0xdc, 0xde, 0xfe, 0x0d, 0x1f, 0x02,
  0x31, 0x02, 0x25, 0x34, 0x2a, 0x00, 0x65, 0x32, 0x44, 0x34, 0xf4, 0x43,
  0x1f, 0xe1, 0xf1, 0xfc, 0xce, 0xdc, 0xcb, 0xdb, 0x4a, 0x00, 0xed, 0xec,
  0xbd, 0xcb, 0xdc, 0xae, 0xce, 0xec, 0xeb, 0x0d, 0xfd, 0x10, 0x2f, 0x4e,
  0x4a, 0x00, 0x22, 0x42, 0x42, 0x35, 0x62, 0x42, 0x27, 0x61, 0x11, 0x34,
  0x40, 0xf0, 0x20, 0x3c, 0x2a, 0x00, 0xbc, 0xfc, 0xec, 0xec, 0x0d, 0x0e,
  0xd0, 0x11, 0x00, 0x23, 0x4f, 0x21, 0x13, 0x22, 0x29, 0x00, 0x11, 0x11,
  0xf1, 0x01, 0x00, 0x0e, 0xef, 0xe0, 0xee, 0xde, 0xfd, 0xed, 0xdd, 0xec,
  0x2a, 0x00, 0xcb, 0xbb, 0xea, 0xfa, 0xfe, 0x1c, 0x2d, 0x21, 0x50, 0x20,
  0x74, 0x42, 0x65, 0x64, 0x2a, 0x00, 0x36, 0x36, 0x74, 0x73, 0x32, 0x42,
  0x40, 0xf1, 0x11, 0x0f, 0xd2, 0x0e, 0xfb, 0xef, 0x0b, 0x00, 0x77, 0x87,
  0x88, 0x88, 0x88, 0x88, 0x88, 0x88, 0x88, 0x88, 0x88, 0x88, 0x77, 0x77,
  0x2a, 0x00, 0x77, 0x77, 0xb8, 0x03, 0x1d, 0xf1, 0xed, 0xde, 0xed, 0xae,
  0xfa, 0xcd, 0xca, 0xad, 0x2a, 0x00, 0xce, 0xfd, 0xdb, 0xdd, 0x1f, 0x0e,
  0x1e, 0x20, 0x11, 0x21, 0x41, 0xf4, 0x04, 0x52, 0x4a, 0x00, 0x21, 0x10,
  0x31, 0x32, 0x11, 0x20, 0x12, 0x01, 0x10, 0x1e, 0x0e, 0x0d, 0xdc, 0xcf,
  0x4a, 0x00, 0xdd, 0xdc, 0xcc, 0xec, 0xdb, 0xce, 0xde, 0xcd, 0x1d, 0x2d,
  0xef, 0x2f, 0x3f, 0x10, 0x2b, 0x00, 0x64, 0x51, 0x24, 0x51, 0xd1, 0x13,
  0xd0, 0xcf, 0xfd, 0xbd, 0xcd, 0xdd, 0xcb, 0xac, 0x4a, 0x00, 0x1f, 0x1d,
  0xfd, 0x1d, 0xe0, 0x00, 0x0f, 0x1f, 0x04, 0x20, 0x04, 0x34, 0x41, 0x42,
  0x2a, 0x00, 0x32, 0x04, 0x21, 0x01, 0x01, 0xcf, 0xd2, 0x0e, 0xbe, 0xfd,
  0xdc, 0xbd, 0xdd, 0xcd, 0x2a, 0x00, 0xee, 0xec, 0xec, 0x1d, 0xde, 0x1e,
  0xff, 0x00, 0x00, 0x1f, 0x03, 0x21, 0x00, 0x13, 0x4b, 0x00, 0x3d, 0xef,
  0x40, 0x0e, 0xf3, 0x3f, 0xf0, 0xf1, 0x0e, 0xff, 0xfd, 0xcd, 0xbe, 0xdd,
  0x2b, 0x00, 0xea, 0xcd, 0xde, 0xa0, 0x20, 0xe1, 0xf3, 0x5e, 0x22, 0x25,
  0x42, 0x54, 0x15, 0x33, 0x4a, 0x00, 0x12, 0x33, 0x20, 0x31, 0x21, 0x31,
  0x11, 0x21, 0x00, 0x11, 0x00, 0xd0, 0xd1, 0xf0, 0x2b, 0x00, 0xea, 0xdc,
  0xcd, 0xed, 0xfe, 0x0e, 0x0f, 0xf2, 0x13, 0x41, 0x32, 0x33, 0x43, 0x54,
  0x2b, 0x00, 0x43, 0x33, 0x51, 0x14, 0x13, 0x02, 0x02, 0x00, 0x0c, 0xc1,
  0xee, 0xdd, 0xdb, 0xbd, 0x4b, 0x00, 0xb1, 0xb0, 0xed, 0xcd, 0xec, 0xda,
  0xcb, 0xbd, 0xd0, 0xea, 0xdd, 0x0d, 0xfe, 0xf0, 0x4b, 0x00, 0x1f, 0x1e,
  0x00, 0x01, 0xf2, 0x32, 0x2f, 0xf1, 0xf0, 0x00, 0xf0, 0xce, 0xd2, 0xfb,
  0x2b, 0x00, 0xcd, 0xed, 0xdb, 0xee, 0xce, 0xd1, 0xdf, 0xf1, 0x11, 0x10,
  0x12, 0x14, 0x15, 0x33, 0x2b, 0x00, 0x44, 0x51, 0x43, 0x32, 0x15, 0x32,
  0x41, 0x2f, 0x3f, 0x0e, 0xf0, 0xe0, 0xdf, 0xcf, 0x4b, 0x00, 0xf2, 0x0e,
  0xc0, 0xe0, 0xde, 0xde, 0xdb, 0xdf, 0x19, 0xcc, 0xfd, 0xfa, 0xfc, 0xdd,
  0x0c, 0x00, 0x88, 0x88, 0x88, 0x88, 0x58, 0x77, 0x77, 0x77, 0x77, 0x77,
  0x77, 0x77, 0x8b, 0x88, 0x2b, 0x00, 0x88, 0x98, 0xe7, 0xfd, 0x0d, 0xdc,
  0x0f, 0x0e, 0x0e, 0x2e, 0x1f, 0x20, 0x01, 0x21, 0x4b, 0x00, 0xf1, 0x00,
  0x30, 0x3d, 0x11, 0x32, 0x01, 0x05, 0x03, 0x15, 0x22, 0x01, 0x23, 0x4e,
  0x2b, 0x00, 0xee, 0xe0, 0xd0, 0xfe, 0xcf, 0xe0, 0xe0, 0x0e, 0x0c, 0xe0,
  0x0f, 0x0f, 0x00, 0xf0, 0x0c, 0x00, 0x88, 0x88, 0x88, 0x88, 0x88, 0x7d,
  0x77, 0x77, 0x77, 0x77, 0x77, 0x77, 0x77, 0x77, 0x2b, 0x00, 0x77, 0x88,
  0xe1, 0xf0, 0xe0, 0x0d, 0xfe, 0x0e, 0xde, 0xf0, 0x0e, 0xef, 0xe0, 0xf0,
  0x0c, 0x00, 0x88, 0x88, 0x88, 0x88, 0x88, 0x88, 0x88, 0x88, 0x88, 0x1b,
  0x77, 0x77, 0x77, 0x77, 0x0c, 0x00, 0x77, 0x77, 0x77, 0x57, 0x8e, 0x88,
  0x88, 0x88, 0x88, 0x88, 0x88, 0x88, 0x88, 0x88, 0x0c, 0x00, 0x88, 0x88,
  0x88, 0x88, 0x88, 0x88, 0x88, 0x88, 0x88, 0x88, 0xe8, 0x77, 0x77, 0x77,
  0x0c, 0x00, 0x77, 0x77, 0x77, 0x77, 0x77, 0x77, 0x77, 0x77, 0x77, 0x77,
  0xf6, 0x88, 0x88, 0x88, 0x0c, 0x00, 0x88, 0x88, 0x88, 0x88, 0x88, 0x88,
  0x88, 0x88, 0x88, 0x88, 0x88, 0xb8, 0x2d, 0x65, 0x0c, 0x00, 0x77, 0x77,
  0x77, 0x57, 0x15, 0xc0, 0x9b, 0x88, 0x88, 0x88, 0x88, 0x88, 0x88, 0x88,
  0x0c, 0x00, 0x88, 0x88, 0x88, 0x88, 0x88, 0x88, 0x88, 0x88, 0x88, 0x88,
  0x88, 0x88, 0x88, 0x88, 0x0c, 0x00, 0x88, 0x88, 0x88, 0x88, 0x88, 0x88,
  0x88, 0x88, 0x88, 0x88, 0x88, 0x88, 0x88, 0x88, 0x0c, 0x00, 0x88, 0x88,
  0x88, 0x88, 0x88, 0x88, 0x88, 0x88, 0x88, 0x88, 0x88, 0x88, 0x88, 0x88,
  0x0c, 0x00, 0x88, 0x88, 0x88, 0x88, 0x88, 0x88, 0x88, 0x88, 0x88, 0x88,
  0x88, 0x88, 0x88, 0x88, 0x0c, 0x07, 0x00, 0x00, 0x00, 0x00, 0x00, 0x00,
  0x00, 0x00, 0x00, 0x00, 0x00, 0x00, 0x00, 0x00,
};
unsigned int sfx_view_size = 4736;

unsigned char audsrv_irx[] __attribute__((aligned(64))) = {
  0x7f, 0x45, 0x4c, 0x46, 0x01, 0x01, 0x01, 0x00, 0x00, 0x00, 0x00, 0x00,
  0x00, 0x00, 0x00, 0x00, 0x80, 0xff, 0x08, 0x00, 0x01, 0x00, 0x00, 0x00,
  0x24, 0x09, 0x00, 0x00, 0x34, 0x00, 0x00, 0x00, 0xac, 0x3a, 0x00, 0x00,
  0x01, 0x10, 0x00, 0x00, 0x34, 0x00, 0x20, 0x00, 0x02, 0x00, 0x28, 0x00,
  0x0c, 0x00, 0x09, 0x00, 0x80, 0x00, 0x00, 0x70, 0x74, 0x00, 0x00, 0x00,
  0x00, 0x00, 0x00, 0x00, 0x00, 0x00, 0x00, 0x00, 0x1b, 0x00, 0x00, 0x00,
  0x00, 0x00, 0x00, 0x00, 0x04, 0x00, 0x00, 0x00, 0x04, 0x00, 0x00, 0x00,
  0x01, 0x00, 0x00, 0x00, 0x90, 0x00, 0x00, 0x00, 0x00, 0x00, 0x00, 0x00,
  0x00, 0x00, 0x00, 0x00, 0xc0, 0x39, 0x00, 0x00, 0x78, 0x5f, 0x01, 0x00,
  0x07, 0x00, 0x00, 0x00, 0x10, 0x00, 0x00, 0x00, 0x88, 0x38, 0x00, 0x00,
  0x24, 0x09, 0x00, 0x00, 0xb0, 0xb9, 0x00, 0x00, 0x40, 0x26, 0x00, 0x00,
  0x80, 0x13, 0x00, 0x00, 0xb8, 0x25, 0x01, 0x00, 0x04, 0x01, 0x00, 0x00,
  0x00, 0x00, 0xc0, 0x41, 0x00, 0x00, 0x00, 0x00, 0x04, 0x01, 0x00, 0x00,
  0x61, 0x75, 0x64, 0x73, 0x72, 0x76, 0x00, 0x00, 0x24, 0x09, 0x00, 0x00,
  0x90, 0x00, 0x00, 0x00, 0x90, 0x00, 0x00, 0x00, 0x90, 0x00, 0x00, 0x00,
  0xa8, 0x02, 0x00, 0x00, 0x4c, 0x08, 0x00, 0x00, 0xa4, 0x01, 0x00, 0x00,
  0xc4, 0x01, 0x00, 0x00, 0x54, 0x06, 0x00, 0x00, 0xb4, 0x06, 0x00, 0x00,
  0x74, 0x01, 0x00, 0x00, 0xd8, 0x07, 0x00, 0x00, 0x7c, 0x19, 0x00, 0x00,
  0x40, 0x18, 0x00, 0x00, 0x14, 0x08, 0x00, 0x00, 0xe8, 0x17, 0x00, 0x00,
  0x0c, 0x18, 0x00, 0x00, 0x00, 0x17, 0x00, 0x00, 0x34, 0x17, 0x00, 0x00,
  0xc4, 0x17, 0x00, 0x00, 0xd8, 0x17, 0x00, 0x00, 0xd4, 0x18, 0x00, 0x00,
  0xf8, 0x16, 0x00, 0x00, 0xbc, 0x14, 0x00, 0x00, 0xf4, 0x24, 0x00, 0x00,
  0x08, 0x22, 0x00, 0x00, 0x08, 0x24, 0x00, 0x00, 0xdc, 0x25, 0x00, 0x00,
  0xd4, 0x03, 0x00, 0x00, 0x1c, 0x06, 0x00, 0x00, 0x00, 0x00, 0x00, 0x00,
  0x08, 0x00, 0xe0, 0x03, 0x00, 0x00, 0x00, 0x00, 0x00, 0x00, 0x00, 0x00,
  0x00, 0x00, 0x00, 0x00, 0xe0, 0xff, 0xbd, 0x27, 0xff, 0x7f, 0x05, 0x24,
  0x1c, 0x00, 0xbf, 0xaf, 0xe1, 0x07, 0x11, 0x04, 0x81, 0x0d, 0x04, 0x24,
  0xff, 0x7f, 0x05, 0x24, 0xde, 0x07, 0x11, 0x04, 0x81, 0x0e, 0x04, 0x24,
  0x25, 0x28, 0x00, 0x00, 0xdb, 0x07, 0x11, 0x04, 0x80, 0x0f, 0x04, 0x24,
  0x25, 0x28, 0x00, 0x00, 0xd8, 0x07, 0x11, 0x04, 0x80, 0x10, 0x04, 0x24,
  0x01, 0x00, 0x05, 0x3c, 0xdc, 0xa1, 0xa5, 0x8c, 0x00, 0x00, 0x00, 0x00,
  0x04, 0x00, 0xa0, 0x10, 0x00, 0x00, 0x00, 0x00, 0x00, 0x00, 0x05, 0x3c,
  0x84, 0x38, 0xa5, 0x8c, 0x00, 0x00, 0x00, 0x00, 0xff, 0xff, 0xa5, 0x30,
  0x81, 0x0f, 0x04, 0x24, 0xcc, 0x07, 0x11, 0x04, 0x10, 0x00, 0xa5, 0xaf,
  0x10, 0x00, 0xa5, 0x8f, 0xc9, 0x07, 0x11, 0x04, 0x81, 0x10, 0x04, 0x24,
  0x25, 0x28, 0x00, 0x00, 0xc6, 0x07, 0x11, 0x04, 0x80, 0x09, 0x04, 0x24,
  0x25, 0x28, 0x00, 0x00, 0xc3, 0x07, 0x11, 0x04, 0x80, 0x0a, 0x04, 0x24,
  0xff, 0x3f, 0x05, 0x24, 0xc0, 0x07, 0x11, 0x04, 0x81, 0x09, 0x04, 0x24,
  0x1c, 0x00, 0xbf, 0x8f, 0xff, 0x3f, 0x05, 0x24, 0x81, 0x0a, 0x04, 0x24,
  0xbb, 0x07, 0x00, 0x10, 0x20, 0x00, 0xbd, 0x27, 0x00, 0x00, 0x04, 0x3c,
  0xc8, 0x51, 0x84, 0x8c, 0xe8, 0xff, 0xbd, 0x27, 0x14, 0x00, 0xbf, 0xaf,
  0x9d, 0x07, 0x11, 0x04, 0x00, 0x00, 0x00, 0x00, 0x14, 0x00, 0xbf, 0x8f,
  0x01, 0x00, 0x02, 0x24, 0x08, 0x00, 0xe0, 0x03, 0x18, 0x00, 0xbd, 0x27,
  0xe8, 0xff, 0xbd, 0x27, 0x01, 0x00, 0x01, 0x3c, 0xdc, 0xa1, 0x20, 0xac,
  0x14, 0x00, 0xbf, 0xaf, 0xc6, 0xff, 0x11, 0x04, 0x00, 0x00, 0x00, 0x00,
  0x14, 0x00, 0xbf, 0x8f, 0x25, 0x10, 0x00, 0x00, 0x00, 0x00, 0x01, 0x3c,
  0xc4, 0x51, 0x20, 0xac, 0x08, 0x00, 0xe0, 0x03, 0x18, 0x00, 0xbd, 0x27,
  0xe8, 0xff, 0xbd, 0x27, 0x14, 0x00, 0xbf, 0xaf, 0x14, 0x03, 0x11, 0x04,
  0x00, 0x00, 0x00, 0x00, 0x14, 0x00, 0xbf, 0x8f, 0x2b, 0x10, 0x02, 0x00,
  0x08, 0x00, 0xe0, 0x03, 0x18, 0x00, 0xbd, 0x27, 0xe0, 0xff, 0xbd, 0x27,
  0x18, 0x00, 0xb2, 0xaf, 0x14, 0x00, 0xb1, 0xaf, 0x10, 0x00, 0xb0, 0xaf,
  0x1c, 0x00, 0xbf, 0xaf, 0x25, 0x80, 0x80, 0x00, 0x25, 0x90, 0xa0, 0x00,
  0xf0, 0xff, 0x11, 0x04, 0x25, 0x88, 0xc0, 0x00, 0x25, 0x18, 0x40, 0x00,
  0x28, 0x00, 0x60, 0x10, 0xfd, 0xff, 0x02, 0x24, 0x10, 0x00, 0x42, 0x3a,
  0x01, 0x00, 0x42, 0x2c, 0x02, 0x00, 0x03, 0x24, 0x01, 0x00, 0x01, 0x3c,
  0xe4, 0xa1, 0x22, 0xac, 0x03, 0x00, 0x23, 0x16, 0x01, 0x00, 0x42, 0x24,
  0x01, 0x00, 0x01, 0x3c, 0xe4, 0xa1, 0x22, 0xac, 0x80, 0xbb, 0x02, 0x34,
  0x01, 0x00, 0x01, 0x3c, 0xf0, 0xa1, 0x30, 0xac, 0x40, 0x82, 0x10, 0x00,
  0x02, 0x00, 0x40, 0x14, 0x1a, 0x00, 0x02, 0x02, 0x0d, 0x00, 0x07, 0x00,
  0x01, 0x00, 0x02, 0x3c, 0xe4, 0xa1, 0x42, 0x8c, 0x01, 0x00, 0x01, 0x3c,
  0xec, 0xa1, 0x32, 0xac, 0x01, 0x00, 0x01, 0x3c, 0xe8, 0xa1, 0x31, 0xac,
  0x00, 0x00, 0x01, 0x3c, 0xd4, 0x51, 0x20, 0xac, 0x12, 0x18, 0x00, 0x00,
  0x04, 0x18, 0x43, 0x00, 0x80, 0x10, 0x03, 0x00, 0x21, 0x10, 0x43, 0x00,
  0x40, 0x18, 0x02, 0x00, 0x00, 0x00, 0x01, 0x3c, 0x80, 0x38, 0x23, 0xac,
  0xfc, 0xff, 0x03, 0x24, 0x24, 0x10, 0x43, 0x00, 0x00, 0x00, 0x01, 0x3c,
  0xd8, 0x51, 0x22, 0xac, 0x01, 0x00, 0x02, 0x24, 0x00, 0x00, 0x01, 0x3c,
  0xc0, 0x51, 0x22, 0xac, 0x25, 0x10, 0x00, 0x00, 0x1c, 0x00, 0xbf, 0x8f,
  0x18, 0x00, 0xb2, 0x8f, 0x14, 0x00, 0xb1, 0x8f, 0x10, 0x00, 0xb0, 0x8f,
  0x08, 0x00, 0xe0, 0x03, 0x20, 0x00, 0xbd, 0x27, 0x01, 0x00, 0x02, 0x3c,
  0xe0, 0xa1, 0x42, 0x8c, 0x00, 0x00, 0x00, 0x00, 0x45, 0x00, 0x40, 0x14,
  0x00, 0x00, 0x00, 0x00, 0xd0, 0xff, 0xbd, 0x27, 0x25, 0x20, 0x00, 0x00,
  0x2c, 0x00, 0xbf, 0xaf, 0x56, 0x07, 0x11, 0x04, 0x28, 0x00, 0xb0, 0xaf,
  0x25, 0x18, 0x40, 0x00, 0x1d, 0x00, 0x60, 0x04, 0xff, 0xff, 0x02, 0x24,
  0x01, 0x00, 0x10, 0x24, 0x18, 0x00, 0xa4, 0x27, 0x00, 0x00, 0x01, 0x3c,
  0xd8, 0x51, 0x20, 0xac, 0x00, 0x00, 0x01, 0x3c, 0xd4, 0x51, 0x20, 0xac,
  0x18, 0x00, 0xa0, 0xaf, 0x1c, 0x00, 0xa0, 0xaf, 0x20, 0x00, 0xa0, 0xaf,
  0x2e, 0x07, 0x11, 0x04, 0x24, 0x00, 0xb0, 0xaf, 0x00, 0x00, 0x01, 0x3c,
  0xc8, 0x51, 0x22, 0xac, 0x0d, 0x00, 0x40, 0x04, 0x18, 0x00, 0xa4, 0x27,
  0x18, 0x00, 0xa0, 0xaf, 0x1c, 0x00, 0xa0, 0xaf, 0x20, 0x00, 0xa0, 0xaf,
  0x25, 0x07, 0x11, 0x04, 0x24, 0x00, 0xb0, 0xaf, 0x00, 0x00, 0x01, 0x3c,
  0x0a, 0x00, 0x41, 0x04, 0xcc, 0x51, 0x22, 0xac, 0x00, 0x00, 0x04, 0x3c,
  0xc8, 0x51, 0x84, 0x8c, 0x20, 0x07, 0x11, 0x04, 0x00, 0x00, 0x00, 0x00,
  0x04, 0x00, 0x02, 0x24, 0x2c, 0x00, 0xbf, 0x8f, 0x28, 0x00, 0xb0, 0x8f,
  0x08, 0x00, 0xe0, 0x03, 0x30, 0x00, 0xbd, 0x27, 0x85, 0xff, 0x11, 0x04,
  0x00, 0x00, 0x00, 0x00, 0x00, 0x00, 0x05, 0x3c, 0x4c, 0x01, 0xa5, 0x24,
  0x2f, 0x07, 0x11, 0x04, 0x01, 0x00, 0x04, 0x24, 0x00, 0x10, 0x07, 0x24,
  0x00, 0x00, 0x06, 0x3c, 0xc0, 0x41, 0xc6, 0x24, 0x10, 0x00, 0x05, 0x24,
  0x01, 0x00, 0x04, 0x24, 0x38, 0x07, 0x11, 0x04, 0x10, 0x00, 0xa0, 0xaf,
  0x02, 0x00, 0x06, 0x24, 0x10, 0x00, 0x05, 0x24, 0x8a, 0xff, 0x11, 0x04,
  0x80, 0xbb, 0x04, 0x34, 0x25, 0x30, 0x00, 0x00, 0x00, 0x00, 0x04, 0x3c,
  0x10, 0x04, 0x84, 0x24, 0xd8, 0x03, 0x11, 0x04, 0x27, 0x00, 0x05, 0x24,
  0x00, 0x00, 0x01, 0x3c, 0xd0, 0x51, 0x22, 0xac, 0x01, 0x00, 0x01, 0x3c,
  0xe0, 0xa1, 0x30, 0xac, 0xe1, 0xff, 0x00, 0x10, 0x25, 0x10, 0x00, 0x00,
  0x08, 0x00, 0xe0, 0x03, 0x25, 0x10, 0x00, 0x00, 0x00, 0x00, 0x03, 0x3c,
  0xd4, 0x51, 0x63, 0x8c, 0x00, 0x00, 0x02, 0x3c, 0xd8, 0x51, 0x42, 0x8c,
  0x00, 0x00, 0x00, 0x00, 0x2a, 0x20, 0x43, 0x00, 0x03, 0x00, 0x80, 0x14,
  0x00, 0x00, 0x00, 0x00, 0x08, 0x00, 0xe0, 0x03, 0x23, 0x10, 0x43, 0x00,
  0x23, 0x18, 0x62, 0x00, 0x00, 0x00, 0x02, 0x3c, 0x80, 0x38, 0x42, 0x8c,
  0xfa, 0xff, 0x00, 0x10, 0x00, 0x00, 0x00, 0x00, 0xc8, 0xff, 0xbd, 0x27,
  0x30, 0x00, 0xb4, 0xaf, 0x2c, 0x00, 0xb3, 0xaf, 0x28, 0x00, 0xb2, 0xaf,
  0x24, 0x00, 0xb1, 0xaf, 0x34, 0x00, 0xbf, 0xaf, 0x20, 0x00, 0xb0, 0xaf,
  0x25, 0x88, 0x00, 0x00, 0x00, 0x00, 0x12, 0x3c, 0xc0, 0x3d, 0x52, 0x26,
  0x00, 0x00, 0x13, 0x3c, 0xc0, 0x39, 0x73, 0x26, 0x00, 0x00, 0x14, 0x3c,
  0xdc, 0x51, 0x94, 0x26, 0x00, 0x00, 0x02, 0x3c, 0xc0, 0x51, 0x42, 0x8c,
  0x00, 0x00, 0x00, 0x00, 0x0c, 0x00, 0x40, 0x10, 0x00, 0x00, 0x00, 0x00,
  0x01, 0x00, 0x06, 0x3c, 0xe8, 0xa1, 0xc6, 0x8c, 0x01, 0x00, 0x05, 0x3c,
  0xec, 0xa1, 0xa5, 0x8c, 0x01, 0x00, 0x04, 0x3c, 0xf0, 0xa1, 0x84, 0x8c,
  0x62, 0x02, 0x11, 0x04, 0x00, 0x00, 0x00, 0x00, 0x25, 0x88, 0x40, 0x00,
  0x00, 0x00, 0x01, 0x3c, 0xc0, 0x51, 0x20, 0xac, 0x01, 0x00, 0x02, 0x3c,
  0xdc, 0xa1, 0x42, 0x8c, 0x00, 0x00, 0x00, 0x00, 0x58, 0x00, 0x40, 0x10,
  0x25, 0x20, 0x40, 0x02, 0x57, 0x00, 0x20, 0x12, 0x00, 0x04, 0x06, 0x24,
  0x00, 0x00, 0x02, 0x3c, 0xd8, 0x51, 0x42, 0x8c, 0x10, 0x00, 0xb2, 0xaf,
  0x21, 0x10, 0x82, 0x02, 0x18, 0x00, 0xa2, 0xaf, 0x14, 0x00, 0xb3, 0xaf,
  0x09, 0xf8, 0x20, 0x02, 0x10, 0x00, 0xa4, 0x27, 0x00, 0x00, 0x03, 0x3c,
  0xd8, 0x51, 0x63, 0x8c, 0x00, 0x00, 0x00, 0x00, 0x21, 0x18, 0x43, 0x00,
  0x00, 0x00, 0x02, 0x3c, 0x80, 0x38, 0x42, 0x8c, 0x00, 0x00, 0x01, 0x3c,
  0xd8, 0x51, 0x23, 0xac, 0x2a, 0x18, 0x62, 0x00, 0x03, 0x00, 0x60, 0x14,
  0x00, 0x00, 0x00, 0x00, 0x00, 0x00, 0x01, 0x3c, 0xd8, 0x51, 0x20, 0xac,
  0x00, 0x00, 0x04, 0x3c, 0xc8, 0x51, 0x84, 0x8c, 0x00, 0x00, 0x10, 0x3c,
  0xb5, 0x06, 0x11, 0x04, 0xc0, 0x41, 0x10, 0x26, 0x49, 0x06, 0x11, 0x04,
  0x1c, 0x00, 0xa4, 0x27, 0x25, 0x28, 0x00, 0x00, 0xd8, 0x06, 0x11, 0x04,
  0x01, 0x00, 0x04, 0x24, 0x02, 0x1e, 0x02, 0x00, 0x01, 0x00, 0x02, 0x24,
  0x23, 0x10, 0x43, 0x00, 0xc0, 0x12, 0x02, 0x00, 0x21, 0x80, 0x02, 0x02,
  0x25, 0x20, 0x00, 0x02, 0x00, 0x02, 0x06, 0x24, 0x48, 0x02, 0x11, 0x04,
  0x25, 0x28, 0x40, 0x02, 0x00, 0x02, 0x04, 0x26, 0x00, 0x02, 0x06, 0x24,
  0x44, 0x02, 0x11, 0x04, 0x25, 0x28, 0x60, 0x02, 0x00, 0x04, 0x04, 0x26,
  0x00, 0x00, 0x05, 0x3c, 0xc0, 0x3f, 0xa5, 0x24, 0x3f, 0x02, 0x11, 0x04,
  0x00, 0x02, 0x06, 0x24, 0x00, 0x06, 0x04, 0x26, 0x00, 0x00, 0x05, 0x3c,
  0xc0, 0x3b, 0xa5, 0x24, 0x3a, 0x02, 0x11, 0x04, 0x00, 0x02, 0x06, 0x24,
  0x1c, 0x00, 0xa4, 0x8f, 0x2e, 0x06, 0x11, 0x04, 0x00, 0x00, 0x00, 0x00,
  0x92, 0xff, 0x11, 0x04, 0x00, 0x00, 0x00, 0x00, 0x25, 0x80, 0x40, 0x00,
  0x00, 0x00, 0x02, 0x3c, 0x80, 0x38, 0x42, 0x8c, 0x0a, 0x00, 0x03, 0x24,
  0x02, 0x00, 0x60, 0x14, 0x1a, 0x00, 0x43, 0x00, 0x0d, 0x00, 0x07, 0x00,
  0x12, 0x10, 0x00, 0x00, 0x2a, 0x10, 0x02, 0x02, 0x05, 0x00, 0x40, 0x14,
  0x00, 0x00, 0x00, 0x00, 0x00, 0x00, 0x04, 0x3c, 0xcc, 0x51, 0x84, 0x8c,
  0x81, 0x06, 0x11, 0x04, 0x00, 0x00, 0x00, 0x00, 0x00, 0x00, 0x03, 0x3c,
  0xc4, 0x51, 0x63, 0x8c, 0x00, 0x00, 0x00, 0x00, 0x9b, 0xff, 0x60, 0x18,
  0x2a, 0x18, 0x03, 0x02, 0x99, 0xff, 0x60, 0x14, 0x00, 0x00, 0x00, 0x00,
  0x30, 0x03, 0x11, 0x04, 0x01, 0x00, 0x04, 0x24, 0x95, 0xff, 0x00, 0x10,
  0x00, 0x00, 0x00, 0x00, 0x00, 0x04, 0x06, 0x24, 0x42, 0x06, 0x11, 0x04,
  0x25, 0x28, 0x00, 0x00, 0x00, 0x04, 0x06, 0x24, 0x25, 0x28, 0x00, 0x00,
  0x3e, 0x06, 0x11, 0x04, 0x25, 0x20, 0x60, 0x02, 0xb8, 0xff, 0x00, 0x10,
  0x00, 0x00, 0x00, 0x00, 0x00, 0x00, 0x04, 0x3c, 0xd4, 0x51, 0x84, 0x8c,
  0x00, 0x00, 0x03, 0x3c, 0xd8, 0x51, 0x63, 0x8c, 0x00, 0x00, 0x00, 0x00,
  0x2a, 0x28, 0x83, 0x00, 0x05, 0x00, 0xa0, 0x10, 0x23, 0x10, 0x83, 0x00,
  0x00, 0x00, 0x02, 0x3c, 0x80, 0x38, 0x42, 0x8c, 0x23, 0x18, 0x64, 0x00,
  0x23, 0x10, 0x43, 0x00, 0x08, 0x00, 0xe0, 0x03, 0x00, 0x00, 0x00, 0x00,
  0x00, 0x00, 0x03, 0x3c, 0x80, 0x38, 0x63, 0x8c, 0xe8, 0xff, 0xbd, 0x27,
  0x2a, 0x18, 0x64, 0x00, 0x05, 0x00, 0x02, 0x24, 0x10, 0x00, 0xb0, 0xaf,
  0x14, 0x00, 0xbf, 0xaf, 0x0c, 0x00, 0x60, 0x14, 0x25, 0x80, 0x80, 0x00,
  0x56, 0xff, 0x11, 0x04, 0x00, 0x00, 0x00, 0x00, 0x2a, 0x10, 0x50, 0x00,
  0x07, 0x00, 0x40, 0x10, 0x00, 0x00, 0x00, 0x00, 0x00, 0x00, 0x04, 0x3c,
  0xcc, 0x51, 0x84, 0x8c, 0x51, 0x06, 0x11, 0x04, 0x00, 0x00, 0x00, 0x00,
  0xf6, 0xff, 0x00, 0x10, 0x00, 0x00, 0x00, 0x00, 0x14, 0x00, 0xbf, 0x8f,
  0x10, 0x00, 0xb0, 0x8f, 0x08, 0x00, 0xe0, 0x03, 0x18, 0x00, 0xbd, 0x27,
  0x01, 0x00, 0x02, 0x3c, 0xe0, 0xa1, 0x42, 0x8c, 0xc8, 0xff, 0xbd, 0x27,
  0x28, 0x00, 0xb3, 0xaf, 0x34, 0x00, 0xbf, 0xaf, 0x30, 0x00, 0xb5, 0xaf,
  0x2c, 0x00, 0xb4, 0xaf, 0x24, 0x00, 0xb2, 0xaf, 0x20, 0x00, 0xb1, 0xaf,
  0x1c, 0x00, 0xb0, 0xaf, 0x16, 0x00, 0x40, 0x10, 0xff, 0xff, 0x13, 0x24,
  0x01, 0x00, 0x02, 0x3c, 0xdc, 0xa1, 0x42, 0x8c, 0x25, 0x90, 0x80, 0x00,
  0x05, 0x00, 0x40, 0x14, 0x25, 0x88, 0xa0, 0x00, 0x01, 0x00, 0x02, 0x24,
  0x01, 0x00, 0x01, 0x3c, 0x67, 0xfe, 0x11, 0x04, 0xdc, 0xa1, 0x22, 0xac,
  0x32, 0xff, 0x11, 0x04, 0x00, 0x00, 0x00, 0x00, 0x25, 0x80, 0x40, 0x00,
  0x2a, 0x10, 0x22, 0x02, 0x02, 0x00, 0x40, 0x10, 0x00, 0x00, 0x00, 0x00,
  0x25, 0x80, 0x20, 0x02, 0x25, 0x98, 0x00, 0x00, 0x00, 0x00, 0x15, 0x3c,
  0xdc, 0x51, 0xb5, 0x26, 0x0b, 0x00, 0x00, 0x1e, 0x00, 0x00, 0x00, 0x00,
  0x34, 0x00, 0xbf, 0x8f, 0x30, 0x00, 0xb5, 0x8f, 0x2c, 0x00, 0xb4, 0x8f,
  0x24, 0x00, 0xb2, 0x8f, 0x20, 0x00, 0xb1, 0x8f, 0x1c, 0x00, 0xb0, 0x8f,
  0x25, 0x10, 0x60, 0x02, 0x28, 0x00, 0xb3, 0x8f, 0x08, 0x00, 0xe0, 0x03,
  0x38, 0x00, 0xbd, 0x27, 0x00, 0x00, 0x11, 0x3c, 0xd4, 0x51, 0x31, 0x8e,
  0x00, 0x00, 0x02, 0x3c, 0xd8, 0x51, 0x42, 0x8c, 0x00, 0x00, 0x14, 0x3c,
  0x80, 0x38, 0x94, 0x8e, 0x2a, 0x10, 0x22, 0x02, 0x06, 0x00, 0x40, 0x14,
  0x25, 0x30, 0x00, 0x02, 0x23, 0x30, 0x91, 0x02, 0x2a, 0x10, 0x06, 0x02,
  0x03, 0x00, 0x40, 0x10, 0x25, 0x28, 0x40, 0x02, 0x25, 0x30, 0x00, 0x02,
  0x25, 0x28, 0x40, 0x02, 0x21, 0x20, 0xb1, 0x02, 0xdb, 0x05, 0x11, 0x04,
  0x10, 0x00, 0xa6, 0xaf, 0x10, 0x00, 0xa6, 0x8f, 0x00, 0x00, 0x00, 0x00,
  0x21, 0x88, 0x26, 0x02, 0x2a, 0xa0, 0x34, 0x02, 0x21, 0x90, 0x46, 0x02,
  0x23, 0x80, 0x06, 0x02, 0x02, 0x00, 0x80, 0x16, 0x21, 0x98, 0x66, 0x02,
  0x25, 0x88, 0x00, 0x00, 0x00, 0x00, 0x01, 0x3c, 0xd7, 0xff, 0x00, 0x10,
  0xd4, 0x51, 0x31, 0xac, 0x00, 0x40, 0x83, 0x2c, 0x0b, 0x00, 0x60, 0x10,
  0x00, 0x00, 0x00, 0x00, 0xe8, 0xff, 0xbd, 0x27, 0x00, 0x00, 0x01, 0x3c,
  0x84, 0x38, 0x24, 0xac, 0x14, 0x00, 0xbf, 0xaf, 0x2a, 0xfe, 0x11, 0x04,
  0x00, 0x00, 0x00, 0x00, 0x14, 0x00, 0xbf, 0x8f, 0x25, 0x10, 0x00, 0x00,
  0x08, 0x00, 0xe0, 0x03, 0x18, 0x00, 0xbd, 0x27, 0x08, 0x00, 0xe0, 0x03,
  0x05, 0x00, 0x02, 0x24, 0x00, 0x00, 0x02, 0x3c, 0x80, 0x38, 0x42, 0x8c,
  0x00, 0x00, 0x00, 0x00, 0xc2, 0x1f, 0x02, 0x00, 0x21, 0x18, 0x62, 0x00,
  0x43, 0x18, 0x03, 0x00, 0x2a, 0x18, 0x64, 0x00, 0x04, 0x00, 0x60, 0x14,
  0x05, 0x00, 0x02, 0x24, 0x00, 0x00, 0x01, 0x3c, 0xc4, 0x51, 0x24, 0xac,
  0x25, 0x10, 0x00, 0x00, 0x08, 0x00, 0xe0, 0x03, 0x00, 0x00, 0x00, 0x00,
  0xe0, 0xff, 0xbd, 0x27, 0x1c, 0x00, 0xbf, 0xaf, 0x47, 0xfe, 0x11, 0x04,
  0x00, 0x00, 0x00, 0x00, 0xf8, 0x03, 0x11, 0x04, 0x00, 0x00, 0x00, 0x00,
  0x23, 0x07, 0x11, 0x04, 0x00, 0x00, 0x00, 0x00, 0x25, 0x28, 0x00, 0x00,
  0xee, 0x05, 0x11, 0x04, 0x01, 0x00, 0x04, 0x24, 0x01, 0x00, 0x04, 0x24,
  0x10, 0x00, 0xa0, 0xaf, 0x25, 0x38, 0x00, 0x00, 0x25, 0x30, 0x00, 0x00,
  0xf8, 0x05, 0x11, 0x04, 0x02, 0x00, 0x05, 0x24, 0x00, 0x00, 0x04, 0x3c,
  0xd0, 0x51, 0x84, 0x8c, 0x00, 0x00, 0x00, 0x00, 0x09, 0x00, 0x80, 0x18,
  0x00, 0x00, 0x00, 0x00, 0x80, 0x05, 0x11, 0x04, 0x00, 0x00, 0x00, 0x00,
  0x00, 0x00, 0x04, 0x3c, 0xd0, 0x51, 0x84, 0x8c, 0x76, 0x05, 0x11, 0x04,
  0x00, 0x00, 0x00, 0x00, 0x00, 0x00, 0x01, 0x3c, 0xd0, 0x51, 0x20, 0xac,
  0x6d, 0x02, 0x11, 0x04, 0x00, 0x00, 0x00, 0x00, 0x00, 0x00, 0x04, 0x3c,
  0xc8, 0x51, 0x84, 0x8c, 0x00, 0x00, 0x00, 0x00, 0x05, 0x00, 0x80, 0x18,
  0x00, 0x00, 0x00, 0x00, 0xb8, 0x05, 0x11, 0x04, 0x00, 0x00, 0x00, 0x00,
  0x00, 0x00, 0x01, 0x3c, 0xc8, 0x51, 0x20, 0xac, 0x00, 0x00, 0x04, 0x3c,
  0xcc, 0x51, 0x84, 0x8c, 0x00, 0x00, 0x00, 0x00, 0x05, 0x00, 0x80, 0x18,
  0x00, 0x00, 0x00, 0x00, 0xaf, 0x05, 0x11, 0x04, 0x00, 0x00, 0x00, 0x00,
  0x00, 0x00, 0x01, 0x3c, 0xcc, 0x51, 0x20, 0xac, 0x1c, 0x00, 0xbf, 0x8f,
  0x25, 0x10, 0x00, 0x00, 0x08, 0x00, 0xe0, 0x03, 0x20, 0x00, 0xbd, 0x27,
  0xe8, 0xff, 0xbd, 0x27, 0x14, 0x00, 0xbf, 0xaf, 0x9a, 0x05, 0x11, 0x04,
  0x10, 0x00, 0xb0, 0xaf, 0x43, 0x05, 0x11, 0x04, 0x01, 0x00, 0x10, 0x24,
  0x00, 0x00, 0x04, 0x3c, 0xaf, 0x05, 0x11, 0x04, 0xc0, 0x36, 0x84, 0x24,
  0x00, 0x00, 0x04, 0x3c, 0x90, 0x05, 0x11, 0x04, 0x00, 0x00, 0x84, 0x24,
  0x05, 0x00, 0x40, 0x14, 0x00, 0x00, 0x00, 0x00, 0xe5, 0x06, 0x11, 0x04,
  0x25, 0x80, 0x40, 0x00, 0x0c, 0x02, 0x11, 0x04, 0x00, 0x00, 0x00, 0x00,
  0x14, 0x00, 0xbf, 0x8f, 0x25, 0x10, 0x00, 0x02, 0x10, 0x00, 0xb0, 0x8f,
  0x08, 0x00, 0xe0, 0x03, 0x18, 0x00, 0xbd, 0x27, 0x00, 0x00, 0x83, 0x8c,
  0x04, 0x00, 0x85, 0x8c, 0x08, 0x00, 0x82, 0x8c, 0x00, 0x04, 0x64, 0x24,
  0x00, 0x00, 0x46, 0x84, 0x08, 0x00, 0x63, 0x24, 0xf8, 0xff, 0x66, 0xa4,
  0x02, 0x00, 0x46, 0x84, 0x04, 0x00, 0x42, 0x24, 0x00, 0x00, 0xa6, 0xa4,
  0xfc, 0xff, 0x46, 0x84, 0x08, 0x00, 0xa5, 0x24, 0xfa, 0xff, 0x66, 0xa4,
  0xfe, 0xff, 0x46, 0x84, 0x00, 0x00, 0x00, 0x00, 0xfa, 0xff, 0xa6, 0xa4,
  0xfc, 0xff, 0x46, 0x84, 0x00, 0x00, 0x00, 0x00, 0xfc, 0xff, 0x66, 0xa4,
  0xfe, 0xff, 0x46, 0x84, 0x00, 0x00, 0x00, 0x00, 0xfc, 0xff, 0xa6, 0xa4,
  0xfc, 0xff, 0x46, 0x84, 0x00, 0x00, 0x00, 0x00, 0xfe, 0xff, 0x66, 0xa4,
  0xfe, 0xff, 0x46, 0x84, 0xe9, 0xff, 0x83, 0x14, 0xfe, 0xff, 0xa6, 0xa4,
  0x08, 0x00, 0xe0, 0x03, 0x00, 0x02, 0x02, 0x24, 0x00, 0x00, 0x82, 0x8c,
  0x04, 0x00, 0x85, 0x8c, 0x08, 0x00, 0x83, 0x8c, 0x00, 0x04, 0x44, 0x24,
  0x00, 0x00, 0x66, 0x84, 0x04, 0x00, 0x42, 0x24, 0xfc, 0xff, 0x46, 0xa4,
  0x02, 0x00, 0x66, 0x84, 0x04, 0x00, 0x63, 0x24, 0x00, 0x00, 0xa6, 0xa4,
  0xfc, 0xff, 0x66, 0x84, 0x04, 0x00, 0xa5, 0x24, 0xfe, 0xff, 0x46, 0xa4,
  0xfe, 0xff, 0x66, 0x84, 0xf5, 0xff, 0x82, 0x14, 0xfe, 0xff, 0xa6, 0xa4,
  0x08, 0x00, 0xe0, 0x03, 0x00, 0x04, 0x02, 0x24, 0x00, 0x00, 0x89, 0x8c,
  0x04, 0x00, 0x87, 0x8c, 0x08, 0x00, 0x8a, 0x8c, 0x25, 0x10, 0x00, 0x00,
  0x00, 0x04, 0x04, 0x24, 0x21, 0x18, 0xa2, 0x00, 0x00, 0x00, 0x63, 0x84,
  0x21, 0x30, 0x22, 0x01, 0x80, 0x18, 0x03, 0x00, 0x21, 0x18, 0x43, 0x01,
  0x00, 0x00, 0x68, 0x84, 0x00, 0x00, 0x00, 0x00, 0x00, 0x00, 0xc8, 0xa4,
  0x02, 0x00, 0x66, 0x84, 0x21, 0x18, 0xe2, 0x00, 0x02, 0x00, 0x42, 0x24,
  0xf4, 0xff, 0x44, 0x14, 0x00, 0x00, 0x66, 0xa4, 0x08, 0x00, 0xe0, 0x03,
  0x00, 0x00, 0x00, 0x00, 0x00, 0x00, 0x87, 0x8c, 0x04, 0x00, 0x88, 0x8c,
  0x08, 0x00, 0x89, 0x8c, 0x25, 0x10, 0x00, 0x00, 0x00, 0x04, 0x04, 0x24,
  0x21, 0x18, 0xa2, 0x00, 0x00, 0x00, 0x63, 0x84, 0x21, 0x30, 0x02, 0x01,
  0x40, 0x18, 0x03, 0x00, 0x21, 0x18, 0x23, 0x01, 0x00, 0x00, 0x63, 0x84,
  0x00, 0x00, 0x00, 0x00, 0x00, 0x00, 0xc3, 0xa4, 0x21, 0x30, 0xe2, 0x00,
  0x02, 0x00, 0x42, 0x24, 0xf5, 0xff, 0x44, 0x14, 0x00, 0x00, 0xc3, 0xa4,
  0x08, 0x00, 0xe0, 0x03, 0x00, 0x00, 0x00, 0x00, 0x00, 0x00, 0x87, 0x8c,
  0x04, 0x00, 0x88, 0x8c, 0x08, 0x00, 0x89, 0x8c, 0x25, 0x10, 0x00, 0x00,
  0x00, 0x04, 0x06, 0x24, 0x21, 0x18, 0xa2, 0x00, 0x00, 0x00, 0x63, 0x84,
  0x00, 0x00, 0x00, 0x00, 0x21, 0x18, 0x23, 0x01, 0x00, 0x00, 0x64, 0x80,
  0x00, 0x00, 0x00, 0x00, 0x00, 0x1a, 0x04, 0x00, 0x21, 0x18, 0x64, 0x00,
  0x00, 0x80, 0x63, 0x24, 0x21, 0x20, 0x02, 0x01, 0x00, 0x00, 0x83, 0xa4,
  0x21, 0x20, 0xe2, 0x00, 0x02, 0x00, 0x42, 0x24, 0xf2, 0xff, 0x46, 0x14,
  0x00, 0x00, 0x83, 0xa4, 0x08, 0x00, 0xe0, 0x03, 0x00, 0x00, 0x00, 0x00,
  0xe8, 0xff, 0xbd, 0x27, 0x00, 0x00, 0x05, 0x3c, 0x40, 0x32, 0xa5, 0x24,
  0x14, 0x00, 0xbf, 0xaf, 0xe5, 0xff, 0x11, 0x04, 0x00, 0x00, 0x00, 0x00,
  0x14, 0x00, 0xbf, 0x8f, 0x74, 0x00, 0x02, 0x24, 0x08, 0x00, 0xe0, 0x03,
  0x18, 0x00, 0xbd, 0x27, 0xe8, 0xff, 0xbd, 0x27, 0x00, 0x00, 0x05, 0x3c,
  0x40, 0x32, 0xa5, 0x24, 0x14, 0x00, 0xbf, 0xaf, 0xc8, 0xff, 0x11, 0x04,
  0x00, 0x00, 0x00, 0x00, 0x14, 0x00, 0xbf, 0x8f, 0xea, 0x00, 0x02, 0x24,
  0x08, 0x00, 0xe0, 0x03, 0x18, 0x00, 0xbd, 0x27, 0xe8, 0xff, 0xbd, 0x27,
  0x00, 0x00, 0x05, 0x3c, 0x40, 0x32, 0xa5, 0x24, 0x14, 0x00, 0xbf, 0xaf,
  0xaa, 0xff, 0x11, 0x04, 0x00, 0x00, 0x00, 0x00, 0x14, 0x00, 0xbf, 0x8f,
  0xd6, 0x01, 0x02, 0x24, 0x08, 0x00, 0xe0, 0x03, 0x18, 0x00, 0xbd, 0x27,
  0xe8, 0xff, 0xbd, 0x27, 0x00, 0x00, 0x05, 0x3c, 0x40, 0x2e, 0xa5, 0x24,
  0x14, 0x00, 0xbf, 0xaf, 0xc7, 0xff, 0x11, 0x04, 0x00, 0x00, 0x00, 0x00,
  0x14, 0x00, 0xbf, 0x8f, 0xeb, 0x00, 0x02, 0x24, 0x08, 0x00, 0xe0, 0x03,
  0x18, 0x00, 0xbd, 0x27, 0xe8, 0xff, 0xbd, 0x27, 0x00, 0x00, 0x05, 0x3c,
  0x40, 0x2e, 0xa5, 0x24, 0x14, 0x00, 0xbf, 0xaf, 0xaa, 0xff, 0x11, 0x04,
  0x00, 0x00, 0x00, 0x00, 0x14, 0x00, 0xbf, 0x8f, 0xd6, 0x01, 0x02, 0x24,
  0x08, 0x00, 0xe0, 0x03, 0x18, 0x00, 0xbd, 0x27, 0xe8, 0xff, 0xbd, 0x27,
  0x00, 0x00, 0x05, 0x3c, 0x40, 0x2e, 0xa5, 0x24, 0x14, 0x00, 0xbf, 0xaf,
  0x8c, 0xff, 0x11, 0x04, 0x00, 0x00, 0x00, 0x00, 0x14, 0x00, 0xbf, 0x8f,
  0xac, 0x03, 0x02, 0x24, 0x08, 0x00, 0xe0, 0x03, 0x18, 0x00, 0xbd, 0x27,
  0xe8, 0xff, 0xbd, 0x27, 0x00, 0x00, 0x05, 0x3c, 0x40, 0x2a, 0xa5, 0x24,
  0x14, 0x00, 0xbf, 0xaf, 0xa9, 0xff, 0x11, 0x04, 0x00, 0x00, 0x00, 0x00,
  0x14, 0x00, 0xbf, 0x8f, 0x54, 0x01, 0x02, 0x24, 0x08, 0x00, 0xe0, 0x03,
  0x18, 0x00, 0xbd, 0x27, 0xe8, 0xff, 0xbd, 0x27, 0x00, 0x00, 0x05, 0x3c,
  0x40, 0x2a, 0xa5, 0x24, 0x14, 0x00, 0xbf, 0xaf, 0x8c, 0xff, 0x11, 0x04,
  0x00, 0x00, 0x00, 0x00, 0x14, 0x00, 0xbf, 0x8f, 0xaa, 0x02, 0x02, 0x24,
  0x08, 0x00, 0xe0, 0x03, 0x18, 0x00, 0xbd, 0x27, 0xe8, 0xff, 0xbd, 0x27,
  0x00, 0x00, 0x05, 0x3c, 0x40, 0x2a, 0xa5, 0x24, 0x14, 0x00, 0xbf, 0xaf,
  0x6e, 0xff, 0x11, 0x04, 0x00, 0x00, 0x00, 0x00, 0x14, 0x00, 0xbf, 0x8f,
  0x54, 0x05, 0x02, 0x24, 0x08, 0x00, 0xe0, 0x03, 0x18, 0x00, 0xbd, 0x27,
  0xe8, 0xff, 0xbd, 0x27, 0x00, 0x00, 0x05, 0x3c, 0x40, 0x26, 0xa5, 0x24,
  0x14, 0x00, 0xbf, 0xaf, 0x8b, 0xff, 0x11, 0x04, 0x00, 0x00, 0x00, 0x00,
  0x14, 0x00, 0xbf, 0x8f, 0xd6, 0x01, 0x02, 0x24, 0x08, 0x00, 0xe0, 0x03,
  0x18, 0x00, 0xbd, 0x27, 0xe8, 0xff, 0xbd, 0x27, 0x00, 0x00, 0x05, 0x3c,
  0x40, 0x26, 0xa5, 0x24, 0x14, 0x00, 0xbf, 0xaf, 0x6e, 0xff, 0x11, 0x04,
  0x00, 0x00, 0x00, 0x00, 0x14, 0x00, 0xbf, 0x8f, 0xac, 0x03, 0x02, 0x24,
  0x08, 0x00, 0xe0, 0x03, 0x18, 0x00, 0xbd, 0x27, 0xe8, 0xff, 0xbd, 0x27,
  0x00, 0x00, 0x05, 0x3c, 0x40, 0x26, 0xa5, 0x24, 0x14, 0x00, 0xbf, 0xaf,
  0x50, 0xff, 0x11, 0x04, 0x00, 0x00, 0x00, 0x00, 0x14, 0x00, 0xbf, 0x8f,
  0x58, 0x07, 0x02, 0x24, 0x08, 0x00, 0xe0, 0x03, 0x18, 0x00, 0xbd, 0x27,
  0x00, 0x00, 0x86, 0x8c, 0x04, 0x00, 0x87, 0x8c, 0x08, 0x00, 0x88, 0x8c,
  0x25, 0x10, 0x00, 0x00, 0x00, 0x04, 0x04, 0x24, 0x21, 0x18, 0x02, 0x01,
  0x00, 0x00, 0x63, 0x84, 0x21, 0x28, 0xe2, 0x00, 0x00, 0x00, 0xa3, 0xa4,
  0x21, 0x28, 0xc2, 0x00, 0x02, 0x00, 0x42, 0x24, 0xf9, 0xff, 0x44, 0x14,
  0x00, 0x00, 0xa3, 0xa4, 0x08, 0x00, 0xe0, 0x03, 0x00, 0x04, 0x02, 0x24,
  0x00, 0x00, 0x8a, 0x8c, 0x04, 0x00, 0x87, 0x8c, 0x08, 0x00, 0x89, 0x8c,
  0x25, 0x10, 0x00, 0x00, 0x00, 0x00, 0x0b, 0x3c, 0x40, 0x32, 0x6b, 0x25,
  0x00, 0x04, 0x06, 0x24, 0x21, 0x18, 0x62, 0x01, 0x00, 0x00, 0x63, 0x84,
  0x21, 0x40, 0x42, 0x01, 0x40, 0x18, 0x03, 0x00, 0x21, 0x18, 0x23, 0x01,
  0x00, 0x00, 0x65, 0x80, 0x00, 0x00, 0x00, 0x00, 0x00, 0x22, 0x05, 0x00,
  0x21, 0x20, 0x85, 0x00, 0x00, 0x80, 0x84, 0x24, 0x00, 0x00, 0x04, 0xa5,
  0x01, 0x00, 0x64, 0x80, 0x21, 0x28, 0xe2, 0x00, 0x00, 0x1a, 0x04, 0x00,
  0x21, 0x18, 0x64, 0x00, 0x00, 0x80, 0x63, 0x24, 0x02, 0x00, 0x42, 0x24,
  0xee, 0xff, 0x46, 0x14, 0x00, 0x00, 0xa3, 0xa4, 0x08, 0x00, 0xe0, 0x03,
  0xea, 0x00, 0x02, 0x24, 0x08, 0x00, 0x83, 0x8c, 0x00, 0x00, 0x88, 0x8c,
  0x04, 0x00, 0x87, 0x8c, 0x25, 0x10, 0x00, 0x00, 0x00, 0x04, 0x04, 0x24,
  0x00, 0x00, 0x66, 0x84, 0x21, 0x28, 0x02, 0x01, 0x00, 0x00, 0xa6, 0xa4,
  0x02, 0x00, 0x66, 0x84, 0x21, 0x28, 0xe2, 0x00, 0x02, 0x00, 0x42, 0x24,
  0x04, 0x00, 0x63, 0x24, 0xf8, 0xff, 0x44, 0x14, 0x00, 0x00, 0xa6, 0xa4,
  0x08, 0x00, 0xe0, 0x03, 0x00, 0x08, 0x02, 0x24, 0x00, 0x00, 0x03, 0x3c,
  0x90, 0x38, 0x63, 0x24, 0x0c, 0x00, 0x62, 0x8c, 0x00, 0x00, 0x00, 0x00,
  0x03, 0x00, 0x40, 0x14, 0x00, 0x00, 0x00, 0x00, 0x08, 0x00, 0xe0, 0x03,
  0x00, 0x00, 0x00, 0x00, 0x00, 0x00, 0x67, 0x8c, 0x00, 0x00, 0x00, 0x00,
  0x09, 0x00, 0xe4, 0x14, 0x00, 0x00, 0x00, 0x00, 0x04, 0x00, 0x67, 0x8c,
  0x00, 0x00, 0x00, 0x00, 0x05, 0x00, 0xe5, 0x14, 0x00, 0x00, 0x00, 0x00,
  0x08, 0x00, 0x67, 0x8c, 0x00, 0x00, 0x00, 0x00, 0xf3, 0xff, 0xe6, 0x10,
  0x00, 0x00, 0x00, 0x00, 0xed, 0xff, 0x00, 0x10, 0x10, 0x00, 0x63, 0x24,
  0x00, 0x00, 0x00, 0x00, 0x00, 0x00, 0x00, 0x00, 0x83, 0x30, 0x06, 0x00,
  0xff, 0xff, 0xc6, 0x24, 0xff, 0xff, 0x02, 0x24, 0x07, 0x00, 0xc2, 0x10,
  0x25, 0x18, 0x40, 0x00, 0x00, 0x00, 0xa2, 0x8c, 0x04, 0x00, 0xa5, 0x24,
  0xff, 0xff, 0xc6, 0x24, 0x00, 0x00, 0x82, 0xac, 0xfb, 0xff, 0xc3, 0x14,
  0x04, 0x00, 0x84, 0x24, 0x08, 0x00, 0xe0, 0x03, 0x00, 0x00, 0x00, 0x00,
  0x00, 0x00, 0x00, 0x00, 0x00, 0x00, 0x00, 0x00, 0x00, 0x00, 0x00, 0x00,
  0xd8, 0xff, 0xbd, 0x27, 0x25, 0x20, 0x00, 0x00, 0x24, 0x00, 0xbf, 0xaf,
  0x25, 0x04, 0x11, 0x04, 0x20, 0x00, 0xb0, 0xaf, 0xfe, 0x03, 0x11, 0x04,
  0x00, 0x00, 0x00, 0x00, 0x01, 0x00, 0x04, 0x3c, 0x44, 0xa2, 0x84, 0x24,
  0x23, 0x04, 0x11, 0x04, 0x25, 0x28, 0x40, 0x00, 0x01, 0x00, 0x10, 0x3c,
  0x44, 0xa2, 0x10, 0x26, 0x70, 0x08, 0x05, 0x3c, 0x18, 0x00, 0xb0, 0xaf,
  0x14, 0x00, 0xa0, 0xaf, 0x10, 0x00, 0xa0, 0xaf, 0x01, 0x00, 0x04, 0x3c,
  0x00, 0xa2, 0x84, 0x24, 0x01, 0x00, 0x07, 0x3c, 0x5c, 0xa2, 0xe7, 0x24,
  0x00, 0x00, 0x06, 0x3c, 0x18, 0x0f, 0xc6, 0x24, 0x13, 0x04, 0x11, 0x04,
  0x4e, 0x88, 0xa5, 0x34, 0x24, 0x00, 0xbf, 0x8f, 0x25, 0x20, 0x00, 0x02,
  0x20, 0x00, 0xb0, 0x8f, 0x12, 0x04, 0x00, 0x10, 0x28, 0x00, 0xbd, 0x27,
  0xe0, 0xff, 0xbd, 0x27, 0x1e, 0x00, 0x82, 0x2c, 0x18, 0x00, 0xb0, 0xaf,
  0x1c, 0x00, 0xbf, 0xaf, 0x99, 0x00, 0x40, 0x10, 0x25, 0x80, 0xa0, 0x00,
  0x80, 0x20, 0x04, 0x00, 0x00, 0x00, 0x02, 0x3c, 0x40, 0x36, 0x42, 0x24,
  0x21, 0x10, 0x44, 0x00, 0x00, 0x00, 0x42, 0x8c, 0x00, 0x00, 0x00, 0x00,
  0x08, 0x00, 0x40, 0x00, 0x00, 0x00, 0x00, 0x00, 0xd5, 0xfc, 0x11, 0x04,
  0x00, 0x00, 0x00, 0x00, 0xa1, 0x00, 0x11, 0x04, 0x10, 0x00, 0xa2, 0xaf,
  0x10, 0x00, 0xa2, 0x8f, 0x1c, 0x00, 0xbf, 0x8f, 0x00, 0x00, 0x02, 0xae,
  0x25, 0x10, 0x00, 0x02, 0x18, 0x00, 0xb0, 0x8f, 0x08, 0x00, 0xe0, 0x03,
  0x20, 0x00, 0xbd, 0x27, 0x08, 0x00, 0xa6, 0x8c, 0x00, 0x00, 0x04, 0x8e,
  0x04, 0x00, 0xa5, 0x8c, 0x86, 0xfc, 0x11, 0x04, 0x00, 0x00, 0x00, 0x00,
  0xf4, 0xff, 0x00, 0x10, 0x00, 0x00, 0x00, 0x00, 0x08, 0x00, 0xa6, 0x8c,
  0x00, 0x00, 0x04, 0x8e, 0x04, 0x00, 0xa5, 0x8c, 0x87, 0xfc, 0x11, 0x04,
  0x00, 0x00, 0x00, 0x00, 0xed, 0xff, 0x00, 0x10, 0x00, 0x00, 0x00, 0x00,
  0x00, 0x00, 0xa4, 0x8c, 0xa6, 0xfd, 0x11, 0x04, 0x00, 0x00, 0x00, 0x00,
  0xe8, 0xff, 0x00, 0x10, 0x00, 0x00, 0x00, 0x00, 0x00, 0x00, 0xa5, 0x8c,
  0xb9, 0xfd, 0x11, 0x04, 0x04, 0x00, 0x04, 0x26, 0xe3, 0xff, 0x00, 0x10,
  0x00, 0x00, 0x00, 0x00, 0x65, 0xfc, 0x11, 0x04, 0x00, 0x00, 0x00, 0x00,
  0xdf, 0xff, 0x00, 0x10, 0x00, 0x00, 0x00, 0x00, 0x00, 0x00, 0xa4, 0x8c,
  0xf9, 0xfd, 0x11, 0x04, 0x00, 0x00, 0x00, 0x00, 0xda, 0xff, 0x00, 0x10,
  0x00, 0x00, 0x00, 0x00, 0x12, 0xfe, 0x11, 0x04, 0x00, 0x00, 0x00, 0x00,
  0xd6, 0xff, 0x00, 0x10, 0x00, 0x00, 0x00, 0x00, 0x00, 0x00, 0xa4, 0x8c,
  0x59, 0x02, 0x11, 0x04, 0x00, 0x00, 0x00, 0x00, 0xd1, 0xff, 0x00, 0x10,
  0x00, 0x00, 0x00, 0x00, 0x06, 0x02, 0x11, 0x04, 0x00, 0x00, 0x00, 0x00,
  0xcd, 0xff, 0x00, 0x10, 0x00, 0x00, 0x00, 0x00, 0xec, 0x01, 0x11, 0x04,
  0x00, 0x00, 0x00, 0x00, 0xc9, 0xff, 0x00, 0x10, 0x00, 0x00, 0x00, 0x00,
  0xf1, 0x01, 0x11, 0x04, 0x00, 0x00, 0x00, 0x00, 0xc5, 0xff, 0x00, 0x10,
  0x00, 0x00, 0x00, 0x00, 0x00, 0x00, 0xa4, 0x8c, 0xee, 0xfd, 0x11, 0x04,
  0x00, 0x00, 0x00, 0x00, 0xc0, 0xff, 0x00, 0x10, 0x00, 0x00, 0x00, 0x00,
  0xa5, 0x01, 0x11, 0x04, 0x00, 0x00, 0x00, 0x00, 0xbc, 0xff, 0x00, 0x10,
  0x00, 0x00, 0x00, 0x00, 0x00, 0x00, 0xa4, 0x8c, 0xad, 0x01, 0x11, 0x04,
  0x00, 0x00, 0x00, 0x00, 0xb7, 0xff, 0x00, 0x10, 0x00, 0x00, 0x00, 0x00,
  0x04, 0x00, 0xa5, 0x8c, 0x00, 0x00, 0x04, 0x8e, 0x0f, 0x02, 0x11, 0x04,
  0x00, 0x00, 0x00, 0x00, 0xb1, 0xff, 0x00, 0x10, 0x00, 0x00, 0x00, 0x00,
  0x94, 0x01, 0x11, 0x04, 0x00, 0x00, 0x00, 0x00, 0xad, 0xff, 0x00, 0x10,
  0x00, 0x00, 0x00, 0x00, 0x01, 0x01, 0x11, 0x04, 0x00, 0x00, 0x00, 0x00,
  0xa9, 0xff, 0x00, 0x10, 0x00, 0x00, 0x00, 0x00, 0xbf, 0x01, 0x11, 0x04,
  0x00, 0x00, 0x00, 0x00, 0xa5, 0xff, 0x00, 0x10, 0x00, 0x00, 0x00, 0x00,
  0xc0, 0x01, 0x11, 0x04, 0x00, 0x00, 0x00, 0x00, 0xa1, 0xff, 0x00, 0x10,
  0x00, 0x00, 0x00, 0x00, 0x03, 0x05, 0x11, 0x04, 0x00, 0x00, 0x00, 0x00,
  0x9d, 0xff, 0x00, 0x10, 0x00, 0x00, 0x00, 0x00, 0x08, 0x00, 0xa6, 0x8c,
  0x00, 0x00, 0x04, 0x8e, 0x1c, 0x00, 0xbf, 0x8f, 0x18, 0x00, 0xb0, 0x8f,
  0x04, 0x00, 0xa5, 0x8c, 0x3f, 0x04, 0x00, 0x10, 0x20, 0x00, 0xbd, 0x27,
  0x04, 0x00, 0xa5, 0x8c, 0x00, 0x00, 0x04, 0x8e, 0xbb, 0x04, 0x11, 0x04,
  0x00, 0x00, 0x00, 0x00, 0x90, 0xff, 0x00, 0x10, 0x00, 0x00, 0x00, 0x00,
  0x04, 0x00, 0xa5, 0x8c, 0x00, 0x00, 0x04, 0x8e, 0x92, 0x04, 0x11, 0x04,
  0x00, 0x00, 0x00, 0x00, 0x8a, 0xff, 0x00, 0x10, 0x00, 0x00, 0x00, 0x00,
  0x00, 0x00, 0xa4, 0x8c, 0x00, 0x04, 0x11, 0x04, 0x00, 0x00, 0x00, 0x00,
  0x85, 0xff, 0x00, 0x10, 0x00, 0x00, 0x00, 0x00, 0x08, 0x00, 0xa6, 0x8c,
  0x00, 0x00, 0x04, 0x8e, 0x04, 0x00, 0xa5, 0x8c, 0x1e, 0x05, 0x11, 0x04,
  0x00, 0x00, 0x00, 0x00, 0x7e, 0xff, 0x00, 0x10, 0x00, 0x00, 0x00, 0x00,
  0x98, 0xfc, 0x11, 0x04, 0x00, 0x00, 0x00, 0x00, 0x7a, 0xff, 0x00, 0x10,
  0x00, 0x00, 0x00, 0x00, 0x26, 0xfd, 0x11, 0x04, 0x00, 0x00, 0x00, 0x00,
  0x76, 0xff, 0x00, 0x10, 0x00, 0x00, 0x00, 0x00, 0x74, 0xff, 0x00, 0x10,
  0xff, 0xff, 0x02, 0x24, 0xe8, 0xff, 0xbd, 0x27, 0x25, 0x30, 0x00, 0x00,
  0x00, 0x00, 0x04, 0x3c, 0xa0, 0x0e, 0x84, 0x24, 0x14, 0x00, 0xbf, 0xaf,
  0x58, 0x00, 0x11, 0x04, 0x28, 0x00, 0x05, 0x24, 0x14, 0x00, 0xbf, 0x8f,
  0x2a, 0x10, 0x02, 0x00, 0x08, 0x00, 0xe0, 0x03, 0x18, 0x00, 0xbd, 0x27,
  0x00, 0x00, 0x00, 0x00, 0x00, 0x00, 0x00, 0x00, 0x00, 0x00, 0x00, 0x00,
  0x01, 0x00, 0x04, 0x3c, 0xb0, 0xe8, 0x84, 0x8c, 0x7e, 0x03, 0x00, 0x10,
  0x00, 0x00, 0x00, 0x00, 0xd0, 0xff, 0xbd, 0x27, 0x01, 0x00, 0x02, 0x24,
  0x10, 0x00, 0xa4, 0x27, 0x28, 0x00, 0xb0, 0xaf, 0x2c, 0x00, 0xbf, 0xaf,
  0x10, 0x00, 0xa0, 0xaf, 0x14, 0x00, 0xa0, 0xaf, 0x18, 0x00, 0xa2, 0xaf,
  0x6e, 0x03, 0x11, 0x04, 0x1c, 0x00, 0xa2, 0xaf, 0x01, 0x00, 0x01, 0x3c,
  0xb0, 0xe8, 0x22, 0xac, 0x70, 0x08, 0x02, 0x3c, 0x4e, 0x88, 0x50, 0x34,
  0x01, 0x00, 0x02, 0x3c, 0xb4, 0xe8, 0x42, 0x24, 0x01, 0x00, 0x01, 0x3c,
  0xd8, 0xe8, 0x20, 0xac, 0x20, 0x00, 0xa2, 0xaf, 0x20, 0x00, 0xa4, 0x8f,
  0x25, 0x30, 0x00, 0x00, 0x4b, 0x03, 0x11, 0x04, 0x25, 0x28, 0x00, 0x02,
  0x0b, 0x00, 0x40, 0x04, 0x00, 0x00, 0x00, 0x00, 0x20, 0x00, 0xa2, 0x8f,
  0x00, 0x00, 0x00, 0x00, 0x24, 0x00, 0x42, 0x8c, 0x00, 0x00, 0x00, 0x00,
  0x05, 0x00, 0x40, 0x10, 0x00, 0x00, 0x00, 0x00, 0x2c, 0x00, 0xbf, 0x8f,
  0x28, 0x00, 0xb0, 0x8f, 0x08, 0x00, 0xe0, 0x03, 0x30, 0x00, 0xbd, 0x27,
  0x06, 0x03, 0x11, 0x04, 0xf4, 0x01, 0x04, 0x24, 0xed, 0xff, 0x00, 0x10,
  0x00, 0x00, 0x00, 0x00, 0xe8, 0xff, 0xbd, 0x27, 0x01, 0x00, 0x04, 0x3c,
  0xb4, 0xe8, 0x84, 0x24, 0x28, 0x00, 0x06, 0x24, 0x14, 0x00, 0xbf, 0xaf,
  0x1d, 0x03, 0x11, 0x04, 0x25, 0x28, 0x00, 0x00, 0x14, 0x00, 0xbf, 0x8f,
  0x01, 0x00, 0x04, 0x3c, 0xb0, 0xe8, 0x84, 0x8c, 0x47, 0x03, 0x00, 0x10,
  0x18, 0x00, 0xbd, 0x27, 0xd0, 0xff, 0xbd, 0x27, 0x30, 0x00, 0xa4, 0xaf,
  0x01, 0x00, 0x04, 0x3c, 0xb0, 0xe8, 0x84, 0x8c, 0x2c, 0x00, 0xbf, 0xaf,
  0x46, 0x03, 0x11, 0x04, 0x00, 0x00, 0x00, 0x00, 0x30, 0x00, 0xa5, 0x8f,
  0x00, 0x00, 0x02, 0x3c, 0xd0, 0x11, 0x42, 0x24, 0x20, 0x00, 0xa0, 0xaf,
  0x1c, 0x00, 0xa2, 0xaf, 0x18, 0x00, 0xa0, 0xaf, 0x14, 0x00, 0xa0, 0xaf,
  0x10, 0x00, 0xa0, 0xaf, 0x25, 0x38, 0x00, 0x00, 0x01, 0x00, 0x04, 0x3c,
  0xb4, 0xe8, 0x84, 0x24, 0x1d, 0x03, 0x11, 0x04, 0x01, 0x00, 0x06, 0x24,
  0x2c, 0x00, 0xbf, 0x8f, 0x00, 0x00, 0x00, 0x00, 0x08, 0x00, 0xe0, 0x03,
  0x30, 0x00, 0xbd, 0x27, 0x00, 0x00, 0x00, 0x00, 0xc8, 0xff, 0xbd, 0x27,
  0x00, 0x02, 0x02, 0x3c, 0x10, 0x00, 0xa2, 0xaf, 0x18, 0x00, 0xa4, 0xaf,
  0x00, 0x10, 0x02, 0x24, 0x10, 0x00, 0xa4, 0x27, 0x34, 0x00, 0xbf, 0xaf,
  0x40, 0x00, 0xa6, 0xaf, 0x14, 0x00, 0xa0, 0xaf, 0x20, 0x00, 0xa5, 0xaf,
  0xcb, 0x02, 0x11, 0x04, 0x1c, 0x00, 0xa2, 0xaf, 0x06, 0x00, 0x40, 0x04,
  0x25, 0x20, 0x00, 0x00, 0x40, 0x00, 0xa5, 0x8f, 0x25, 0x20, 0x40, 0x00,
  0xd1, 0x02, 0x11, 0x04, 0x28, 0x00, 0xa2, 0xaf, 0x28, 0x00, 0xa4, 0x8f,
  0x34, 0x00, 0xbf, 0x8f, 0x25, 0x10, 0x80, 0x00, 0x08, 0x00, 0xe0, 0x03,
  0x38, 0x00, 0xbd, 0x27, 0xd8, 0xff, 0xbd, 0x27, 0x00, 0x00, 0x02, 0x3c,
  0xf0, 0x36, 0x42, 0x24, 0x10, 0x00, 0xa2, 0xaf, 0x00, 0x00, 0x02, 0x3c,
  0xf4, 0x36, 0x42, 0x24, 0x20, 0x00, 0xb2, 0xaf, 0x1c, 0x00, 0xb1, 0xaf,
  0x18, 0x00, 0xb0, 0xaf, 0x24, 0x00, 0xbf, 0xaf, 0x25, 0x90, 0x80, 0x00,
  0x25, 0x88, 0xa0, 0x00, 0x25, 0x80, 0x00, 0x00, 0x14, 0x00, 0xa2, 0xaf,
  0x2a, 0x10, 0x11, 0x02, 0x07, 0x00, 0x40, 0x14, 0x00, 0x00, 0x00, 0x00,
  0x24, 0x00, 0xbf, 0x8f, 0x20, 0x00, 0xb2, 0x8f, 0x1c, 0x00, 0xb1, 0x8f,
  0x18, 0x00, 0xb0, 0x8f, 0x08, 0x00, 0xe0, 0x03, 0x28, 0x00, 0xbd, 0x27,
  0x06, 0x00, 0x00, 0x12, 0x0f, 0x00, 0x02, 0x32, 0x04, 0x00, 0x40, 0x14,
  0x00, 0x00, 0x00, 0x00, 0x10, 0x00, 0xa4, 0x8f, 0x08, 0x03, 0x11, 0x04,
  0x00, 0x00, 0x00, 0x00, 0x21, 0x10, 0x50, 0x02, 0x00, 0x00, 0x45, 0x90,
  0x14, 0x00, 0xa4, 0x8f, 0x03, 0x03, 0x11, 0x04, 0x01, 0x00, 0x10, 0x26,
  0xeb, 0xff, 0x00, 0x10, 0x2a, 0x10, 0x11, 0x02, 0x00, 0x00, 0x04, 0x3c,
  0xb0, 0x39, 0x84, 0x8c, 0xe8, 0xff, 0xbd, 0x27, 0x14, 0x00, 0xbf, 0xaf,
  0xf0, 0x02, 0x11, 0x04, 0x00, 0x00, 0x00, 0x00, 0x14, 0x00, 0xbf, 0x8f,
  0x01, 0x00, 0x02, 0x24, 0x08, 0x00, 0xe0, 0x03, 0x18, 0x00, 0xbd, 0x27,
  0xd8, 0xff, 0xbd, 0x27, 0x20, 0x01, 0x02, 0x24, 0x20, 0x00, 0xb2, 0xaf,
  0x1c, 0x00, 0xb1, 0xaf, 0x18, 0x00, 0xb0, 0xaf, 0x24, 0x00, 0xbf, 0xaf,
  0x28, 0x00, 0xa4, 0xaf, 0x2c, 0x00, 0xa5, 0xaf, 0x25, 0x80, 0xc0, 0x00,
  0x10, 0x00, 0xa2, 0xaf, 0x25, 0x88, 0x00, 0x00, 0x20, 0x00, 0x12, 0x24,
  0x1f, 0x03, 0x11, 0x04, 0x25, 0x20, 0x00, 0x00, 0x28, 0x00, 0xa6, 0x8f,
  0x2c, 0x00, 0xa4, 0x8f, 0x10, 0x00, 0xa7, 0x27, 0x10, 0x03, 0x11, 0x04,
  0x25, 0x28, 0x00, 0x02, 0x04, 0x00, 0x40, 0x14, 0x00, 0x00, 0x00, 0x00,
  0x01, 0x00, 0x31, 0x26, 0xf5, 0xff, 0x32, 0x16, 0x00, 0x00, 0x00, 0x00,
  0x0f, 0x03, 0x11, 0x04, 0x25, 0x20, 0x00, 0x00, 0x20, 0x00, 0x02, 0x24,
  0x02, 0x00, 0x22, 0x16, 0x00, 0x00, 0x00, 0x00, 0xff, 0xff, 0x10, 0x24,
  0x24, 0x00, 0xbf, 0x8f, 0x20, 0x00, 0xb2, 0x8f, 0x1c, 0x00, 0xb1, 0x8f,
  0x25, 0x10, 0x00, 0x02, 0x18, 0x00, 0xb0, 0x8f, 0x08, 0x00, 0xe0, 0x03,
  0x28, 0x00, 0xbd, 0x27, 0xe8, 0xff, 0xbd, 0x27, 0x14, 0x00, 0xbf, 0xaf,
  0x02, 0x03, 0x11, 0x04, 0x00, 0x00, 0x00, 0x00, 0x02, 0x00, 0x40, 0x14,
  0x00, 0x00, 0x00, 0x00, 0xfa, 0xff, 0x02, 0x24, 0x14, 0x00, 0xbf, 0x8f,
  0x00, 0x00, 0x00, 0x00, 0x08, 0x00, 0xe0, 0x03, 0x18, 0x00, 0xbd, 0x27,
  0xd8, 0xff, 0xbd, 0x27, 0x20, 0x00, 0xb0, 0xaf, 0x01, 0x00, 0x10, 0x3c,
  0x20, 0x5f, 0x10, 0x8e, 0x00, 0x00, 0x00, 0x00, 0x5c, 0x00, 0x00, 0x16,
  0x24, 0x00, 0xbf, 0xaf, 0x00, 0x00, 0x04, 0x3c, 0xbd, 0x02, 0x11, 0x04,
  0x00, 0x37, 0x84, 0x24, 0x00, 0x00, 0x02, 0x3c, 0xb0, 0x39, 0x42, 0x8c,
  0x01, 0x00, 0x01, 0x3c, 0x78, 0x5d, 0x20, 0xac, 0x09, 0x00, 0x41, 0x04,
  0x01, 0x00, 0x02, 0x24, 0x10, 0x00, 0xa4, 0x27, 0x10, 0x00, 0xa0, 0xaf,
  0x14, 0x00, 0xa0, 0xaf, 0x18, 0x00, 0xa0, 0xaf, 0xa0, 0x02, 0x11, 0x04,
  0x1c, 0x00, 0xa2, 0xaf, 0x00, 0x00, 0x01, 0x3c, 0xb0, 0x39, 0x22, 0xac,
  0xd5, 0x02, 0x11, 0x04, 0x25, 0x20, 0x00, 0x00, 0x10, 0x00, 0xa5, 0x27,
  0xe2, 0x02, 0x11, 0x04, 0x02, 0x00, 0x04, 0x24, 0x10, 0x00, 0xa5, 0x8f,
  0x00, 0x00, 0x04, 0x3c, 0xa6, 0x02, 0x11, 0x04, 0x14, 0x37, 0x84, 0x24,
  0xda, 0x02, 0x11, 0x04, 0x25, 0x20, 0x00, 0x00, 0xd4, 0x02, 0x11, 0x04,
  0x25, 0x20, 0x00, 0x00, 0xcf, 0xff, 0x11, 0x04, 0x00, 0x00, 0x00, 0x00,
  0xfd, 0xff, 0x03, 0x24, 0x25, 0x20, 0x40, 0x00, 0x24, 0x18, 0x43, 0x00,
  0x11, 0x00, 0x02, 0x24, 0x03, 0x00, 0x62, 0x10, 0xfd, 0x00, 0x03, 0x24,
  0x35, 0x00, 0x83, 0x14, 0xfb, 0xff, 0x02, 0x24, 0x01, 0x00, 0x04, 0x3c,
  0xc0, 0x51, 0x84, 0x24, 0xc4, 0x02, 0x11, 0x04, 0x00, 0x00, 0x00, 0x00,
  0x01, 0x00, 0x03, 0x3c, 0xd1, 0x51, 0x63, 0x90, 0x01, 0x00, 0x07, 0x3c,
  0xc0, 0x51, 0xe7, 0x24, 0x02, 0x21, 0x03, 0x00, 0x80, 0x10, 0x04, 0x00,
  0x21, 0x10, 0x44, 0x00, 0x40, 0x10, 0x02, 0x00, 0x0f, 0x00, 0x63, 0x30,
  0x21, 0x10, 0x43, 0x00, 0x01, 0x00, 0x04, 0x3c, 0x78, 0x5d, 0x84, 0x24,
  0x01, 0x00, 0x01, 0x3c, 0x78, 0x5d, 0x22, 0xac, 0x25, 0x28, 0xe0, 0x00,
  0x25, 0x30, 0x80, 0x00, 0x23, 0x00, 0x50, 0x14, 0x80, 0x18, 0x02, 0x00,
  0x22, 0x00, 0xa4, 0x90, 0x21, 0x18, 0xc3, 0x00, 0x07, 0x00, 0x62, 0xa0,
  0x02, 0x11, 0x04, 0x00, 0x80, 0x30, 0x02, 0x00, 0x21, 0x10, 0x46, 0x00,
  0x0f, 0x00, 0x84, 0x30, 0x40, 0x10, 0x02, 0x00, 0x21, 0x10, 0x44, 0x00,
  0x23, 0x00, 0xa4, 0x90, 0x04, 0x00, 0x62, 0xa0, 0x02, 0x11, 0x04, 0x00,
  0x80, 0x30, 0x02, 0x00, 0x21, 0x10, 0x46, 0x00, 0x0f, 0x00, 0x84, 0x30,
  0x40, 0x10, 0x02, 0x00, 0x21, 0x10, 0x44, 0x00, 0x24, 0x00, 0xa4, 0x90,
  0x05, 0x00, 0x62, 0xa0, 0x02, 0x11, 0x04, 0x00, 0x80, 0x28, 0x02, 0x00,
  0x21, 0x10, 0x45, 0x00, 0x40, 0x10, 0x02, 0x00, 0x0f, 0x00, 0x84, 0x30,
  0x21, 0x10, 0x44, 0x00, 0x06, 0x00, 0x62, 0xa0, 0x01, 0x00, 0x02, 0x24,
  0x01, 0x00, 0x01, 0x3c, 0x20, 0x5f, 0x22, 0xac, 0x25, 0x10, 0x00, 0x00,
  0x24, 0x00, 0xbf, 0x8f, 0x20, 0x00, 0xb0, 0x8f, 0x08, 0x00, 0xe0, 0x03,
  0x28, 0x00, 0xbd, 0x27, 0x25, 0x00, 0xe8, 0x90, 0x04, 0x00, 0x84, 0x24,
  0x02, 0x19, 0x08, 0x00, 0x80, 0x48, 0x03, 0x00, 0x21, 0x18, 0x69, 0x00,
  0x0f, 0x00, 0x08, 0x31, 0x40, 0x18, 0x03, 0x00, 0x21, 0x18, 0x68, 0x00,
  0x26, 0x00, 0xe8, 0x90, 0x00, 0x00, 0x83, 0xa0, 0x02, 0x19, 0x08, 0x00,
  0x80, 0x48, 0x03, 0x00, 0x21, 0x18, 0x69, 0x00, 0x0f, 0x00, 0x08, 0x31,
  0x40, 0x18, 0x03, 0x00, 0x21, 0x18, 0x68, 0x00, 0x27, 0x00, 0xe8, 0x90,
  0x01, 0x00, 0x83, 0xa0, 0x02, 0x19, 0x08, 0x00, 0x80, 0x48, 0x03, 0x00,
  0x21, 0x18, 0x69, 0x00, 0x40, 0x18, 0x03, 0x00, 0x0f, 0x00, 0x08, 0x31,
  0x21, 0x18, 0x68, 0x00, 0x0a, 0x00, 0xe7, 0x24, 0x03, 0x00, 0x90, 0xa0,
  0x02, 0x00, 0x83, 0xa0, 0xc0, 0xff, 0x00, 0x10, 0x01, 0x00, 0x10, 0x26,
  0x7f, 0x02, 0x00, 0x10, 0x00, 0x00, 0x00, 0x00, 0xe8, 0xff, 0xbd, 0x27,
  0x14, 0x00, 0xbf, 0xaf, 0x77, 0xff, 0x11, 0x04, 0x00, 0x00, 0x00, 0x00,
  0x25, 0x18, 0x40, 0x00, 0x03, 0x00, 0x60, 0x14, 0xfb, 0xff, 0x02, 0x24,
  0x01, 0x00, 0x02, 0x3c, 0x78, 0x5d, 0x42, 0x8c, 0x14, 0x00, 0xbf, 0x8f,
  0x00, 0x00, 0x00, 0x00, 0x08, 0x00, 0xe0, 0x03, 0x18, 0x00, 0xbd, 0x27,
  0xe8, 0xff, 0xbd, 0x27, 0x14, 0x00, 0xbf, 0xaf, 0x6a, 0xff, 0x11, 0x04,
  0x18, 0x00, 0xa4, 0xaf, 0x25, 0x18, 0x40, 0x00, 0x1a, 0x00, 0x60, 0x14,
  0xfb, 0xff, 0x02, 0x24, 0x18, 0x00, 0xa4, 0x8f, 0x00, 0x00, 0x00, 0x00,
  0x16, 0x00, 0x80, 0x18, 0x00, 0x00, 0x00, 0x00, 0x01, 0x00, 0x03, 0x3c,
  0x78, 0x5d, 0x63, 0x24, 0x00, 0x00, 0x65, 0x8c, 0x00, 0x00, 0x00, 0x00,
  0x2a, 0x28, 0xa4, 0x00, 0x0f, 0x00, 0xa0, 0x14, 0x80, 0x20, 0x04, 0x00,
  0x21, 0x18, 0x64, 0x00, 0x04, 0x00, 0x64, 0x90, 0x00, 0x00, 0x00, 0x00,
  0x00, 0x11, 0x04, 0x00, 0x23, 0x10, 0x44, 0x00, 0x05, 0x00, 0x64, 0x90,
  0x80, 0x10, 0x02, 0x00, 0x21, 0x10, 0x44, 0x00, 0x4b, 0x00, 0x04, 0x24,
  0x18, 0x00, 0x44, 0x00, 0x06, 0x00, 0x63, 0x90, 0x12, 0x10, 0x00, 0x00,
  0x21, 0x10, 0x43, 0x00, 0x6a, 0xff, 0x42, 0x24, 0x14, 0x00, 0xbf, 0x8f,
  0x00, 0x00, 0x00, 0x00, 0x08, 0x00, 0xe0, 0x03, 0x18, 0x00, 0xbd, 0x27,
  0x01, 0x00, 0x02, 0x24, 0x01, 0x00, 0x01, 0x3c, 0x18, 0x5f, 0x22, 0xac,
  0x08, 0x00, 0xe0, 0x03, 0x25, 0x10, 0x00, 0x00, 0x01, 0x00, 0x01, 0x3c,
  0x18, 0x5f, 0x20, 0xac, 0x08, 0x00, 0xe0, 0x03, 0x25, 0x10, 0x00, 0x00,
  0x01, 0x00, 0x02, 0x3c, 0x1c, 0x5f, 0x42, 0x8c, 0x00, 0x00, 0x00, 0x00,
  0x03, 0x00, 0x40, 0x10, 0x00, 0x00, 0x00, 0x00, 0x01, 0x00, 0x02, 0x3c,
  0x14, 0x5f, 0x42, 0x8c, 0x08, 0x00, 0xe0, 0x03, 0x00, 0x00, 0x00, 0x00,
  0x01, 0x00, 0x02, 0x3c, 0x1c, 0x5f, 0x42, 0x8c, 0x00, 0x00, 0x00, 0x00,
  0x07, 0x00, 0x40, 0x10, 0x00, 0x00, 0x00, 0x00, 0x01, 0x00, 0x02, 0x3c,
  0x14, 0x5f, 0x42, 0x8c, 0x01, 0x00, 0x03, 0x3c, 0x10, 0x5f, 0x63, 0x8c,
  0x00, 0x00, 0x00, 0x00, 0x23, 0x10, 0x43, 0x00, 0x08, 0x00, 0xe0, 0x03,
  0x00, 0x00, 0x00, 0x00, 0xe0, 0xff, 0xbd, 0x27, 0x25, 0x28, 0x00, 0x00,
  0x25, 0x20, 0x00, 0x00, 0x01, 0x00, 0x01, 0x3c, 0x1c, 0x5f, 0x20, 0xac,
  0x1c, 0x00, 0xbf, 0xaf, 0x01, 0x00, 0x01, 0x3c, 0x14, 0x5f, 0x20, 0xac,
  0x01, 0x00, 0x01, 0x3c, 0x10, 0x5f, 0x20, 0xac, 0x01, 0x00, 0x01, 0x3c,
  0xef, 0x01, 0x11, 0x04, 0x0c, 0x5f, 0x20, 0xac, 0x25, 0x20, 0x00, 0x00,
  0x10, 0x00, 0xa0, 0xaf, 0x25, 0x38, 0x00, 0x00, 0x25, 0x30, 0x00, 0x00,
  0xf9, 0x01, 0x11, 0x04, 0x02, 0x00, 0x05, 0x24, 0x00, 0x00, 0x04, 0x3c,
  0xb4, 0x39, 0x84, 0x8c, 0x00, 0x00, 0x00, 0x00, 0x0a, 0x00, 0x80, 0x04,
  0x00, 0x00, 0x00, 0x00, 0x81, 0x01, 0x11, 0x04, 0x00, 0x00, 0x00, 0x00,
  0x00, 0x00, 0x04, 0x3c, 0xb4, 0x39, 0x84, 0x8c, 0x77, 0x01, 0x11, 0x04,
  0x00, 0x00, 0x00, 0x00, 0xff, 0xff, 0x02, 0x24, 0x00, 0x00, 0x01, 0x3c,
  0xb4, 0x39, 0x22, 0xac, 0x1c, 0x00, 0xbf, 0x8f, 0x25, 0x10, 0x00, 0x00,
  0x08, 0x00, 0xe0, 0x03, 0x20, 0x00, 0xbd, 0x27, 0xe0, 0xff, 0xbd, 0x27,
  0x18, 0x00, 0xb2, 0xaf, 0x14, 0x00, 0xb1, 0xaf, 0x10, 0x00, 0xb0, 0xaf,
  0x1c, 0x00, 0xbf, 0xaf, 0x25, 0x88, 0x80, 0x00, 0xfe, 0xfe, 0x11, 0x04,
  0x25, 0x90, 0xa0, 0x00, 0x18, 0x00, 0x40, 0x14, 0x01, 0x00, 0x10, 0x24,
  0xd0, 0xff, 0x11, 0x04, 0x25, 0x80, 0x40, 0x00, 0x25, 0x30, 0x00, 0x00,
  0x30, 0x00, 0x05, 0x24, 0x00, 0x00, 0x04, 0x3c, 0x7c, 0x1a, 0x84, 0x24,
  0x01, 0x00, 0x01, 0x3c, 0x10, 0x5f, 0x31, 0xac, 0x01, 0x00, 0x01, 0x3c,
  0x0c, 0x5f, 0x32, 0xac, 0x01, 0x00, 0x01, 0x3c, 0x79, 0xfe, 0x11, 0x04,
  0x14, 0x5f, 0x31, 0xac, 0x00, 0x00, 0x01, 0x3c, 0x0f, 0x00, 0x40, 0x04,
  0xb4, 0x39, 0x22, 0xac, 0x00, 0x00, 0x04, 0x3c, 0x2c, 0x37, 0x84, 0x24,
  0xae, 0x01, 0x11, 0x04, 0x25, 0x28, 0x40, 0x00, 0x01, 0x00, 0x02, 0x24,
  0x01, 0x00, 0x01, 0x3c, 0x1c, 0x5f, 0x22, 0xac, 0x1c, 0x00, 0xbf, 0x8f,
  0x18, 0x00, 0xb2, 0x8f, 0x14, 0x00, 0xb1, 0x8f, 0x25, 0x10, 0x00, 0x02,
  0x10, 0x00, 0xb0, 0x8f, 0x08, 0x00, 0xe0, 0x03, 0x20, 0x00, 0xbd, 0x27,
  0xf8, 0xff, 0x00, 0x10, 0x04, 0x00, 0x10, 0x24, 0xe0, 0xff, 0xbd, 0x27,
  0x25, 0x28, 0x80, 0x00, 0x14, 0x00, 0xb0, 0xaf, 0x25, 0x80, 0x80, 0x00,
  0x00, 0x00, 0x04, 0x3c, 0x48, 0x37, 0x84, 0x24, 0x1c, 0x00, 0xbf, 0xaf,
  0x99, 0x01, 0x11, 0x04, 0x18, 0x00, 0xb1, 0xaf, 0xd1, 0xfe, 0x11, 0x04,
  0x01, 0x00, 0x11, 0x24, 0x04, 0x00, 0x40, 0x14, 0x00, 0x00, 0x00, 0x00,
  0x08, 0x00, 0x00, 0x1e, 0x00, 0x00, 0x00, 0x00, 0x05, 0x00, 0x11, 0x24,
  0x1c, 0x00, 0xbf, 0x8f, 0x14, 0x00, 0xb0, 0x8f, 0x25, 0x10, 0x20, 0x02,
  0x18, 0x00, 0xb1, 0x8f, 0x08, 0x00, 0xe0, 0x03, 0x20, 0x00, 0xbd, 0x27,
  0x01, 0x00, 0x02, 0x3c, 0x78, 0x5d, 0x42, 0x8c, 0x00, 0x00, 0x00, 0x00,
  0x2a, 0x10, 0x50, 0x00, 0xf5, 0xff, 0x40, 0x14, 0x05, 0x00, 0x11, 0x24,
  0xb8, 0x01, 0x11, 0x04, 0x00, 0x00, 0x00, 0x00, 0x01, 0x00, 0x03, 0x24,
  0x05, 0x00, 0x03, 0x16, 0xf5, 0xff, 0x42, 0x24, 0xf7, 0xff, 0x03, 0x24,
  0x24, 0x10, 0x43, 0x00, 0xec, 0xff, 0x40, 0x10, 0x00, 0x00, 0x00, 0x00,
  0x48, 0xff, 0x11, 0x04, 0xff, 0xff, 0x04, 0x26, 0x25, 0x20, 0x00, 0x02,
  0x45, 0xff, 0x11, 0x04, 0x25, 0x88, 0x40, 0x00, 0x25, 0x18, 0x22, 0x02,
  0xe3, 0xff, 0x60, 0x04, 0x2a, 0x18, 0x51, 0x00, 0xe1, 0xff, 0x60, 0x14,
  0x25, 0x20, 0x20, 0x02, 0xa6, 0xff, 0x11, 0x04, 0x25, 0x28, 0x40, 0x00,
  0xff, 0x7f, 0x05, 0x24, 0x80, 0x0f, 0x04, 0x24, 0x7a, 0x01, 0x11, 0x04,
  0x25, 0x88, 0x40, 0x00, 0xff, 0x7f, 0x05, 0x24, 0x77, 0x01, 0x11, 0x04,
  0x80, 0x10, 0x04, 0x24, 0xff, 0x3f, 0x05, 0x24, 0x74, 0x01, 0x11, 0x04,
  0x80, 0x09, 0x04, 0x24, 0xff, 0x3f, 0x05, 0x24, 0x71, 0x01, 0x11, 0x04,
  0x80, 0x0a, 0x04, 0x24, 0xd1, 0xff, 0x00, 0x10, 0x00, 0x00, 0x00, 0x00,
  0x01, 0x00, 0x06, 0x3c, 0x0c, 0x5f, 0xc6, 0x8c, 0x01, 0x00, 0x05, 0x3c,
  0x10, 0x5f, 0xa5, 0x8c, 0xa8, 0xff, 0xbd, 0x27, 0x00, 0x00, 0x04, 0x3c,
  0x64, 0x37, 0x84, 0x24, 0x54, 0x00, 0xbf, 0xaf, 0x50, 0x00, 0xbe, 0xaf,
  0x4c, 0x00, 0xb7, 0xaf, 0x48, 0x00, 0xb6, 0xaf, 0x44, 0x00, 0xb5, 0xaf,
  0x40, 0x00, 0xb4, 0xaf, 0x3c, 0x00, 0xb3, 0xaf, 0x38, 0x00, 0xb2, 0xaf,
  0x34, 0x00, 0xb1, 0xaf, 0x50, 0x01, 0x11, 0x04, 0x30, 0x00, 0xb0, 0xaf,
  0x01, 0x00, 0x02, 0x3c, 0x10, 0x5f, 0x42, 0x8c, 0x01, 0x00, 0x03, 0x3c,
  0x0c, 0x5f, 0x63, 0x8c, 0x00, 0x00, 0x00, 0x00, 0x2a, 0x10, 0x43, 0x00,
  0xa3, 0x00, 0x40, 0x10, 0x02, 0x00, 0x06, 0x24, 0x10, 0x00, 0x05, 0x24,
  0xc5, 0xfc, 0x11, 0x04, 0x44, 0xac, 0x04, 0x34, 0x01, 0x00, 0x05, 0x3c,
  0x10, 0x5f, 0xa5, 0x8c, 0x01, 0x00, 0x06, 0x3c, 0x0c, 0x5f, 0xc6, 0x8c,
  0x00, 0x00, 0x04, 0x3c, 0x88, 0x37, 0x84, 0x24, 0x23, 0x38, 0xc5, 0x00,
  0x01, 0x00, 0x01, 0x3c, 0x14, 0x5f, 0x25, 0xac, 0x3a, 0x01, 0x11, 0x04,
  0x25, 0xb0, 0x40, 0x00, 0x00, 0x00, 0x04, 0x3c, 0xb0, 0x37, 0x84, 0x24,
  0x36, 0x01, 0x11, 0x04, 0x08, 0x00, 0x05, 0x24, 0x01, 0x00, 0x05, 0x3c,
  0x14, 0x5f, 0xa5, 0x8c, 0x01, 0x00, 0x04, 0x3c, 0x40, 0x08, 0x84, 0x24,
  0x3a, 0xfe, 0x11, 0x04, 0x08, 0x00, 0x06, 0x24, 0x08, 0x00, 0x03, 0x24,
  0x0f, 0x00, 0x43, 0x10, 0x08, 0x00, 0x05, 0x24, 0x54, 0x00, 0xbf, 0x8f,
  0x50, 0x00, 0xbe, 0x8f, 0x4c, 0x00, 0xb7, 0x8f, 0x48, 0x00, 0xb6, 0x8f,
  0x44, 0x00, 0xb5, 0x8f, 0x40, 0x00, 0xb4, 0x8f, 0x3c, 0x00, 0xb3, 0x8f,
  0x38, 0x00, 0xb2, 0x8f, 0x34, 0x00, 0xb1, 0x8f, 0x30, 0x00, 0xb0, 0x8f,
  0x00, 0x00, 0x04, 0x3c, 0xd4, 0x37, 0x84, 0x24, 0x1f, 0x01, 0x00, 0x10,
  0x58, 0x00, 0xbd, 0x27, 0x01, 0x00, 0x02, 0x3c, 0x14, 0x5f, 0x42, 0x8c,
  0x00, 0x00, 0x04, 0x3c, 0xf4, 0x37, 0x84, 0x24, 0x08, 0x00, 0x42, 0x24,
  0x01, 0x00, 0x01, 0x3c, 0x14, 0x5f, 0x22, 0xac, 0x16, 0x01, 0x11, 0x04,
  0x25, 0x90, 0x00, 0x00, 0x00, 0x00, 0x05, 0x3c, 0x00, 0x14, 0xa5, 0x24,
  0x1d, 0x01, 0x11, 0x04, 0x25, 0x20, 0x00, 0x00, 0x00, 0x10, 0x07, 0x24,
  0x01, 0x00, 0x06, 0x3c, 0xe0, 0xf0, 0xc6, 0x24, 0x10, 0x00, 0x05, 0x24,
  0x25, 0x20, 0x00, 0x00, 0x26, 0x01, 0x11, 0x04, 0x10, 0x00, 0xa0, 0xaf,
  0x00, 0x00, 0x04, 0x3c, 0x1c, 0x38, 0x84, 0x24, 0x07, 0x01, 0x11, 0x04,
  0x25, 0x88, 0x00, 0x00, 0x00, 0x04, 0x06, 0x24, 0x01, 0x00, 0x04, 0x3c,
  0xe0, 0xec, 0x84, 0x24, 0xc4, 0x00, 0x11, 0x04, 0x25, 0x28, 0x00, 0x00,
  0x00, 0x04, 0x06, 0x24, 0x01, 0x00, 0x04, 0x3c, 0xe0, 0xe8, 0x84, 0x24,
  0xbf, 0x00, 0x11, 0x04, 0x25, 0x28, 0x00, 0x00, 0x01, 0x00, 0x17, 0x3c,
  0xe0, 0xf0, 0xf7, 0x26, 0x01, 0x00, 0x14, 0x3c, 0xe0, 0xec, 0x94, 0x26,
  0x01, 0x00, 0x15, 0x3c, 0xe0, 0xe8, 0xb5, 0x26, 0x01, 0x00, 0x13, 0x3c,
  0x40, 0x08, 0x73, 0x26, 0x01, 0x00, 0x02, 0x3c, 0x14, 0x5f, 0x42, 0x8c,
  0x01, 0x00, 0x03, 0x3c, 0x0c, 0x5f, 0x63, 0x8c, 0x00, 0x00, 0x00, 0x00,
  0x2a, 0x10, 0x43, 0x00, 0x44, 0x00, 0x40, 0x10, 0x00, 0x00, 0x00, 0x00,
  0x00, 0x00, 0x04, 0x3c, 0xb0, 0x39, 0x84, 0x8c, 0xe0, 0x00, 0x11, 0x04,
  0x01, 0x00, 0x10, 0x24, 0x74, 0x00, 0x11, 0x04, 0x24, 0x00, 0xa4, 0x27,
  0x25, 0x28, 0x00, 0x00, 0x03, 0x01, 0x11, 0x04, 0x25, 0x20, 0x00, 0x00,
  0x02, 0x16, 0x02, 0x00, 0x23, 0x80, 0x02, 0x02, 0x01, 0x00, 0x02, 0x3c,
  0x18, 0x5f, 0x42, 0x8c, 0xc0, 0x82, 0x10, 0x00, 0x58, 0x00, 0x40, 0x14,
  0x21, 0x80, 0xf0, 0x02, 0x58, 0x07, 0x22, 0x26, 0x80, 0x49, 0x42, 0x2c,
  0x18, 0x00, 0xb4, 0xaf, 0x1c, 0x00, 0xb5, 0xaf, 0x3e, 0x00, 0x40, 0x10,
  0x21, 0x28, 0x71, 0x02, 0x20, 0x00, 0xa5, 0xaf, 0x09, 0xf8, 0xc0, 0x02,
  0x18, 0x00, 0xa4, 0x27, 0x21, 0x88, 0x22, 0x02, 0x00, 0x02, 0x06, 0x24,
  0x25, 0x28, 0x80, 0x02, 0x67, 0xfc, 0x11, 0x04, 0x25, 0x20, 0x00, 0x02,
  0x00, 0x02, 0x06, 0x24, 0x25, 0x28, 0xa0, 0x02, 0x63, 0xfc, 0x11, 0x04,
  0x00, 0x02, 0x04, 0x26, 0x00, 0x02, 0x06, 0x24, 0x01, 0x00, 0x05, 0x3c,
  0xe0, 0xee, 0xa5, 0x24, 0x5e, 0xfc, 0x11, 0x04, 0x00, 0x04, 0x04, 0x26,
  0x00, 0x02, 0x06, 0x24, 0x01, 0x00, 0x05, 0x3c, 0xe0, 0xea, 0xa5, 0x24,
  0x59, 0xfc, 0x11, 0x04, 0x00, 0x06, 0x04, 0x26, 0x24, 0x00, 0xa4, 0x8f,
  0x4d, 0x00, 0x11, 0x04, 0x00, 0x00, 0x00, 0x00, 0x30, 0x09, 0x02, 0x24,
  0x02, 0x00, 0x40, 0x14, 0x1a, 0x00, 0x22, 0x02, 0x0d, 0x00, 0x07, 0x00,
  0x12, 0x80, 0x00, 0x00, 0xc3, 0xff, 0x12, 0x12, 0x00, 0x00, 0x00, 0x00,
  0x01, 0x00, 0x05, 0x3c, 0x14, 0x5f, 0xa5, 0x8c, 0x18, 0x00, 0x42, 0x02,
  0x01, 0x00, 0x06, 0x24, 0x12, 0x20, 0x00, 0x00, 0xba, 0xfd, 0x11, 0x04,
  0x21, 0x20, 0x64, 0x02, 0x01, 0x00, 0x03, 0x24, 0x2e, 0x00, 0x43, 0x10,
  0x00, 0x00, 0x00, 0x00, 0x00, 0x00, 0x04, 0x3c, 0xaa, 0x00, 0x11, 0x04,
  0x40, 0x38, 0x84, 0x24, 0xb8, 0xfe, 0x11, 0x04, 0x00, 0x00, 0x00, 0x00,
  0x51, 0xfd, 0x11, 0x04, 0x02, 0x00, 0x04, 0x24, 0x54, 0x00, 0xbf, 0x8f,
  0x50, 0x00, 0xbe, 0x8f, 0x4c, 0x00, 0xb7, 0x8f, 0x48, 0x00, 0xb6, 0x8f,
  0x44, 0x00, 0xb5, 0x8f, 0x40, 0x00, 0xb4, 0x8f, 0x3c, 0x00, 0xb3, 0x8f,
  0x38, 0x00, 0xb2, 0x8f, 0x34, 0x00, 0xb1, 0x8f, 0x30, 0x00, 0xb0, 0x8f,
  0x08, 0x00, 0xe0, 0x03, 0x58, 0x00, 0xbd, 0x27, 0x80, 0x49, 0x1e, 0x24,
  0x23, 0xf0, 0xd1, 0x03, 0x01, 0x00, 0x04, 0x3c, 0xe0, 0x00, 0x84, 0x24,
  0x2c, 0xfc, 0x11, 0x04, 0x25, 0x30, 0xc0, 0x03, 0xd8, 0xbd, 0x31, 0x26,
  0x01, 0x00, 0x02, 0x3c, 0xe0, 0x00, 0x42, 0x24, 0x21, 0x20, 0x5e, 0x00,
  0x25, 0x30, 0x20, 0x02, 0x25, 0x28, 0x60, 0x02, 0x24, 0xfc, 0x11, 0x04,
  0x28, 0x00, 0xa2, 0xaf, 0x28, 0x00, 0xa2, 0x8f, 0x18, 0x00, 0xa4, 0x27,
  0x09, 0xf8, 0xc0, 0x02, 0x20, 0x00, 0xa2, 0xaf, 0xb5, 0xff, 0x00, 0x10,
  0x00, 0x02, 0x06, 0x24, 0x00, 0x08, 0x06, 0x24, 0x25, 0x28, 0x00, 0x00,
  0x44, 0x00, 0x11, 0x04, 0x25, 0x20, 0x00, 0x02, 0xc0, 0xff, 0x00, 0x10,
  0x00, 0x00, 0x00, 0x00, 0x01, 0x00, 0x02, 0x3c, 0x14, 0x5f, 0x42, 0x8c,
  0x25, 0x90, 0x00, 0x02, 0x01, 0x00, 0x42, 0x24, 0x01, 0x00, 0x01, 0x3c,
  0x85, 0xff, 0x00, 0x10, 0x14, 0x5f, 0x22, 0xac, 0x00, 0x00, 0xe0, 0x41,
  0x00, 0x00, 0x00, 0x00, 0x02, 0x01, 0x00, 0x00, 0x69, 0x6e, 0x74, 0x72,
  0x6d, 0x61, 0x6e, 0x00, 0x08, 0x00, 0xe0, 0x03, 0x11, 0x00, 0x00, 0x24,
  0x08, 0x00, 0xe0, 0x03, 0x12, 0x00, 0x00, 0x24, 0x08, 0x00, 0xe0, 0x03,
  0x09, 0x00, 0x00, 0x24, 0x00, 0x00, 0x00, 0x00, 0x00, 0x00, 0x00, 0x00,
  0x00, 0x00, 0xe0, 0x41, 0x00, 0x00, 0x00, 0x00, 0x01, 0x01, 0x00, 0x00,
  0x74, 0x68, 0x62, 0x61, 0x73, 0x65, 0x00, 0x00, 0x08, 0x00, 0xe0, 0x03,
  0x04, 0x00, 0x00, 0x24, 0x08, 0x00, 0xe0, 0x03, 0x18, 0x00, 0x00, 0x24,
  0x08, 0x00, 0xe0, 0x03, 0x19, 0x00, 0x00, 0x24, 0x08, 0x00, 0xe0, 0x03,
  0x1a, 0x00, 0x00, 0x24, 0x08, 0x00, 0xe0, 0x03, 0x21, 0x00, 0x00, 0x24,
  0x08, 0x00, 0xe0, 0x03, 0x05, 0x00, 0x00, 0x24, 0x08, 0x00, 0xe0, 0x03,
  0x06, 0x00, 0x00, 0x24, 0x08, 0x00, 0xe0, 0x03, 0x09, 0x00, 0x00, 0x24,
  0x08, 0x00, 0xe0, 0x03, 0x0a, 0x00, 0x00, 0x24, 0x08, 0x00, 0xe0, 0x03,
  0x14, 0x00, 0x00, 0x24, 0x00, 0x00, 0x00, 0x00, 0x00, 0x00, 0x00, 0x00,
  0x00, 0x00, 0xe0, 0x41, 0x00, 0x00, 0x00, 0x00, 0x01, 0x01, 0x00, 0x00,
  0x73, 0x79, 0x73, 0x6d, 0x65, 0x6d, 0x00, 0x00, 0x08, 0x00, 0xe0, 0x03,
  0x04, 0x00, 0x00, 0x24, 0x08, 0x00, 0xe0, 0x03, 0x05, 0x00, 0x00, 0x24,
  0x08, 0x00, 0xe0, 0x03, 0x08, 0x00, 0x00, 0x24, 0x00, 0x00, 0x00, 0x00,
  0x00, 0x00, 0x00, 0x00, 0x00, 0x00, 0xe0, 0x41, 0x00, 0x00, 0x00, 0x00,
  0x01, 0x01, 0x00, 0x00, 0x73, 0x79, 0x73, 0x63, 0x6c, 0x69, 0x62, 0x00,
  0x08, 0x00, 0xe0, 0x03, 0x0e, 0x00, 0x00, 0x24, 0x08, 0x00, 0xe0, 0x03,
  0x0c, 0x00, 0x00, 0x24, 0x08, 0x00, 0xe0, 0x03, 0x17, 0x00, 0x00, 0x24,
  0x08, 0x00, 0xe0, 0x03, 0x1b, 0x00, 0x00, 0x24, 0x00, 0x00, 0x00, 0x00,
  0x00, 0x00, 0x00, 0x00, 0x00, 0x00, 0xe0, 0x41, 0x00, 0x00, 0x00, 0x00,
  0x01, 0x01, 0x00, 0x00, 0x73, 0x69, 0x66, 0x63, 0x6d, 0x64, 0x00, 0x00,
  0x08, 0x00, 0xe0, 0x03, 0x0e, 0x00, 0x00, 0x24, 0x08, 0x00, 0xe0, 0x03,
  0x11, 0x00, 0x00, 0x24, 0x08, 0x00, 0xe0, 0x03, 0x13, 0x00, 0x00, 0x24,
  0x08, 0x00, 0xe0, 0x03, 0x16, 0x00, 0x00, 0x24, 0x08, 0x00, 0xe0, 0x03,
  0x0f, 0x00, 0x00, 0x24, 0x08, 0x00, 0xe0, 0x03, 0x10, 0x00, 0x00, 0x24,
  0x00, 0x00, 0x00, 0x00, 0x00, 0x00, 0x00, 0x00, 0x00, 0x00, 0xe0, 0x41,
  0x00, 0x00, 0x00, 0x00, 0x01, 0x01, 0x00, 0x00, 0x6c, 0x6f, 0x61, 0x64,
  0x63, 0x6f, 0x72, 0x65, 0x08, 0x00, 0xe0, 0x03, 0x06, 0x00, 0x00, 0x24,
  0x08, 0x00, 0xe0, 0x03, 0x05, 0x00, 0x00, 0x24, 0x00, 0x00, 0x00, 0x00,
  0x00, 0x00, 0x00, 0x00, 0x00, 0x00, 0xe0, 0x41, 0x00, 0x00, 0x00, 0x00,
  0x02, 0x01, 0x00, 0x00, 0x74, 0x68, 0x73, 0x65, 0x6d, 0x61, 0x70, 0x00,
  0x08, 0x00, 0xe0, 0x03, 0x04, 0x00, 0x00, 0x24, 0x08, 0x00, 0xe0, 0x03,
  0x05, 0x00, 0x00, 0x24, 0x08, 0x00, 0xe0, 0x03, 0x06, 0x00, 0x00, 0x24,
  0x08, 0x00, 0xe0, 0x03, 0x07, 0x00, 0x00, 0x24, 0x08, 0x00, 0xe0, 0x03,
  0x08, 0x00, 0x00, 0x24, 0x00, 0x00, 0x00, 0x00, 0x00, 0x00, 0x00, 0x00,
  0x00, 0x00, 0xe0, 0x41, 0x00, 0x00, 0x00, 0x00, 0x02, 0x01, 0x00, 0x00,
  0x73, 0x74, 0x64, 0x69, 0x6f, 0x00, 0x00, 0x00, 0x08, 0x00, 0xe0, 0x03,
  0x04, 0x00, 0x00, 0x24, 0x00, 0x00, 0x00, 0x00, 0x00, 0x00, 0x00, 0x00,
  0x00, 0x00, 0xe0, 0x41, 0x00, 0x00, 0x00, 0x00, 0x05, 0x01, 0x00, 0x00,
  0x6c, 0x69, 0x62, 0x73, 0x64, 0x00, 0x00, 0x00, 0x08, 0x00, 0xe0, 0x03,
  0x04, 0x00, 0x00, 0x24, 0x08, 0x00, 0xe0, 0x03, 0x15, 0x00, 0x00, 0x24,
  0x08, 0x00, 0xe0, 0x03, 0x05, 0x00, 0x00, 0x24, 0x08, 0x00, 0xe0, 0x03,
  0x0b, 0x00, 0x00, 0x24, 0x08, 0x00, 0xe0, 0x03, 0x09, 0x00, 0x00, 0x24,
  0x08, 0x00, 0xe0, 0x03, 0x0a, 0x00, 0x00, 0x24, 0x08, 0x00, 0xe0, 0x03,
  0x07, 0x00, 0x00, 0x24, 0x08, 0x00, 0xe0, 0x03, 0x08, 0x00, 0x00, 0x24,
  0x08, 0x00, 0xe0, 0x03, 0x11, 0x00, 0x00, 0x24, 0x08, 0x00, 0xe0, 0x03,
  0x12, 0x00, 0x00, 0x24, 0x08, 0x00, 0xe0, 0x03, 0x13, 0x00, 0x00, 0x24,
  0x08, 0x00, 0xe0, 0x03, 0x14, 0x00, 0x00, 0x24, 0x00, 0x00, 0x00, 0x00,
  0x00, 0x00, 0x00, 0x00, 0x00, 0x00, 0xe0, 0x41, 0x00, 0x00, 0x00, 0x00,
  0x01, 0x01, 0x00, 0x00, 0x63, 0x64, 0x76, 0x64, 0x6d, 0x61, 0x6e, 0x00,
  0x08, 0x00, 0xe0, 0x03, 0x04, 0x00, 0x00, 0x24, 0x08, 0x00, 0xe0, 0x03,
  0x06, 0x00, 0x00, 0x24, 0x08, 0x00, 0xe0, 0x03, 0x28, 0x00, 0x00, 0x24,
  0x08, 0x00, 0xe0, 0x03, 0x08, 0x00, 0x00, 0x24, 0x08, 0x00, 0xe0, 0x03,
  0x09, 0x00, 0x00, 0x24, 0x08, 0x00, 0xe0, 0x03, 0x0b, 0x00, 0x00, 0x24,
  0x08, 0x00, 0xe0, 0x03, 0x0c, 0x00, 0x00, 0x24, 0x08, 0x00, 0xe0, 0x03,
  0x0d, 0x00, 0x00, 0x24, 0x08, 0x00, 0xe0, 0x03, 0x0e, 0x00, 0x00, 0x24,
  0x08, 0x00, 0xe0, 0x03, 0x10, 0x00, 0x00, 0x24, 0x08, 0x00, 0xe0, 0x03,
  0x11, 0x00, 0x00, 0x24, 0x08, 0x00, 0xe0, 0x03, 0x1c, 0x00, 0x00, 0x24,
  0x00, 0x00, 0x00, 0x00, 0x00, 0x00, 0x00, 0x00, 0x00, 0x00, 0x00, 0x00,
  0x00, 0x00, 0x00, 0x00, 0x01, 0x00, 0x02, 0x3c, 0x74, 0x5f, 0x42, 0x8c,
  0x00, 0x00, 0x00, 0x00, 0x03, 0x00, 0x40, 0x14, 0x00, 0x00, 0x00, 0x00,
  0x08, 0x00, 0xe0, 0x03, 0x00, 0x00, 0x00, 0x00, 0x04, 0x00, 0x43, 0x8c,
  0x00, 0x00, 0x00, 0x00, 0xfb, 0xff, 0x64, 0x10, 0x00, 0x00, 0x00, 0x00,
  0x00, 0x00, 0x42, 0x8c, 0xf6, 0xff, 0x00, 0x10, 0x00, 0x00, 0x00, 0x00,
  0x01, 0x00, 0x03, 0x3c, 0x74, 0x5f, 0x63, 0x8c, 0xe0, 0xff, 0xbd, 0x27,
  0x25, 0x10, 0x00, 0x00, 0x18, 0x00, 0xb0, 0xaf, 0x1c, 0x00, 0xbf, 0xaf,
  0x25, 0x80, 0x60, 0x00, 0x06, 0x00, 0x00, 0x16, 0x00, 0x00, 0x00, 0x00,
  0x1c, 0x00, 0xbf, 0x8f, 0x18, 0x00, 0xb0, 0x8f, 0x25, 0x10, 0x00, 0x00,
  0x08, 0x00, 0xe0, 0x03, 0x20, 0x00, 0xbd, 0x27, 0x04, 0x00, 0x05, 0x8e,
  0x00, 0x00, 0x00, 0x00, 0x05, 0x00, 0xa4, 0x10, 0x00, 0x00, 0x00, 0x00,
  0x25, 0x10, 0x00, 0x02, 0x00, 0x00, 0x10, 0x8e, 0xf2, 0xff, 0x00, 0x10,
  0x00, 0x00, 0x00, 0x00, 0x04, 0x00, 0x40, 0x10, 0x00, 0x00, 0x00, 0x00,
  0x00, 0x00, 0x04, 0x8e, 0x00, 0x00, 0x00, 0x00, 0x00, 0x00, 0x44, 0xac,
  0x04, 0x00, 0x03, 0x16, 0x00, 0x00, 0x00, 0x00, 0x00, 0x00, 0x03, 0x8e,
  0x01, 0x00, 0x01, 0x3c, 0x74, 0x5f, 0x23, 0xac, 0x01, 0x00, 0x03, 0x3c,
  0x70, 0x5f, 0x63, 0x8c, 0x00, 0x00, 0x00, 0x00, 0x03, 0x00, 0x70, 0x14,
  0x00, 0x00, 0x00, 0x00, 0x01, 0x00, 0x01, 0x3c, 0x70, 0x5f, 0x22, 0xac,
  0x13, 0xff, 0x11, 0x04, 0x10, 0x00, 0xa4, 0x27, 0x3b, 0xff, 0x11, 0x04,
  0x25, 0x20, 0x00, 0x02, 0x10, 0x00, 0xa4, 0x8f, 0x10, 0xff, 0x11, 0x04,
  0x00, 0x00, 0x00, 0x00, 0xda, 0xff, 0x00, 0x10, 0x00, 0x00, 0x00, 0x00,
  0xc0, 0xff, 0xbd, 0x27, 0x34, 0x00, 0xb2, 0xaf, 0x25, 0x90, 0x80, 0x00,
  0x25, 0x20, 0xc0, 0x00, 0x2c, 0x00, 0xb0, 0xaf, 0x3c, 0x00, 0xbf, 0xaf,
  0x38, 0x00, 0xb3, 0xaf, 0xba, 0xff, 0x11, 0x04, 0x30, 0x00, 0xb1, 0xaf,
  0x43, 0x00, 0x40, 0x14, 0x25, 0x80, 0x40, 0x00, 0x01, 0x00, 0x02, 0x3c,
  0x70, 0x5f, 0x42, 0x8c, 0x25, 0x88, 0xa0, 0x00, 0x25, 0x98, 0xc0, 0x00,
  0x05, 0x00, 0x40, 0x10, 0x10, 0x50, 0x07, 0x24, 0x18, 0x00, 0x47, 0x8c,
  0x14, 0x00, 0x42, 0x8c, 0x00, 0x00, 0x00, 0x00, 0x21, 0x38, 0xe2, 0x00,
  0x20, 0x00, 0x03, 0x3c, 0x21, 0x10, 0xf1, 0x00, 0x11, 0x00, 0x63, 0x24,
  0x2a, 0x10, 0x43, 0x00, 0x0c, 0x00, 0x40, 0x14, 0xfc, 0xff, 0x02, 0x24,
  0x01, 0x00, 0x01, 0x3c, 0x30, 0x5f, 0x22, 0xac, 0x3c, 0x00, 0xbf, 0x8f,
  0x38, 0x00, 0xb3, 0x8f, 0x34, 0x00, 0xb2, 0x8f, 0x30, 0x00, 0xb1, 0x8f,
  0x2c, 0x00, 0xb0, 0x8f, 0x01, 0x00, 0x02, 0x3c, 0x30, 0x5f, 0x42, 0x24,
  0x08, 0x00, 0xe0, 0x03, 0x40, 0x00, 0xbd, 0x27, 0x18, 0x00, 0xa4, 0x27,
  0xe3, 0xfe, 0x11, 0x04, 0x20, 0x00, 0xa7, 0xaf, 0x25, 0x30, 0x00, 0x00,
  0x1c, 0x00, 0x05, 0x24, 0x07, 0xff, 0x11, 0x04, 0x25, 0x20, 0x00, 0x00,
  0x18, 0x00, 0xa4, 0x8f, 0xde, 0xfe, 0x11, 0x04, 0x25, 0x80, 0x40, 0x00,
  0x08, 0x00, 0x42, 0x8e, 0x06, 0x00, 0x43, 0x92, 0x08, 0x00, 0x02, 0xae,
  0x04, 0x00, 0x42, 0x8e, 0x20, 0x00, 0xa7, 0x8f, 0x02, 0x12, 0x02, 0x00,
  0xff, 0x00, 0x42, 0x30, 0x10, 0x00, 0x02, 0xae, 0x01, 0x00, 0x02, 0x3c,
  0x74, 0x5f, 0x42, 0x8c, 0xf0, 0xff, 0x31, 0x26, 0x04, 0x00, 0x13, 0xae,
  0x18, 0x00, 0x07, 0xae, 0x14, 0x00, 0x11, 0xae, 0x00, 0x00, 0x00, 0xae,
  0x19, 0x00, 0x40, 0x14, 0x0c, 0x00, 0x03, 0xae, 0x01, 0x00, 0x01, 0x3c,
  0x74, 0x5f, 0x30, 0xac, 0x25, 0x28, 0x00, 0x00, 0x25, 0x20, 0x00, 0x00,
  0x10, 0x00, 0xb1, 0xaf, 0x01, 0x00, 0x01, 0x3c, 0x70, 0x5f, 0x30, 0xac,
  0x4e, 0xff, 0x11, 0x04, 0x10, 0x00, 0x46, 0x26, 0x01, 0x00, 0x05, 0x24,
  0x4f, 0xff, 0x11, 0x04, 0x25, 0x20, 0x00, 0x00, 0x08, 0x00, 0x02, 0x8e,
  0x01, 0x00, 0x01, 0x3c, 0x30, 0x5f, 0x20, 0xac, 0x01, 0x00, 0x01, 0x3c,
  0x34, 0x5f, 0x22, 0xac, 0x0c, 0x00, 0x02, 0x8e, 0x01, 0x00, 0x01, 0x3c,
  0x38, 0x5f, 0x22, 0xac, 0x10, 0x00, 0x02, 0x8e, 0x01, 0x00, 0x01, 0x3c,
  0xc5, 0xff, 0x00, 0x10, 0x3c, 0x5f, 0x22, 0xac, 0x01, 0x00, 0x02, 0x3c,
  0x70, 0x5f, 0x42, 0x8c, 0xe7, 0xff, 0x00, 0x10, 0x00, 0x00, 0x50, 0xac,
  0x19, 0x00, 0x82, 0x28, 0x03, 0x00, 0x40, 0x14, 0x25, 0x10, 0x00, 0x00,
  0x08, 0x00, 0xe0, 0x03, 0x00, 0x00, 0x00, 0x00, 0xe0, 0xff, 0xbd, 0x27,
  0x14, 0x00, 0xb0, 0xaf, 0x25, 0x80, 0x80, 0x00, 0x01, 0x17, 0x04, 0x24,
  0x18, 0x00, 0xb1, 0xaf, 0x1c, 0x00, 0xbf, 0xaf, 0x2c, 0xff, 0x11, 0x04,
  0x25, 0x88, 0xa0, 0x00, 0x01, 0x00, 0x03, 0x24, 0x04, 0x18, 0x03, 0x02,
  0x24, 0x18, 0x62, 0x00, 0x0d, 0x00, 0x60, 0x14, 0x25, 0x10, 0x00, 0x00,
  0x52, 0xff, 0x11, 0x04, 0x25, 0x20, 0x20, 0x02, 0x25, 0x18, 0x40, 0x00,
  0x08, 0x00, 0x60, 0x10, 0x05, 0x00, 0x02, 0x24, 0x40, 0x20, 0x10, 0x00,
  0x41, 0x20, 0x84, 0x34, 0x18, 0x00, 0x71, 0x8c, 0x19, 0xff, 0x11, 0x04,
  0xff, 0xff, 0x84, 0x30, 0x26, 0x10, 0x22, 0x02, 0x01, 0x00, 0x42, 0x2c,
  0x1c, 0x00, 0xbf, 0x8f, 0x18, 0x00, 0xb1, 0x8f, 0x14, 0x00, 0xb0, 0x8f,
  0x08, 0x00, 0xe0, 0x03, 0x20, 0x00, 0xbd, 0x27, 0xd8, 0xff, 0xbd, 0x27,
  0x14, 0x00, 0xb0, 0xaf, 0x25, 0x80, 0x80, 0x00, 0x25, 0x20, 0xa0, 0x00,
  0x24, 0x00, 0xbf, 0xaf, 0x20, 0x00, 0xb3, 0xaf, 0x1c, 0x00, 0xb2, 0xaf,
  0x3a, 0xff, 0x11, 0x04, 0x18, 0x00, 0xb1, 0xaf, 0x2f, 0x00, 0x40, 0x10,
  0x25, 0x98, 0x40, 0x00, 0x18, 0x00, 0x02, 0x2e, 0x10, 0x00, 0x40, 0x10,
  0x01, 0x17, 0x04, 0x24, 0x06, 0xff, 0x11, 0x04, 0x01, 0x00, 0x11, 0x24,
  0x04, 0x88, 0x11, 0x02, 0x24, 0x10, 0x22, 0x02, 0x19, 0x00, 0x40, 0x14,
  0x40, 0x90, 0x10, 0x00, 0xf9, 0xff, 0x10, 0x24, 0x24, 0x00, 0xbf, 0x8f,
  0x20, 0x00, 0xb3, 0x8f, 0x1c, 0x00, 0xb2, 0x8f, 0x18, 0x00, 0xb1, 0x8f,
  0x25, 0x10, 0x00, 0x02, 0x14, 0x00, 0xb0, 0x8f, 0x08, 0x00, 0xe0, 0x03,
  0x28, 0x00, 0xbd, 0x27, 0xf7, 0xfe, 0x11, 0x04, 0x00, 0x00, 0x00, 0x00,
  0xf4, 0xff, 0x40, 0x10, 0x01, 0x00, 0x04, 0x24, 0x01, 0x00, 0x10, 0x24,
  0x18, 0x00, 0x03, 0x24, 0x04, 0x88, 0x04, 0x02, 0x24, 0x28, 0x51, 0x00,
  0x06, 0x00, 0xa0, 0x14, 0x40, 0x90, 0x10, 0x00, 0x01, 0x00, 0x10, 0x26,
  0xfa, 0xff, 0x03, 0x16, 0x00, 0x00, 0x00, 0x00, 0xea, 0xff, 0x00, 0x10,
  0xf9, 0xff, 0x10, 0x24, 0x08, 0x00, 0x65, 0x96, 0x01, 0x02, 0x44, 0x36,
  0xdc, 0xfe, 0x11, 0x04, 0xff, 0xff, 0x84, 0x30, 0x18, 0x00, 0x65, 0x8e,
  0x41, 0x20, 0x44, 0x36, 0xdc, 0xfe, 0x11, 0x04, 0xff, 0xff, 0x84, 0x30,
  0x25, 0x28, 0x20, 0x02, 0xdd, 0xfe, 0x11, 0x04, 0x01, 0x15, 0x04, 0x24,
  0xdd, 0xff, 0x00, 0x10, 0x00, 0x00, 0x00, 0x00, 0xdb, 0xff, 0x00, 0x10,
  0x05, 0x00, 0x10, 0x24, 0xd0, 0xff, 0xbd, 0x27, 0x00, 0x00, 0x04, 0x3c,
  0x60, 0x38, 0x84, 0x24, 0x28, 0x00, 0xb3, 0xaf, 0x24, 0x00, 0xb2, 0xaf,
  0x1c, 0x00, 0xb0, 0xaf, 0x2c, 0x00, 0xbf, 0xaf, 0x20, 0x00, 0xb1, 0xaf,
  0xba, 0xfe, 0x11, 0x04, 0x25, 0x80, 0x00, 0x00, 0x01, 0x00, 0x13, 0x24,
  0x18, 0x00, 0x12, 0x24, 0x04, 0x28, 0x13, 0x02, 0x40, 0x88, 0x10, 0x00,
  0xc9, 0xfe, 0x11, 0x04, 0x01, 0x16, 0x04, 0x24, 0x01, 0x00, 0x24, 0x36,
  0xff, 0x3f, 0x05, 0x24, 0xbd, 0xfe, 0x11, 0x04, 0xff, 0xff, 0x84, 0x30,
  0x01, 0x01, 0x24, 0x36, 0xff, 0x3f, 0x05, 0x24, 0xff, 0xff, 0x84, 0x30,
  0xb8, 0xfe, 0x11, 0x04, 0x01, 0x00, 0x10, 0x26, 0xf3, 0xff, 0x12, 0x16,
  0x04, 0x28, 0x13, 0x02, 0x01, 0x00, 0x02, 0x3c, 0x74, 0x5f, 0x42, 0x8c,
  0x00, 0x00, 0x00, 0x00, 0x0e, 0x00, 0x40, 0x10, 0x00, 0x00, 0x00, 0x00,
  0x2f, 0xfe, 0x11, 0x04, 0x10, 0x00, 0xa4, 0x27, 0x01, 0x00, 0x04, 0x3c,
  0x74, 0x5f, 0x84, 0x8c, 0x00, 0x00, 0x00, 0x00, 0x0f, 0x00, 0x80, 0x14,
  0x00, 0x00, 0x00, 0x00, 0x10, 0x00, 0xa4, 0x8f, 0x01, 0x00, 0x01, 0x3c,
  0x74, 0x5f, 0x20, 0xac, 0x01, 0x00, 0x01, 0x3c, 0x26, 0xfe, 0x11, 0x04,
  0x70, 0x5f, 0x20, 0xac, 0x2c, 0x00, 0xbf, 0x8f, 0x28, 0x00, 0xb3, 0x8f,
  0x24, 0x00, 0xb2, 0x8f, 0x20, 0x00, 0xb1, 0x8f, 0x1c, 0x00, 0xb0, 0x8f,
  0x25, 0x10, 0x00, 0x00, 0x08, 0x00, 0xe0, 0x03, 0x30, 0x00, 0xbd, 0x27,
  0x00, 0x00, 0x90, 0x8c, 0x43, 0xfe, 0x11, 0x04, 0x00, 0x00, 0x00, 0x00,
  0xec, 0xff, 0x00, 0x10, 0x25, 0x20, 0x00, 0x02, 0x25, 0x18, 0xa6, 0x00,
  0x00, 0x40, 0x63, 0x2c, 0x12, 0x00, 0x60, 0x10, 0xff, 0xff, 0xa5, 0x30,
  0xe8, 0xff, 0xbd, 0x27, 0x10, 0x00, 0xb0, 0xaf, 0x40, 0x80, 0x04, 0x00,
  0x01, 0x00, 0x04, 0x36, 0xff, 0xff, 0x84, 0x30, 0x14, 0x00, 0xbf, 0xaf,
  0x8b, 0xfe, 0x11, 0x04, 0x20, 0x00, 0xa6, 0xaf, 0x20, 0x00, 0xa5, 0x97,
  0x01, 0x01, 0x04, 0x36, 0x87, 0xfe, 0x11, 0x04, 0xff, 0xff, 0x84, 0x30,
  0x14, 0x00, 0xbf, 0x8f, 0x10, 0x00, 0xb0, 0x8f, 0x25, 0x10, 0x00, 0x00,
  0x08, 0x00, 0xe0, 0x03, 0x18, 0x00, 0xbd, 0x27, 0x08, 0x00, 0xe0, 0x03,
  0x05, 0x00, 0x02, 0x24, 0x00, 0x00, 0x00, 0x00, 0x00, 0x00, 0x00, 0x00,
  0x00, 0x00, 0x00, 0x00, 0x01, 0x00, 0x02, 0x00, 0x03, 0x00, 0x04, 0x00,
  0x05, 0x00, 0x06, 0x00, 0x07, 0x00, 0x08, 0x00, 0x09, 0x00, 0x0a, 0x00,
  0x0b, 0x00, 0x0b, 0x00, 0x0c, 0x00, 0x0d, 0x00, 0x0e, 0x00, 0x0f, 0x00,
  0x10, 0x00, 0x11, 0x00, 0x12, 0x00, 0x13, 0x00, 0x14, 0x00, 0x15, 0x00,
  0x16, 0x00, 0x16, 0x00, 0x17, 0x00, 0x18, 0x00, 0x19, 0x00, 0x1a, 0x00,
  0x1b, 0x00, 0x1c, 0x00, 0x1d, 0x00, 0x1e, 0x00, 0x1f, 0x00, 0x20, 0x00,
  0x21, 0x00, 0x21, 0x00, 0x22, 0x00, 0x23, 0x00, 0x24, 0x00, 0x25, 0x00,
  0x26, 0x00, 0x27, 0x00, 0x28, 0x00, 0x29, 0x00, 0x2a, 0x00, 0x2b, 0x00,
  0x2c, 0x00, 0x2d, 0x00, 0x2d, 0x00, 0x2e, 0x00, 0x2f, 0x00, 0x30, 0x00,
  0x31, 0x00, 0x32, 0x00, 0x33, 0x00, 0x34, 0x00, 0x35, 0x00, 0x36, 0x00,
  0x37, 0x00, 0x38, 0x00, 0x38, 0x00, 0x39, 0x00, 0x3a, 0x00, 0x3b, 0x00,
  0x3c, 0x00, 0x3d, 0x00, 0x3e, 0x00, 0x3f, 0x00, 0x40, 0x00, 0x41, 0x00,
  0x42, 0x00, 0x43, 0x00, 0x43, 0x00, 0x44, 0x00, 0x45, 0x00, 0x46, 0x00,
  0x47, 0x00, 0x48, 0x00, 0x49, 0x00, 0x4a, 0x00, 0x4b, 0x00, 0x4c, 0x00,
  0x4d, 0x00, 0x4e, 0x00, 0x4f, 0x00, 0x4f, 0x00, 0x50, 0x00, 0x51, 0x00,
  0x52, 0x00, 0x53, 0x00, 0x54, 0x00, 0x55, 0x00, 0x56, 0x00, 0x57, 0x00,
  0x58, 0x00, 0x59, 0x00, 0x5a, 0x00, 0x5a, 0x00, 0x5b, 0x00, 0x5c, 0x00,
  0x5d, 0x00, 0x5e, 0x00, 0x5f, 0x00, 0x60, 0x00, 0x61, 0x00, 0x62, 0x00,
  0x63, 0x00, 0x64, 0x00, 0x65, 0x00, 0x65, 0x00, 0x66, 0x00, 0x67, 0x00,
  0x68, 0x00, 0x69, 0x00, 0x6a, 0x00, 0x6b, 0x00, 0x6c, 0x00, 0x6d, 0x00,
  0x6e, 0x00, 0x6f, 0x00, 0x70, 0x00, 0x71, 0x00, 0x71, 0x00, 0x72, 0x00,
  0x73, 0x00, 0x74, 0x00, 0x75, 0x00, 0x76, 0x00, 0x77, 0x00, 0x78, 0x00,
  0x79, 0x00, 0x7a, 0x00, 0x7b, 0x00, 0x7c, 0x00, 0x7c, 0x00, 0x7d, 0x00,
  0x7e, 0x00, 0x7f, 0x00, 0x80, 0x00, 0x81, 0x00, 0x82, 0x00, 0x83, 0x00,
  0x84, 0x00, 0x85, 0x00, 0x86, 0x00, 0x87, 0x00, 0x87, 0x00, 0x88, 0x00,
  0x89, 0x00, 0x8a, 0x00, 0x8b, 0x00, 0x8c, 0x00, 0x8d, 0x00, 0x8e, 0x00,
  0x8f, 0x00, 0x90, 0x00, 0x91, 0x00, 0x92, 0x00, 0x93, 0x00, 0x93, 0x00,
  0x94, 0x00, 0x95, 0x00, 0x96, 0x00, 0x97, 0x00, 0x98, 0x00, 0x99, 0x00,
  0x9a, 0x00, 0x9b, 0x00, 0x9c, 0x00, 0x9d, 0x00, 0x9e, 0x00, 0x9e, 0x00,
  0x9f, 0x00, 0xa0, 0x00, 0xa1, 0x00, 0xa2, 0x00, 0xa3, 0x00, 0xa4, 0x00,
  0xa5, 0x00, 0xa6, 0x00, 0xa7, 0x00, 0xa8, 0x00, 0xa9, 0x00, 0xa9, 0x00,
  0xaa, 0x00, 0xab, 0x00, 0xac, 0x00, 0xad, 0x00, 0xae, 0x00, 0xaf, 0x00,
  0xb0, 0x00, 0xb1, 0x00, 0xb2, 0x00, 0xb3, 0x00, 0xb4, 0x00, 0xb4, 0x00,
  0xb5, 0x00, 0xb6, 0x00, 0xb7, 0x00, 0xb8, 0x00, 0xb9, 0x00, 0xba, 0x00,
  0xbb, 0x00, 0xbc, 0x00, 0xbd, 0x00, 0xbe, 0x00, 0xbf, 0x00, 0xc0, 0x00,
  0xc0, 0x00, 0xc1, 0x00, 0xc2, 0x00, 0xc3, 0x00, 0xc4, 0x00, 0xc5, 0x00,
  0xc6, 0x00, 0xc7, 0x00, 0xc8, 0x00, 0xc9, 0x00, 0xca, 0x00, 0xcb, 0x00,
  0xcb, 0x00, 0xcc, 0x00, 0xcd, 0x00, 0xce, 0x00, 0xcf, 0x00, 0xd0, 0x00,
  0xd1, 0x00, 0xd2, 0x00, 0xd3, 0x00, 0xd4, 0x00, 0xd5, 0x00, 0xd6, 0x00,
  0xd6, 0x00, 0xd7, 0x00, 0xd8, 0x00, 0xd9, 0x00, 0xda, 0x00, 0xdb, 0x00,
  0xdc, 0x00, 0xdd, 0x00, 0xde, 0x00, 0xdf, 0x00, 0xe0, 0x00, 0xe1, 0x00,
  0xe2, 0x00, 0xe2, 0x00, 0xe3, 0x00, 0xe4, 0x00, 0xe5, 0x00, 0xe6, 0x00,
  0xe7, 0x00, 0xe8, 0x00, 0xe9, 0x00, 0xea, 0x00, 0xeb, 0x00, 0xec, 0x00,
  0xed, 0x00, 0xed, 0x00, 0xee, 0x00, 0xef, 0x00, 0xf0, 0x00, 0xf1, 0x00,
  0xf2, 0x00, 0xf3, 0x00, 0xf4, 0x00, 0xf5, 0x00, 0xf6, 0x00, 0xf7, 0x00,
  0xf8, 0x00, 0xf8, 0x00, 0xf9, 0x00, 0xfa, 0x00, 0xfb, 0x00, 0xfc, 0x00,
  0xfd, 0x00, 0xfe, 0x00, 0xff, 0x00, 0x00, 0x01, 0x01, 0x01, 0x02, 0x01,
  0x03, 0x01, 0x04, 0x01, 0x04, 0x01, 0x05, 0x01, 0x06, 0x01, 0x07, 0x01,
  0x08, 0x01, 0x09, 0x01, 0x0a, 0x01, 0x0b, 0x01, 0x0c, 0x01, 0x0d, 0x01,
  0x0e, 0x01, 0x0f, 0x01, 0x0f, 0x01, 0x10, 0x01, 0x11, 0x01, 0x12, 0x01,
  0x13, 0x01, 0x14, 0x01, 0x15, 0x01, 0x16, 0x01, 0x17, 0x01, 0x18, 0x01,
  0x19, 0x01, 0x1a, 0x01, 0x1a, 0x01, 0x1b, 0x01, 0x1c, 0x01, 0x1d, 0x01,
  0x1e, 0x01, 0x1f, 0x01, 0x20, 0x01, 0x21, 0x01, 0x22, 0x01, 0x23, 0x01,
  0x24, 0x01, 0x25, 0x01, 0x26, 0x01, 0x26, 0x01, 0x27, 0x01, 0x28, 0x01,
  0x29, 0x01, 0x2a, 0x01, 0x2b, 0x01, 0x2c, 0x01, 0x2d, 0x01, 0x2e, 0x01,
  0x2f, 0x01, 0x30, 0x01, 0x31, 0x01, 0x31, 0x01, 0x32, 0x01, 0x33, 0x01,
  0x34, 0x01, 0x35, 0x01, 0x36, 0x01, 0x37, 0x01, 0x38, 0x01, 0x39, 0x01,
  0x3a, 0x01, 0x3b, 0x01, 0x3c, 0x01, 0x3c, 0x01, 0x3d, 0x01, 0x3e, 0x01,
  0x3f, 0x01, 0x40, 0x01, 0x41, 0x01, 0x42, 0x01, 0x43, 0x01, 0x44, 0x01,
  0x45, 0x01, 0x46, 0x01, 0x47, 0x01, 0x47, 0x01, 0x48, 0x01, 0x49, 0x01,
  0x4a, 0x01, 0x4b, 0x01, 0x4c, 0x01, 0x4d, 0x01, 0x4e, 0x01, 0x4f, 0x01,
  0x50, 0x01, 0x51, 0x01, 0x52, 0x01, 0x53, 0x01, 0x53, 0x01, 0x54, 0x01,
  0x55, 0x01, 0x56, 0x01, 0x57, 0x01, 0x58, 0x01, 0x59, 0x01, 0x5a, 0x01,
  0x5b, 0x01, 0x5c, 0x01, 0x5d, 0x01, 0x5e, 0x01, 0x5e, 0x01, 0x5f, 0x01,
  0x60, 0x01, 0x61, 0x01, 0x62, 0x01, 0x63, 0x01, 0x64, 0x01, 0x65, 0x01,
  0x66, 0x01, 0x67, 0x01, 0x68, 0x01, 0x69, 0x01, 0x69, 0x01, 0x6a, 0x01,
  0x6b, 0x01, 0x6c, 0x01, 0x6d, 0x01, 0x6e, 0x01, 0x6f, 0x01, 0x70, 0x01,
  0x71, 0x01, 0x72, 0x01, 0x73, 0x01, 0x74, 0x01, 0x75, 0x01, 0x75, 0x01,
  0x76, 0x01, 0x77, 0x01, 0x78, 0x01, 0x79, 0x01, 0x7a, 0x01, 0x7b, 0x01,
  0x7c, 0x01, 0x7d, 0x01, 0x7e, 0x01, 0x7f, 0x01, 0x80, 0x01, 0x80, 0x01,
  0x81, 0x01, 0x82, 0x01, 0x83, 0x01, 0x84, 0x01, 0x85, 0x01, 0x86, 0x01,
  0x87, 0x01, 0x88, 0x01, 0x89, 0x01, 0x8a, 0x01, 0x8b, 0x01, 0x8b, 0x01,
  0x8c, 0x01, 0x8d, 0x01, 0x8e, 0x01, 0x8f, 0x01, 0x90, 0x01, 0x91, 0x01,
  0x92, 0x01, 0x93, 0x01, 0x94, 0x01, 0x95, 0x01, 0x96, 0x01, 0x97, 0x01,
  0x97, 0x01, 0x98, 0x01, 0x99, 0x01, 0x9a, 0x01, 0x9b, 0x01, 0x9c, 0x01,
  0x9d, 0x01, 0x9e, 0x01, 0x9f, 0x01, 0xa0, 0x01, 0xa1, 0x01, 0xa2, 0x01,
  0xa2, 0x01, 0xa3, 0x01, 0xa4, 0x01, 0xa5, 0x01, 0xa6, 0x01, 0xa7, 0x01,
  0xa8, 0x01, 0xa9, 0x01, 0xaa, 0x01, 0xab, 0x01, 0xac, 0x01, 0xad, 0x01,
  0xad, 0x01, 0xae, 0x01, 0xaf, 0x01, 0xb0, 0x01, 0xb1, 0x01, 0xb2, 0x01,
  0xb3, 0x01, 0xb4, 0x01, 0xb5, 0x01, 0xb6, 0x01, 0xb7, 0x01, 0xb8, 0x01,
  0xb9, 0x01, 0xb9, 0x01, 0xba, 0x01, 0xbb, 0x01, 0xbc, 0x01, 0xbd, 0x01,
  0xbe, 0x01, 0xbf, 0x01, 0xc0, 0x01, 0xc1, 0x01, 0xc2, 0x01, 0xc3, 0x01,
  0xc4, 0x01, 0xc4, 0x01, 0xc5, 0x01, 0xc6, 0x01, 0xc7, 0x01, 0xc8, 0x01,
  0xc9, 0x01, 0xca, 0x01, 0xcb, 0x01, 0xcc, 0x01, 0xcd, 0x01, 0xce, 0x01,
  0xcf, 0x01, 0xcf, 0x01, 0xd0, 0x01, 0xd1, 0x01, 0xd2, 0x01, 0xd3, 0x01,
  0xd4, 0x01, 0xd5, 0x01, 0x00, 0x00, 0x00, 0x00, 0x01, 0x00, 0x02, 0x00,
  0x02, 0x00, 0x03, 0x00, 0x04, 0x00, 0x04, 0x00, 0x05, 0x00, 0x06, 0x00,
  0x06, 0x00, 0x07, 0x00, 0x08, 0x00, 0x08, 0x00, 0x09, 0x00, 0x0a, 0x00,
  0x0a, 0x00, 0x0b, 0x00, 0x0c, 0x00, 0x0c, 0x00, 0x0d, 0x00, 0x0e, 0x00,
  0x0e, 0x00, 0x0f, 0x00, 0x10, 0x00, 0x10, 0x00, 0x11, 0x00, 0x12, 0x00,
  0x12, 0x00, 0x13, 0x00, 0x14, 0x00, 0x14, 0x00, 0x15, 0x00, 0x16, 0x00,
  0x16, 0x00, 0x17, 0x00, 0x18, 0x00, 0x18, 0x00, 0x19, 0x00, 0x1a, 0x00,
  0x1a, 0x00, 0x1b, 0x00, 0x1c, 0x00, 0x1c, 0x00, 0x1d, 0x00, 0x1e, 0x00,
  0x1e, 0x00, 0x1f, 0x00, 0x20, 0x00, 0x20, 0x00, 0x21, 0x00, 0x22, 0x00,
  0x22, 0x00, 0x23, 0x00, 0x24, 0x00, 0x24, 0x00, 0x25, 0x00, 0x26, 0x00,
  0x26, 0x00, 0x27, 0x00, 0x28, 0x00, 0x28, 0x00, 0x29, 0x00, 0x2a, 0x00,
  0x2a, 0x00, 0x2b, 0x00, 0x2c, 0x00, 0x2c, 0x00, 0x2d, 0x00, 0x2e, 0x00,
  0x2e, 0x00, 0x2f, 0x00, 0x30, 0x00, 0x30, 0x00, 0x31, 0x00, 0x32, 0x00,
  0x32, 0x00, 0x33, 0x00, 0x34, 0x00, 0x34, 0x00, 0x35, 0x00, 0x36, 0x00,
  0x36, 0x00, 0x37, 0x00, 0x38, 0x00, 0x38, 0x00, 0x39, 0x00, 0x3a, 0x00,
  0x3a, 0x00, 0x3b, 0x00, 0x3c, 0x00, 0x3c, 0x00, 0x3d, 0x00, 0x3e, 0x00,
  0x3e, 0x00, 0x3f, 0x00, 0x40, 0x00, 0x40, 0x00, 0x41, 0x00, 0x42, 0x00,
  0x42, 0x00, 0x43, 0x00, 0x44, 0x00, 0x44, 0x00, 0x45, 0x00, 0x46, 0x00,
  0x46, 0x00, 0x47, 0x00, 0x48, 0x00, 0x48, 0x00, 0x49, 0x00, 0x4a, 0x00,
  0x4a, 0x00, 0x4b, 0x00, 0x4c, 0x00, 0x4c, 0x00, 0x4d, 0x00, 0x4e, 0x00,
  0x4e, 0x00, 0x4f, 0x00, 0x50, 0x00, 0x50, 0x00, 0x51, 0x00, 0x52, 0x00,
  0x52, 0x00, 0x53, 0x00, 0x54, 0x00, 0x54, 0x00, 0x55, 0x00, 0x56, 0x00,
  0x56, 0x00, 0x57, 0x00, 0x58, 0x00, 0x58, 0x00, 0x59, 0x00, 0x5a, 0x00,
  0x5a, 0x00, 0x5b, 0x00, 0x5c, 0x00, 0x5c, 0x00, 0x5d, 0x00, 0x5e, 0x00,
  0x5e, 0x00, 0x5f, 0x00, 0x60, 0x00, 0x60, 0x00, 0x61, 0x00, 0x62, 0x00,
  0x62, 0x00, 0x63, 0x00, 0x64, 0x00, 0x64, 0x00, 0x65, 0x00, 0x66, 0x00,
  0x66, 0x00, 0x67, 0x00, 0x68, 0x00, 0x68, 0x00, 0x69, 0x00, 0x6a, 0x00,
  0x6a, 0x00, 0x6b, 0x00, 0x6c, 0x00, 0x6c, 0x00, 0x6d, 0x00, 0x6e, 0x00,
  0x6e, 0x00, 0x6f, 0x00, 0x70, 0x00, 0x70, 0x00, 0x71, 0x00, 0x72, 0x00,
  0x72, 0x00, 0x73, 0x00, 0x74, 0x00, 0x74, 0x00, 0x75, 0x00, 0x76, 0x00,
  0x76, 0x00, 0x77, 0x00, 0x78, 0x00, 0x78, 0x00, 0x79, 0x00, 0x7a, 0x00,
  0x7a, 0x00, 0x7b, 0x00, 0x7c, 0x00, 0x7c, 0x00, 0x7d, 0x00, 0x7e, 0x00,
  0x7e, 0x00, 0x7f, 0x00, 0x80, 0x00, 0x80, 0x00, 0x81, 0x00, 0x82, 0x00,
  0x82, 0x00, 0x83, 0x00, 0x84, 0x00, 0x84, 0x00, 0x85, 0x00, 0x86, 0x00,
  0x86, 0x00, 0x87, 0x00, 0x88, 0x00, 0x88, 0x00, 0x89, 0x00, 0x8a, 0x00,
  0x8a, 0x00, 0x8b, 0x00, 0x8c, 0x00, 0x8c, 0x00, 0x8d, 0x00, 0x8e, 0x00,
  0x8e, 0x00, 0x8f, 0x00, 0x90, 0x00, 0x90, 0x00, 0x91, 0x00, 0x92, 0x00,
  0x92, 0x00, 0x93, 0x00, 0x94, 0x00, 0x94, 0x00, 0x95, 0x00, 0x96, 0x00,
  0x96, 0x00, 0x97, 0x00, 0x98, 0x00, 0x98, 0x00, 0x99, 0x00, 0x9a, 0x00,
  0x9a, 0x00, 0x9b, 0x00, 0x9c, 0x00, 0x9c, 0x00, 0x9d, 0x00, 0x9e, 0x00,
  0x9e, 0x00, 0x9f, 0x00, 0xa0, 0x00, 0xa0, 0x00, 0xa1, 0x00, 0xa2, 0x00,
  0xa2, 0x00, 0xa3, 0x00, 0xa4, 0x00, 0xa4, 0x00, 0xa5, 0x00, 0xa6, 0x00,
  0xa6, 0x00, 0xa7, 0x00, 0xa8, 0x00, 0xa8, 0x00, 0xa9, 0x00, 0xaa, 0x00,
  0xaa, 0x00, 0xab, 0x00, 0xac, 0x00, 0xac, 0x00, 0xad, 0x00, 0xae, 0x00,
  0xae, 0x00, 0xaf, 0x00, 0xb0, 0x00, 0xb0, 0x00, 0xb1, 0x00, 0xb2, 0x00,
  0xb2, 0x00, 0xb3, 0x00, 0xb4, 0x00, 0xb4, 0x00, 0xb5, 0x00, 0xb6, 0x00,
  0xb6, 0x00, 0xb7, 0x00, 0xb8, 0x00, 0xb8, 0x00, 0xb9, 0x00, 0xba, 0x00,
  0xba, 0x00, 0xbb, 0x00, 0xbc, 0x00, 0xbc, 0x00, 0xbd, 0x00, 0xbe, 0x00,
  0xbe, 0x00, 0xbf, 0x00, 0xc0, 0x00, 0xc0, 0x00, 0xc1, 0x00, 0xc2, 0x00,
  0xc2, 0x00, 0xc3, 0x00, 0xc4, 0x00, 0xc4, 0x00, 0xc5, 0x00, 0xc6, 0x00,
  0xc6, 0x00, 0xc7, 0x00, 0xc8, 0x00, 0xc8, 0x00, 0xc9, 0x00, 0xca, 0x00,
  0xca, 0x00, 0xcb, 0x00, 0xcc, 0x00, 0xcc, 0x00, 0xcd, 0x00, 0xce, 0x00,
  0xce, 0x00, 0xcf, 0x00, 0xd0, 0x00, 0xd0, 0x00, 0xd1, 0x00, 0xd2, 0x00,
  0xd2, 0x00, 0xd3, 0x00, 0xd4, 0x00, 0xd4, 0x00, 0xd5, 0x00, 0xd6, 0x00,
  0xd6, 0x00, 0xd7, 0x00, 0xd8, 0x00, 0xd8, 0x00, 0xd9, 0x00, 0xda, 0x00,
  0xda, 0x00, 0xdb, 0x00, 0xdc, 0x00, 0xdc, 0x00, 0xdd, 0x00, 0xde, 0x00,
  0xde, 0x00, 0xdf, 0x00, 0xe0, 0x00, 0xe0, 0x00, 0xe1, 0x00, 0xe2, 0x00,
  0xe2, 0x00, 0xe3, 0x00, 0xe4, 0x00, 0xe4, 0x00, 0xe5, 0x00, 0xe6, 0x00,
  0xe6, 0x00, 0xe7, 0x00, 0xe8, 0x00, 0xe8, 0x00, 0xe9, 0x00, 0xea, 0x00,
  0xea, 0x00, 0xeb, 0x00, 0xec, 0x00, 0xec, 0x00, 0xed, 0x00, 0xee, 0x00,
  0xee, 0x00, 0xef, 0x00, 0xf0, 0x00, 0xf0, 0x00, 0xf1, 0x00, 0xf2, 0x00,
  0xf2, 0x00, 0xf3, 0x00, 0xf4, 0x00, 0xf4, 0x00, 0xf5, 0x00, 0xf6, 0x00,
  0xf6, 0x00, 0xf7, 0x00, 0xf8, 0x00, 0xf8, 0x00, 0xf9, 0x00, 0xfa, 0x00,
  0xfa, 0x00, 0xfb, 0x00, 0xfc, 0x00, 0xfc, 0x00, 0xfd, 0x00, 0xfe, 0x00,
  0xfe, 0x00, 0xff, 0x00, 0x00, 0x01, 0x00, 0x01, 0x01, 0x01, 0x02, 0x01,
  0x02, 0x01, 0x03, 0x01, 0x04, 0x01, 0x04, 0x01, 0x05, 0x01, 0x06, 0x01,
  0x06, 0x01, 0x07, 0x01, 0x08, 0x01, 0x08, 0x01, 0x09, 0x01, 0x0a, 0x01,
  0x0a, 0x01, 0x0b, 0x01, 0x0c, 0x01, 0x0c, 0x01, 0x0d, 0x01, 0x0e, 0x01,
  0x0e, 0x01, 0x0f, 0x01, 0x10, 0x01, 0x10, 0x01, 0x11, 0x01, 0x12, 0x01,
  0x12, 0x01, 0x13, 0x01, 0x14, 0x01, 0x14, 0x01, 0x15, 0x01, 0x16, 0x01,
  0x16, 0x01, 0x17, 0x01, 0x18, 0x01, 0x18, 0x01, 0x19, 0x01, 0x1a, 0x01,
  0x1a, 0x01, 0x1b, 0x01, 0x1c, 0x01, 0x1c, 0x01, 0x1d, 0x01, 0x1e, 0x01,
  0x1e, 0x01, 0x1f, 0x01, 0x20, 0x01, 0x20, 0x01, 0x21, 0x01, 0x22, 0x01,
  0x22, 0x01, 0x23, 0x01, 0x24, 0x01, 0x24, 0x01, 0x25, 0x01, 0x26, 0x01,
  0x26, 0x01, 0x27, 0x01, 0x28, 0x01, 0x28, 0x01, 0x29, 0x01, 0x2a, 0x01,
  0x2a, 0x01, 0x2b, 0x01, 0x2c, 0x01, 0x2c, 0x01, 0x2d, 0x01, 0x2e, 0x01,
  0x2e, 0x01, 0x2f, 0x01, 0x30, 0x01, 0x30, 0x01, 0x31, 0x01, 0x32, 0x01,
  0x32, 0x01, 0x33, 0x01, 0x34, 0x01, 0x34, 0x01, 0x35, 0x01, 0x36, 0x01,
  0x36, 0x01, 0x37, 0x01, 0x38, 0x01, 0x38, 0x01, 0x39, 0x01, 0x3a, 0x01,
  0x3a, 0x01, 0x3b, 0x01, 0x3c, 0x01, 0x3c, 0x01, 0x3d, 0x01, 0x3e, 0x01,
  0x3e, 0x01, 0x3f, 0x01, 0x40, 0x01, 0x40, 0x01, 0x41, 0x01, 0x42, 0x01,
  0x42, 0x01, 0x43, 0x01, 0x44, 0x01, 0x44, 0x01, 0x45, 0x01, 0x46, 0x01,
  0x46, 0x01, 0x47, 0x01, 0x48, 0x01, 0x48, 0x01, 0x49, 0x01, 0x4a, 0x01,
  0x4a, 0x01, 0x4b, 0x01, 0x4c, 0x01, 0x4c, 0x01, 0x4d, 0x01, 0x4e, 0x01,
  0x4e, 0x01, 0x4f, 0x01, 0x50, 0x01, 0x50, 0x01, 0x51, 0x01, 0x52, 0x01,
  0x52, 0x01, 0x53, 0x01, 0x54, 0x01, 0x54, 0x01, 0x00, 0x00, 0x00, 0x00,
  0x00, 0x00, 0x01, 0x00, 0x01, 0x00, 0x02, 0x00, 0x02, 0x00, 0x03, 0x00,
  0x03, 0x00, 0x04, 0x00, 0x04, 0x00, 0x05, 0x00, 0x05, 0x00, 0x05, 0x00,
  0x06, 0x00, 0x06, 0x00, 0x07, 0x00, 0x07, 0x00, 0x08, 0x00, 0x08, 0x00,
  0x09, 0x00, 0x09, 0x00, 0x0a, 0x00, 0x0a, 0x00, 0x0b, 0x00, 0x0b, 0x00,
  0x0b, 0x00, 0x0c, 0x00, 0x0c, 0x00, 0x0d, 0x00, 0x0d, 0x00, 0x0e, 0x00,
  0x0e, 0x00, 0x0f, 0x00, 0x0f, 0x00, 0x10, 0x00, 0x10, 0x00, 0x10, 0x00,
  0x11, 0x00, 0x11, 0x00, 0x12, 0x00, 0x12, 0x00, 0x13, 0x00, 0x13, 0x00,
  0x14, 0x00, 0x14, 0x00, 0x15, 0x00, 0x15, 0x00, 0x16, 0x00, 0x16, 0x00,
  0x16, 0x00, 0x17, 0x00, 0x17, 0x00, 0x18, 0x00, 0x18, 0x00, 0x19, 0x00,
  0x19, 0x00, 0x1a, 0x00, 0x1a, 0x00, 0x1b, 0x00, 0x1b, 0x00, 0x1c, 0x00,
  0x1c, 0x00, 0x1c, 0x00, 0x1d, 0x00, 0x1d, 0x00, 0x1e, 0x00, 0x1e, 0x00,
  0x1f, 0x00, 0x1f, 0x00, 0x20, 0x00, 0x20, 0x00, 0x21, 0x00, 0x21, 0x00,
  0x21, 0x00, 0x22, 0x00, 0x22, 0x00, 0x23, 0x00, 0x23, 0x00, 0x24, 0x00,
  0x24, 0x00, 0x25, 0x00, 0x25, 0x00, 0x26, 0x00, 0x26, 0x00, 0x27, 0x00,
  0x27, 0x00, 0x27, 0x00, 0x28, 0x00, 0x28, 0x00, 0x29, 0x00, 0x29, 0x00,
  0x2a, 0x00, 0x2a, 0x00, 0x2b, 0x00, 0x2b, 0x00, 0x2c, 0x00, 0x2c, 0x00,
  0x2d, 0x00, 0x2d, 0x00, 0x2d, 0x00, 0x2e, 0x00, 0x2e, 0x00, 0x2f, 0x00,
  0x2f, 0x00, 0x30, 0x00, 0x30, 0x00, 0x31, 0x00, 0x31, 0x00, 0x32, 0x00,
  0x32, 0x00, 0x32, 0x00, 0x33, 0x00, 0x33, 0x00, 0x34, 0x00, 0x34, 0x00,
  0x35, 0x00, 0x35, 0x00, 0x36, 0x00, 0x36, 0x00, 0x37, 0x00, 0x37, 0x00,
  0x38, 0x00, 0x38, 0x00, 0x38, 0x00, 0x39, 0x00, 0x39, 0x00, 0x3a, 0x00,
  0x3a, 0x00, 0x3b, 0x00, 0x3b, 0x00, 0x3c, 0x00, 0x3c, 0x00, 0x3d, 0x00,
  0x3d, 0x00, 0x3e, 0x00, 0x3e, 0x00, 0x3e, 0x00, 0x3f, 0x00, 0x3f, 0x00,
  0x40, 0x00, 0x40, 0x00, 0x41, 0x00, 0x41, 0x00, 0x42, 0x00, 0x42, 0x00,
  0x43, 0x00, 0x43, 0x00, 0x43, 0x00, 0x44, 0x00, 0x44, 0x00, 0x45, 0x00,
  0x45, 0x00, 0x46, 0x00, 0x46, 0x00, 0x47, 0x00, 0x47, 0x00, 0x48, 0x00,
  0x48, 0x00, 0x49, 0x00, 0x49, 0x00, 0x49, 0x00, 0x4a, 0x00, 0x4a, 0x00,
  0x4b, 0x00, 0x4b, 0x00, 0x4c, 0x00, 0x4c, 0x00, 0x4d, 0x00, 0x4d, 0x00,
  0x4e, 0x00, 0x4e, 0x00, 0x4f, 0x00, 0x4f, 0x00, 0x4f, 0x00, 0x50, 0x00,
  0x50, 0x00, 0x51, 0x00, 0x51, 0x00, 0x52, 0x00, 0x52, 0x00, 0x53, 0x00,
  0x53, 0x00, 0x54, 0x00, 0x54, 0x00, 0x54, 0x00, 0x55, 0x00, 0x55, 0x00,
  0x56, 0x00, 0x56, 0x00, 0x57, 0x00, 0x57, 0x00, 0x58, 0x00, 0x58, 0x00,
  0x59, 0x00, 0x59, 0x00, 0x5a, 0x00, 0x5a, 0x00, 0x5a, 0x00, 0x5b, 0x00,
  0x5b, 0x00, 0x5c, 0x00, 0x5c, 0x00, 0x5d, 0x00, 0x5d, 0x00, 0x5e, 0x00,
  0x5e, 0x00, 0x5f, 0x00, 0x5f, 0x00, 0x60, 0x00, 0x60, 0x00, 0x60, 0x00,
  0x61, 0x00, 0x61, 0x00, 0x62, 0x00, 0x62, 0x00, 0x63, 0x00, 0x63, 0x00,
  0x64, 0x00, 0x64, 0x00, 0x65, 0x00, 0x65, 0x00, 0x65, 0x00, 0x66, 0x00,
  0x66, 0x00, 0x67, 0x00, 0x67, 0x00, 0x68, 0x00, 0x68, 0x00, 0x69, 0x00,
  0x69, 0x00, 0x6a, 0x00, 0x6a, 0x00, 0x6b, 0x00, 0x6b, 0x00, 0x6b, 0x00,
  0x6c, 0x00, 0x6c, 0x00, 0x6d, 0x00, 0x6d, 0x00, 0x6e, 0x00, 0x6e, 0x00,
  0x6f, 0x00, 0x6f, 0x00, 0x70, 0x00, 0x70, 0x00, 0x71, 0x00, 0x71, 0x00,
  0x71, 0x00, 0x72, 0x00, 0x72, 0x00, 0x73, 0x00, 0x73, 0x00, 0x74, 0x00,
  0x74, 0x00, 0x75, 0x00, 0x75, 0x00, 0x76, 0x00, 0x76, 0x00, 0x76, 0x00,
  0x77, 0x00, 0x77, 0x00, 0x78, 0x00, 0x78, 0x00, 0x79, 0x00, 0x79, 0x00,
  0x7a, 0x00, 0x7a, 0x00, 0x7b, 0x00, 0x7b, 0x00, 0x7c, 0x00, 0x7c, 0x00,
  0x7c, 0x00, 0x7d, 0x00, 0x7d, 0x00, 0x7e, 0x00, 0x7e, 0x00, 0x7f, 0x00,
  0x7f, 0x00, 0x80, 0x00, 0x80, 0x00, 0x81, 0x00, 0x81, 0x00, 0x82, 0x00,
  0x82, 0x00, 0x82, 0x00, 0x83, 0x00, 0x83, 0x00, 0x84, 0x00, 0x84, 0x00,
  0x85, 0x00, 0x85, 0x00, 0x86, 0x00, 0x86, 0x00, 0x87, 0x00, 0x87, 0x00,
  0x87, 0x00, 0x88, 0x00, 0x88, 0x00, 0x89, 0x00, 0x89, 0x00, 0x8a, 0x00,
  0x8a, 0x00, 0x8b, 0x00, 0x8b, 0x00, 0x8c, 0x00, 0x8c, 0x00, 0x8d, 0x00,
  0x8d, 0x00, 0x8d, 0x00, 0x8e, 0x00, 0x8e, 0x00, 0x8f, 0x00, 0x8f, 0x00,
  0x90, 0x00, 0x90, 0x00, 0x91, 0x00, 0x91, 0x00, 0x92, 0x00, 0x92, 0x00,
  0x93, 0x00, 0x93, 0x00, 0x93, 0x00, 0x94, 0x00, 0x94, 0x00, 0x95, 0x00,
  0x95, 0x00, 0x96, 0x00, 0x96, 0x00, 0x97, 0x00, 0x97, 0x00, 0x98, 0x00,
  0x98, 0x00, 0x98, 0x00, 0x99, 0x00, 0x99, 0x00, 0x9a, 0x00, 0x9a, 0x00,
  0x9b, 0x00, 0x9b, 0x00, 0x9c, 0x00, 0x9c, 0x00, 0x9d, 0x00, 0x9d, 0x00,
  0x9e, 0x00, 0x9e, 0x00, 0x9e, 0x00, 0x9f, 0x00, 0x9f, 0x00, 0xa0, 0x00,
  0xa0, 0x00, 0xa1, 0x00, 0xa1, 0x00, 0xa2, 0x00, 0xa2, 0x00, 0xa3, 0x00,
  0xa3, 0x00, 0xa3, 0x00, 0xa4, 0x00, 0xa4, 0x00, 0xa5, 0x00, 0xa5, 0x00,
  0xa6, 0x00, 0xa6, 0x00, 0xa7, 0x00, 0xa7, 0x00, 0xa8, 0x00, 0xa8, 0x00,
  0xa9, 0x00, 0xa9, 0x00, 0xa9, 0x00, 0xaa, 0x00, 0xaa, 0x00, 0xab, 0x00,
  0xab, 0x00, 0xac, 0x00, 0xac, 0x00, 0xad, 0x00, 0xad, 0x00, 0xae, 0x00,
  0xae, 0x00, 0xaf, 0x00, 0xaf, 0x00, 0xaf, 0x00, 0xb0, 0x00, 0xb0, 0x00,
  0xb1, 0x00, 0xb1, 0x00, 0xb2, 0x00, 0xb2, 0x00, 0xb3, 0x00, 0xb3, 0x00,
  0xb4, 0x00, 0xb4, 0x00, 0xb4, 0x00, 0xb5, 0x00, 0xb5, 0x00, 0xb6, 0x00,
  0xb6, 0x00, 0xb7, 0x00, 0xb7, 0x00, 0xb8, 0x00, 0xb8, 0x00, 0xb9, 0x00,
  0xb9, 0x00, 0xba, 0x00, 0xba, 0x00, 0xba, 0x00, 0xbb, 0x00, 0xbb, 0x00,
  0xbc, 0x00, 0xbc, 0x00, 0xbd, 0x00, 0xbd, 0x00, 0xbe, 0x00, 0xbe, 0x00,
  0xbf, 0x00, 0xbf, 0x00, 0xc0, 0x00, 0xc0, 0x00, 0xc0, 0x00, 0xc1, 0x00,
  0xc1, 0x00, 0xc2, 0x00, 0xc2, 0x00, 0xc3, 0x00, 0xc3, 0x00, 0xc4, 0x00,
  0xc4, 0x00, 0xc5, 0x00, 0xc5, 0x00, 0xc5, 0x00, 0xc6, 0x00, 0xc6, 0x00,
  0xc7, 0x00, 0xc7, 0x00, 0xc8, 0x00, 0xc8, 0x00, 0xc9, 0x00, 0xc9, 0x00,
  0xca, 0x00, 0xca, 0x00, 0xcb, 0x00, 0xcb, 0x00, 0xcb, 0x00, 0xcc, 0x00,
  0xcc, 0x00, 0xcd, 0x00, 0xcd, 0x00, 0xce, 0x00, 0xce, 0x00, 0xcf, 0x00,
  0xcf, 0x00, 0xd0, 0x00, 0xd0, 0x00, 0xd1, 0x00, 0xd1, 0x00, 0xd1, 0x00,
  0xd2, 0x00, 0xd2, 0x00, 0xd3, 0x00, 0xd3, 0x00, 0xd4, 0x00, 0xd4, 0x00,
  0xd5, 0x00, 0xd5, 0x00, 0xd6, 0x00, 0xd6, 0x00, 0xd6, 0x00, 0xd7, 0x00,
  0xd7, 0x00, 0xd8, 0x00, 0xd8, 0x00, 0xd9, 0x00, 0xd9, 0x00, 0xda, 0x00,
  0xda, 0x00, 0xdb, 0x00, 0xdb, 0x00, 0xdc, 0x00, 0xdc, 0x00, 0xdc, 0x00,
  0xdd, 0x00, 0xdd, 0x00, 0xde, 0x00, 0xde, 0x00, 0xdf, 0x00, 0xdf, 0x00,
  0xe0, 0x00, 0xe0, 0x00, 0xe1, 0x00, 0xe1, 0x00, 0xe2, 0x00, 0xe2, 0x00,
  0xe2, 0x00, 0xe3, 0x00, 0xe3, 0x00, 0xe4, 0x00, 0xe4, 0x00, 0xe5, 0x00,
  0xe5, 0x00, 0xe6, 0x00, 0xe6, 0x00, 0xe7, 0x00, 0xe7, 0x00, 0xe7, 0x00,
  0xe8, 0x00, 0xe8, 0x00, 0xe9, 0x00, 0xe9, 0x00, 0xea, 0x00, 0xea, 0x00,
  0x00, 0x00, 0x00, 0x00, 0x00, 0x00, 0x00, 0x00, 0x00, 0x00, 0x01, 0x00,
  0x01, 0x00, 0x01, 0x00, 0x01, 0x00, 0x02, 0x00, 0x02, 0x00, 0x02, 0x00,
  0x02, 0x00, 0x02, 0x00, 0x03, 0x00, 0x03, 0x00, 0x03, 0x00, 0x03, 0x00,
  0x04, 0x00, 0x04, 0x00, 0x04, 0x00, 0x04, 0x00, 0x05, 0x00, 0x05, 0x00,
  0x05, 0x00, 0x05, 0x00, 0x05, 0x00, 0x06, 0x00, 0x06, 0x00, 0x06, 0x00,
  0x06, 0x00, 0x07, 0x00, 0x07, 0x00, 0x07, 0x00, 0x07, 0x00, 0x08, 0x00,
  0x08, 0x00, 0x08, 0x00, 0x08, 0x00, 0x08, 0x00, 0x09, 0x00, 0x09, 0x00,
  0x09, 0x00, 0x09, 0x00, 0x0a, 0x00, 0x0a, 0x00, 0x0a, 0x00, 0x0a, 0x00,
  0x0b, 0x00, 0x0b, 0x00, 0x0b, 0x00, 0x0b, 0x00, 0x0b, 0x00, 0x0c, 0x00,
  0x0c, 0x00, 0x0c, 0x00, 0x0c, 0x00, 0x0d, 0x00, 0x0d, 0x00, 0x0d, 0x00,
  0x0d, 0x00, 0x0e, 0x00, 0x0e, 0x00, 0x0e, 0x00, 0x0e, 0x00, 0x0e, 0x00,
  0x0f, 0x00, 0x0f, 0x00, 0x0f, 0x00, 0x0f, 0x00, 0x10, 0x00, 0x10, 0x00,
  0x10, 0x00, 0x10, 0x00, 0x10, 0x00, 0x11, 0x00, 0x11, 0x00, 0x11, 0x00,
  0x11, 0x00, 0x12, 0x00, 0x12, 0x00, 0x12, 0x00, 0x12, 0x00, 0x13, 0x00,
  0x13, 0x00, 0x13, 0x00, 0x13, 0x00, 0x13, 0x00, 0x14, 0x00, 0x14, 0x00,
  0x14, 0x00, 0x14, 0x00, 0x15, 0x00, 0x15, 0x00, 0x15, 0x00, 0x15, 0x00,
  0x16, 0x00, 0x16, 0x00, 0x16, 0x00, 0x16, 0x00, 0x16, 0x00, 0x17, 0x00,
  0x17, 0x00, 0x17, 0x00, 0x17, 0x00, 0x18, 0x00, 0x18, 0x00, 0x18, 0x00,
  0x18, 0x00, 0x19, 0x00, 0x19, 0x00, 0x19, 0x00, 0x19, 0x00, 0x19, 0x00,
  0x1a, 0x00, 0x1a, 0x00, 0x1a, 0x00, 0x1a, 0x00, 0x1b, 0x00, 0x1b, 0x00,
  0x1b, 0x00, 0x1b, 0x00, 0x1c, 0x00, 0x1c, 0x00, 0x1c, 0x00, 0x1c, 0x00,
  0x1c, 0x00, 0x1d, 0x00, 0x1d, 0x00, 0x1d, 0x00, 0x1d, 0x00, 0x1e, 0x00,
  0x1e, 0x00, 0x1e, 0x00, 0x1e, 0x00, 0x1f, 0x00, 0x1f, 0x00, 0x1f, 0x00,
  0x1f, 0x00, 0x1f, 0x00, 0x20, 0x00, 0x20, 0x00, 0x20, 0x00, 0x20, 0x00,
  0x21, 0x00, 0x21, 0x00, 0x21, 0x00, 0x21, 0x00, 0x21, 0x00, 0x22, 0x00,
  0x22, 0x00, 0x22, 0x00, 0x22, 0x00, 0x23, 0x00, 0x23, 0x00, 0x23, 0x00,
  0x23, 0x00, 0x24, 0x00, 0x24, 0x00, 0x24, 0x00, 0x24, 0x00, 0x24, 0x00,
  0x25, 0x00, 0x25, 0x00, 0x25, 0x00, 0x25, 0x00, 0x26, 0x00, 0x26, 0x00,
  0x26, 0x00, 0x26, 0x00, 0x27, 0x00, 0x27, 0x00, 0x27, 0x00, 0x27, 0x00,
  0x27, 0x00, 0x28, 0x00, 0x28, 0x00, 0x28, 0x00, 0x28, 0x00, 0x29, 0x00,
  0x29, 0x00, 0x29, 0x00, 0x29, 0x00, 0x2a, 0x00, 0x2a, 0x00, 0x2a, 0x00,
  0x2a, 0x00, 0x2a, 0x00, 0x2b, 0x00, 0x2b, 0x00, 0x2b, 0x00, 0x2b, 0x00,
  0x2c, 0x00, 0x2c, 0x00, 0x2c, 0x00, 0x2c, 0x00, 0x2d, 0x00, 0x2d, 0x00,
  0x2d, 0x00, 0x2d, 0x00, 0x2d, 0x00, 0x2e, 0x00, 0x2e, 0x00, 0x2e, 0x00,
  0x2e, 0x00, 0x2f, 0x00, 0x2f, 0x00, 0x2f, 0x00, 0x2f, 0x00, 0x30, 0x00,
  0x30, 0x00, 0x30, 0x00, 0x30, 0x00, 0x30, 0x00, 0x31, 0x00, 0x31, 0x00,
  0x31, 0x00, 0x31, 0x00, 0x32, 0x00, 0x32, 0x00, 0x32, 0x00, 0x32, 0x00,
  0x32, 0x00, 0x33, 0x00, 0x33, 0x00, 0x33, 0x00, 0x33, 0x00, 0x34, 0x00,
  0x34, 0x00, 0x34, 0x00, 0x34, 0x00, 0x35, 0x00, 0x35, 0x00, 0x35, 0x00,
  0x35, 0x00, 0x35, 0x00, 0x36, 0x00, 0x36, 0x00, 0x36, 0x00, 0x36, 0x00,
  0x37, 0x00, 0x37, 0x00, 0x37, 0x00, 0x37, 0x00, 0x38, 0x00, 0x38, 0x00,
  0x38, 0x00, 0x38, 0x00, 0x38, 0x00, 0x39, 0x00, 0x39, 0x00, 0x39, 0x00,
  0x39, 0x00, 0x3a, 0x00, 0x3a, 0x00, 0x3a, 0x00, 0x3a, 0x00, 0x3b, 0x00,
  0x3b, 0x00, 0x3b, 0x00, 0x3b, 0x00, 0x3b, 0x00, 0x3c, 0x00, 0x3c, 0x00,
  0x3c, 0x00, 0x3c, 0x00, 0x3d, 0x00, 0x3d, 0x00, 0x3d, 0x00, 0x3d, 0x00,
  0x3e, 0x00, 0x3e, 0x00, 0x3e, 0x00, 0x3e, 0x00, 0x3e, 0x00, 0x3f, 0x00,
  0x3f, 0x00, 0x3f, 0x00, 0x3f, 0x00, 0x40, 0x00, 0x40, 0x00, 0x40, 0x00,
  0x40, 0x00, 0x41, 0x00, 0x41, 0x00, 0x41, 0x00, 0x41, 0x00, 0x41, 0x00,
  0x42, 0x00, 0x42, 0x00, 0x42, 0x00, 0x42, 0x00, 0x43, 0x00, 0x43, 0x00,
  0x43, 0x00, 0x43, 0x00, 0x43, 0x00, 0x44, 0x00, 0x44, 0x00, 0x44, 0x00,
  0x44, 0x00, 0x45, 0x00, 0x45, 0x00, 0x45, 0x00, 0x45, 0x00, 0x46, 0x00,
  0x46, 0x00, 0x46, 0x00, 0x46, 0x00, 0x46, 0x00, 0x47, 0x00, 0x47, 0x00,
  0x47, 0x00, 0x47, 0x00, 0x48, 0x00, 0x48, 0x00, 0x48, 0x00, 0x48, 0x00,
  0x49, 0x00, 0x49, 0x00, 0x49, 0x00, 0x49, 0x00, 0x49, 0x00, 0x4a, 0x00,
  0x4a, 0x00, 0x4a, 0x00, 0x4a, 0x00, 0x4b, 0x00, 0x4b, 0x00, 0x4b, 0x00,
  0x4b, 0x00, 0x4c, 0x00, 0x4c, 0x00, 0x4c, 0x00, 0x4c, 0x00, 0x4c, 0x00,
  0x4d, 0x00, 0x4d, 0x00, 0x4d, 0x00, 0x4d, 0x00, 0x4e, 0x00, 0x4e, 0x00,
  0x4e, 0x00, 0x4e, 0x00, 0x4f, 0x00, 0x4f, 0x00, 0x4f, 0x00, 0x4f, 0x00,
  0x4f, 0x00, 0x50, 0x00, 0x50, 0x00, 0x50, 0x00, 0x50, 0x00, 0x51, 0x00,
  0x51, 0x00, 0x51, 0x00, 0x51, 0x00, 0x51, 0x00, 0x52, 0x00, 0x52, 0x00,
  0x52, 0x00, 0x52, 0x00, 0x53, 0x00, 0x53, 0x00, 0x53, 0x00, 0x53, 0x00,
  0x54, 0x00, 0x54, 0x00, 0x54, 0x00, 0x54, 0x00, 0x54, 0x00, 0x55, 0x00,
  0x55, 0x00, 0x55, 0x00, 0x55, 0x00, 0x56, 0x00, 0x56, 0x00, 0x56, 0x00,
  0x56, 0x00, 0x57, 0x00, 0x57, 0x00, 0x57, 0x00, 0x57, 0x00, 0x57, 0x00,
  0x58, 0x00, 0x58, 0x00, 0x58, 0x00, 0x58, 0x00, 0x59, 0x00, 0x59, 0x00,
  0x59, 0x00, 0x59, 0x00, 0x5a, 0x00, 0x5a, 0x00, 0x5a, 0x00, 0x5a, 0x00,
  0x5a, 0x00, 0x5b, 0x00, 0x5b, 0x00, 0x5b, 0x00, 0x5b, 0x00, 0x5c, 0x00,
  0x5c, 0x00, 0x5c, 0x00, 0x5c, 0x00, 0x5d, 0x00, 0x5d, 0x00, 0x5d, 0x00,
  0x5d, 0x00, 0x5d, 0x00, 0x5e, 0x00, 0x5e, 0x00, 0x5e, 0x00, 0x5e, 0x00,
  0x5f, 0x00, 0x5f, 0x00, 0x5f, 0x00, 0x5f, 0x00, 0x60, 0x00, 0x60, 0x00,
  0x60, 0x00, 0x60, 0x00, 0x60, 0x00, 0x61, 0x00, 0x61, 0x00, 0x61, 0x00,
  0x61, 0x00, 0x62, 0x00, 0x62, 0x00, 0x62, 0x00, 0x62, 0x00, 0x62, 0x00,
  0x63, 0x00, 0x63, 0x00, 0x63, 0x00, 0x63, 0x00, 0x64, 0x00, 0x64, 0x00,
  0x64, 0x00, 0x64, 0x00, 0x65, 0x00, 0x65, 0x00, 0x65, 0x00, 0x65, 0x00,
  0x65, 0x00, 0x66, 0x00, 0x66, 0x00, 0x66, 0x00, 0x66, 0x00, 0x67, 0x00,
  0x67, 0x00, 0x67, 0x00, 0x67, 0x00, 0x68, 0x00, 0x68, 0x00, 0x68, 0x00,
  0x68, 0x00, 0x68, 0x00, 0x69, 0x00, 0x69, 0x00, 0x69, 0x00, 0x69, 0x00,
  0x6a, 0x00, 0x6a, 0x00, 0x6a, 0x00, 0x6a, 0x00, 0x6b, 0x00, 0x6b, 0x00,
  0x6b, 0x00, 0x6b, 0x00, 0x6b, 0x00, 0x6c, 0x00, 0x6c, 0x00, 0x6c, 0x00,
  0x6c, 0x00, 0x6d, 0x00, 0x6d, 0x00, 0x6d, 0x00, 0x6d, 0x00, 0x6e, 0x00,
  0x6e, 0x00, 0x6e, 0x00, 0x6e, 0x00, 0x6e, 0x00, 0x6f, 0x00, 0x6f, 0x00,
  0x6f, 0x00, 0x6f, 0x00, 0x70, 0x00, 0x70, 0x00, 0x70, 0x00, 0x70, 0x00,
  0x71, 0x00, 0x71, 0x00, 0x71, 0x00, 0x71, 0x00, 0x71, 0x00, 0x72, 0x00,
  0x72, 0x00, 0x72, 0x00, 0x72, 0x00, 0x73, 0x00, 0x73, 0x00, 0x73, 0x00,
  0x73, 0x00, 0x73, 0x00, 0x74, 0x00, 0x74, 0x00, 0x74, 0x00, 0x74, 0x00,
  0x75, 0x00, 0x75, 0x00, 0x50, 0x0f, 0x00, 0x00, 0x00, 0x10, 0x00, 0x00,
  0x7c, 0x0f, 0x00, 0x00, 0x98, 0x0f, 0x00, 0x00, 0xc8, 0x0f, 0x00, 0x00,
  0xb4, 0x0f, 0x00, 0x00, 0xdc, 0x0f, 0x00, 0x00, 0xec, 0x0f, 0x00, 0x00,
  0x54, 0x10, 0x00, 0x00, 0x10, 0x10, 0x00, 0x00, 0x24, 0x10, 0x00, 0x00,
  0x34, 0x10, 0x00, 0x00, 0x44, 0x10, 0x00, 0x00, 0x68, 0x10, 0x00, 0x00,
  0x78, 0x10, 0x00, 0x00, 0x90, 0x11, 0x00, 0x00, 0x90, 0x11, 0x00, 0x00,
  0xc4, 0x10, 0x00, 0x00, 0xd4, 0x10, 0x00, 0x00, 0x8c, 0x10, 0x00, 0x00,
  0xa4, 0x10, 0x00, 0x00, 0xb4, 0x10, 0x00, 0x00, 0xe4, 0x10, 0x00, 0x00,
  0xf4, 0x10, 0x00, 0x00, 0x10, 0x11, 0x00, 0x00, 0x54, 0x11, 0x00, 0x00,
  0x70, 0x11, 0x00, 0x00, 0x80, 0x11, 0x00, 0x00, 0x40, 0x11, 0x00, 0x00,
  0x28, 0x11, 0x00, 0x00, 0x00, 0x00, 0x00, 0x00, 0x00, 0x00, 0x00, 0x00,
  0x67, 0x72, 0x65, 0x65, 0x74, 0x69, 0x6e, 0x67, 0x73, 0x20, 0x66, 0x72,
  0x6f, 0x6d, 0x20, 0x76, 0x65, 0x72, 0x73, 0x69, 0x6f, 0x6e, 0x20, 0x30,
  0x2e, 0x39, 0x33, 0x20, 0x21, 0x0a, 0x00, 0x00, 0x61, 0x75, 0x64, 0x73,
  0x72, 0x76, 0x00, 0x00, 0x00, 0x00, 0x00, 0x00, 0x00, 0x00, 0x00, 0x00,
  0x0a, 0x00, 0x00, 0x00, 0x25, 0x30, 0x32, 0x78, 0x20, 0x00, 0x00, 0x00,
  0x00, 0x00, 0x00, 0x00, 0x69, 0x6e, 0x69, 0x74, 0x69, 0x61, 0x6c, 0x69,
  0x7a, 0x69, 0x6e, 0x67, 0x20, 0x63, 0x64, 0x64, 0x61, 0x0a, 0x00, 0x00,
  0x54, 0x72, 0x61, 0x79, 0x52, 0x65, 0x71, 0x20, 0x72, 0x65, 0x74, 0x75,
  0x72, 0x6e, 0x65, 0x64, 0x20, 0x25, 0x64, 0x0a, 0x00, 0x00, 0x00, 0x00,
  0x63, 0x64, 0x64, 0x61, 0x20, 0x74, 0x68, 0x72, 0x65, 0x61, 0x64, 0x20,
  0x30, 0x78, 0x25, 0x78, 0x20, 0x73, 0x74, 0x61, 0x72, 0x74, 0x65, 0x64,
  0x0a, 0x00, 0x00, 0x00, 0x72, 0x65, 0x71, 0x75, 0x65, 0x73, 0x74, 0x20,
  0x74, 0x6f, 0x20, 0x70, 0x6c, 0x61, 0x79, 0x20, 0x74, 0x72, 0x61, 0x63,
  0x6b, 0x20, 0x25, 0x64, 0x0a, 0x00, 0x00, 0x00, 0x63, 0x64, 0x64, 0x61,
  0x5f, 0x70, 0x72, 0x6f, 0x63, 0x65, 0x64, 0x75, 0x72, 0x65, 0x20, 0x73,
  0x74, 0x61, 0x72, 0x74, 0x65, 0x64, 0x20, 0x77, 0x69, 0x74, 0x68, 0x20,
  0x25, 0x64, 0x2c, 0x20, 0x25, 0x64, 0x0a, 0x00, 0x70, 0x6c, 0x61, 0x79,
  0x69, 0x6e, 0x67, 0x20, 0x73, 0x65, 0x63, 0x74, 0x6f, 0x72, 0x73, 0x20,
  0x25, 0x64, 0x20, 0x2d, 0x20, 0x25, 0x64, 0x20, 0x28, 0x25, 0x64, 0x20,
  0x73, 0x65, 0x63, 0x74, 0x6f, 0x72, 0x73, 0x29, 0x0a, 0x00, 0x00, 0x00,
  0x66, 0x69, 0x6c, 0x6c, 0x69, 0x6e, 0x67, 0x20, 0x62, 0x75, 0x66, 0x66,
  0x65, 0x72, 0x20, 0x77, 0x69, 0x74, 0x68, 0x20, 0x6e, 0x73, 0x65, 0x63,
  0x74, 0x6f, 0x72, 0x73, 0x20, 0x25, 0x64, 0x2e, 0x2e, 0x0a, 0x00, 0x00,
  0x66, 0x61, 0x69, 0x6c, 0x65, 0x64, 0x20, 0x74, 0x6f, 0x20, 0x72, 0x65,
  0x61, 0x64, 0x20, 0x25, 0x64, 0x20, 0x73, 0x65, 0x63, 0x74, 0x6f, 0x72,
  0x73, 0x2e, 0x2e, 0x0a, 0x00, 0x00, 0x00, 0x00, 0x73, 0x65, 0x63, 0x74,
  0x6f, 0x72, 0x73, 0x20, 0x72, 0x65, 0x61, 0x64, 0x2e, 0x2e, 0x20, 0x6e,
  0x6f, 0x77, 0x20, 0x73, 0x65, 0x74, 0x74, 0x69, 0x6e, 0x67, 0x20, 0x63,
  0x61, 0x6c, 0x6c, 0x62, 0x61, 0x63, 0x6b, 0x73, 0x0a, 0x00, 0x00, 0x00,
  0x63, 0x61, 0x6c, 0x6c, 0x62, 0x61, 0x63, 0x6b, 0x73, 0x20, 0x6b, 0x69,
  0x63, 0x6b, 0x65, 0x64, 0x2c, 0x20, 0x73, 0x74, 0x61, 0x72, 0x74, 0x69,
  0x6e, 0x67, 0x20, 0x6c, 0x6f, 0x6f, 0x70, 0x0a, 0x00, 0x00, 0x00, 0x00,
  0x66, 0x61, 0x69, 0x6c, 0x65, 0x64, 0x20, 0x74, 0x6f, 0x20, 0x72, 0x65,
  0x61, 0x64, 0x20, 0x31, 0x20, 0x73, 0x65, 0x63, 0x74, 0x6f, 0x72, 0x0a,
  0x00, 0x00, 0x00, 0x00, 0x00, 0x00, 0x00, 0x00, 0x61, 0x75, 0x64, 0x73,
  0x72, 0x76, 0x5f, 0x61, 0x64, 0x70, 0x63, 0x6d, 0x5f, 0x69, 0x6e, 0x69,
  0x74, 0x28, 0x29, 0x0a, 0x00, 0x00, 0x00, 0x00, 0x00, 0x00, 0x00, 0x00,
  0x00, 0x00, 0x00, 0x00, 0x00, 0x50, 0x00, 0x00, 0xff, 0x3f, 0x00, 0x00,
  0xe0, 0x36, 0x00, 0x00, 0x04, 0x01, 0x00, 0x00, 0x11, 0x2b, 0x00, 0x00,
  0x08, 0x00, 0x00, 0x00, 0x01, 0x00, 0x00, 0x00, 0x34, 0x0b, 0x00, 0x00,
  0x11, 0x2b, 0x00, 0x00, 0x08, 0x00, 0x00, 0x00, 0x02, 0x00, 0x00, 0x00,
  0x50, 0x0d, 0x00, 0x00, 0x11, 0x2b, 0x00, 0x00, 0x10, 0x00, 0x00, 0x00,
  0x01, 0x00, 0x00, 0x00, 0x5c, 0x0b, 0x00, 0x00, 0x11, 0x2b, 0x00, 0x00,
  0x10, 0x00, 0x00, 0x00, 0x02, 0x00, 0x00, 0x00, 0x84, 0x0b, 0x00, 0x00,
  0xe0, 0x2e, 0x00, 0x00, 0x10, 0x00, 0x00, 0x00, 0x02, 0x00, 0x00, 0x00,
  0x80, 0x09, 0x00, 0x00, 0x22, 0x56, 0x00, 0x00, 0x08, 0x00, 0x00, 0x00,
  0x01, 0x00, 0x00, 0x00, 0xac, 0x0b, 0x00, 0x00, 0x22, 0x56, 0x00, 0x00,
  0x10, 0x00, 0x00, 0x00, 0x01, 0x00, 0x00, 0x00, 0xd4, 0x0b, 0x00, 0x00,
  0x22, 0x56, 0x00, 0x00, 0x10, 0x00, 0x00, 0x00, 0x02, 0x00, 0x00, 0x00,
  0xfc, 0x0b, 0x00, 0x00, 0xc0, 0x5d, 0x00, 0x00, 0x10, 0x00, 0x00, 0x00,
  0x02, 0x00, 0x00, 0x00, 0xf8, 0x09, 0x00, 0x00, 0x00, 0x7d, 0x00, 0x00,
  0x08, 0x00, 0x00, 0x00, 0x01, 0x00, 0x00, 0x00, 0x24, 0x0c, 0x00, 0x00,
  0x00, 0x7d, 0x00, 0x00, 0x10, 0x00, 0x00, 0x00, 0x01, 0x00, 0x00, 0x00,
  0x4c, 0x0c, 0x00, 0x00, 0x00, 0x7d, 0x00, 0x00, 0x10, 0x00, 0x00, 0x00,
  0x02, 0x00, 0x00, 0x00, 0x74, 0x0c, 0x00, 0x00, 0x44, 0xac, 0x00, 0x00,
  0x08, 0x00, 0x00, 0x00, 0x01, 0x00, 0x00, 0x00, 0x9c, 0x0c, 0x00, 0x00,
  0x44, 0xac, 0x00, 0x00, 0x10, 0x00, 0x00, 0x00, 0x01, 0x00, 0x00, 0x00,
  0xc4, 0x0c, 0x00, 0x00, 0x44, 0xac, 0x00, 0x00, 0x10, 0x00, 0x00, 0x00,
  0x02, 0x00, 0x00, 0x00, 0xec, 0x0c, 0x00, 0x00, 0x80, 0xbb, 0x00, 0x00,
  0x10, 0x00, 0x00, 0x00, 0x01, 0x00, 0x00, 0x00, 0x14, 0x0d, 0x00, 0x00,
  0x80, 0xbb, 0x00, 0x00, 0x10, 0x00, 0x00, 0x00, 0x02, 0x00, 0x00, 0x00,
  0xc0, 0x0d, 0x00, 0x00, 0x00, 0x00, 0x00, 0x00, 0x00, 0x00, 0x00, 0x00,
  0x00, 0x00, 0x00, 0x00, 0x00, 0x00, 0x00, 0x00, 0xff, 0xff, 0xff, 0xff,
  0xff, 0xff, 0xff, 0xff, 0x00, 0x00, 0x00, 0x00, 0x00, 0x00, 0x00, 0x00,
  0x00, 0x2e, 0x69, 0x6f, 0x70, 0x6d, 0x6f, 0x64, 0x00, 0x2e, 0x74, 0x65,
  0x78, 0x74, 0x00, 0x2e, 0x72, 0x65, 0x6c, 0x2e, 0x74, 0x65, 0x78, 0x74,
  0x00, 0x2e, 0x72, 0x6f, 0x64, 0x61, 0x74, 0x61, 0x00, 0x2e, 0x72, 0x65,
  0x6c, 0x2e, 0x72, 0x6f, 0x64, 0x61, 0x74, 0x61, 0x00, 0x2e, 0x64, 0x61,
  0x74, 0x61, 0x00, 0x2e, 0x72, 0x65, 0x6c, 0x2e, 0x64, 0x61, 0x74, 0x61,
  0x00, 0x2e, 0x62, 0x73, 0x73, 0x00, 0x2e, 0x73, 0x68, 0x73, 0x74, 0x72,
  0x74, 0x61, 0x62, 0x00, 0x2e, 0x73, 0x79, 0x6d, 0x74, 0x61, 0x62, 0x00,
  0x2e, 0x73, 0x74, 0x72, 0x74, 0x61, 0x62, 0x00, 0x00, 0x00, 0x00, 0x00,
  0x00, 0x00, 0x00, 0x00, 0x00, 0x00, 0x00, 0x00, 0x00, 0x00, 0x00, 0x00,
  0x00, 0x00, 0x00, 0x00, 0x00, 0x00, 0x00, 0x00, 0x00, 0x00, 0x00, 0x00,
  0x00, 0x00, 0x00, 0x00, 0x00, 0x00, 0x00, 0x00, 0x00, 0x00, 0x00, 0x00,
  0x01, 0x00, 0x00, 0x00, 0x80, 0x00, 0x00, 0x70, 0x00, 0x00, 0x00, 0x00,
  0x00, 0x00, 0x00, 0x00, 0x74, 0x00, 0x00, 0x00, 0x1b, 0x00, 0x00, 0x00,
  0x00, 0x00, 0x00, 0x00, 0x00, 0x00, 0x00, 0x00, 0x04, 0x00, 0x00, 0x00,
  0x00, 0x00, 0x00, 0x00, 0x09, 0x00, 0x00, 0x00, 0x01, 0x00, 0x00, 0x00,
  0x06, 0x00, 0x00, 0x00, 0x00, 0x00, 0x00, 0x00, 0x90, 0x00, 0x00, 0x00,
  0x38, 0x26, 0x00, 0x00, 0x00, 0x00, 0x00, 0x00, 0x00, 0x00, 0x00, 0x00,
  0x10, 0x00, 0x00, 0x00, 0x00, 0x00, 0x00, 0x00, 0x0f, 0x00, 0x00, 0x00,
  0x09, 0x00, 0x00, 0x00, 0x40, 0x00, 0x00, 0x00, 0x00, 0x00, 0x00, 0x00,
  0x8c, 0x3c, 0x00, 0x00, 0xa0, 0x0d, 0x00, 0x00, 0x0a, 0x00, 0x00, 0x00,
  0x02, 0x00, 0x00, 0x00, 0x04, 0x00, 0x00, 0x00, 0x08, 0x00, 0x00, 0x00,
  0x19, 0x00, 0x00, 0x00, 0x01, 0x00, 0x00, 0x00, 0x02, 0x00, 0x00, 0x00,
  0x40, 0x26, 0x00, 0x00, 0xd0, 0x26, 0x00, 0x00, 0x35, 0x12, 0x00, 0x00,
  0x00, 0x00, 0x00, 0x00, 0x00, 0x00, 0x00, 0x00, 0x10, 0x00, 0x00, 0x00,
  0x00, 0x00, 0x00, 0x00, 0x21, 0x00, 0x00, 0x00, 0x09, 0x00, 0x00, 0x00,
  0x40, 0x00, 0x00, 0x00, 0x00, 0x00, 0x00, 0x00, 0x2c, 0x4a, 0x00, 0x00,
  0xf0, 0x00, 0x00, 0x00, 0x0a, 0x00, 0x00, 0x00, 0x04, 0x00, 0x00, 0x00,
  0x04, 0x00, 0x00, 0x00, 0x08, 0x00, 0x00, 0x00, 0x2d, 0x00, 0x00, 0x00,
  0x01, 0x00, 0x00, 0x00, 0x03, 0x00, 0x00, 0x00, 0x80, 0x38, 0x00, 0x00,
  0x10, 0x39, 0x00, 0x00, 0x40, 0x01, 0x00, 0x00, 0x00, 0x00, 0x00, 0x00,
  0x00, 0x00, 0x00, 0x00, 0x10, 0x00, 0x00, 0x00, 0x00, 0x00, 0x00, 0x00,
  0x33, 0x00, 0x00, 0x00, 0x09, 0x00, 0x00, 0x00, 0x40, 0x00, 0x00, 0x00,
  0x00, 0x00, 0x00, 0x00, 0x1c, 0x4b, 0x00, 0x00, 0x90, 0x00, 0x00, 0x00,
  0x0a, 0x00, 0x00, 0x00, 0x06, 0x00, 0x00, 0x00, 0x04, 0x00, 0x00, 0x00,
  0x08, 0x00, 0x00, 0x00, 0x3d, 0x00, 0x00, 0x00, 0x08, 0x00, 0x00, 0x00,
  0x03, 0x00, 0x00, 0x00, 0xc0, 0x39, 0x00, 0x00, 0x50, 0x3a, 0x00, 0x00,
  0xb8, 0x25, 0x01, 0x00, 0x00, 0x00, 0x00, 0x00, 0x00, 0x00, 0x00, 0x00,
  0x10, 0x00, 0x00, 0x00, 0x00, 0x00, 0x00, 0x00, 0x42, 0x00, 0x00, 0x00,
  0x03, 0x00, 0x00, 0x00, 0x00, 0x00, 0x00, 0x00, 0x00, 0x00, 0x00, 0x00,
  0x50, 0x3a, 0x00, 0x00, 0x5c, 0x00, 0x00, 0x00, 0x00, 0x00, 0x00, 0x00,
  0x00, 0x00, 0x00, 0x00, 0x01, 0x00, 0x00, 0x00, 0x00, 0x00, 0x00, 0x00,
  0x4c, 0x00, 0x00, 0x00, 0x02, 0x00, 0x00, 0x00, 0x00, 0x00, 0x00, 0x00,
  0x00, 0x00, 0x00, 0x00, 0xac, 0x4b, 0x00, 0x00, 0x10, 0x00, 0x00, 0x00,
  0x0b, 0x00, 0x00, 0x00, 0x01, 0x00, 0x00, 0x00, 0x04, 0x00, 0x00, 0x00,
  0x10, 0x00, 0x00, 0x00, 0x54, 0x00, 0x00, 0x00, 0x03, 0x00, 0x00, 0x00,
  0x00, 0x00, 0x00, 0x00, 0x00, 0x00, 0x00, 0x00, 0xbc, 0x4b, 0x00, 0x00,
  0x01, 0x00, 0x00, 0x00, 0x00, 0x00, 0x00, 0x00, 0x00, 0x00, 0x00, 0x00,
  0x01, 0x00, 0x00, 0x00, 0x00, 0x00, 0x00, 0x00, 0x14, 0x00, 0x00, 0x00,
  0x02, 0x00, 0x00, 0x00, 0x18, 0x00, 0x00, 0x00, 0x02, 0x00, 0x00, 0x00,
  0x1c, 0x00, 0x00, 0x00, 0x02, 0x00, 0x00, 0x00, 0x20, 0x00, 0x00, 0x00,
  0x02, 0x00, 0x00, 0x00, 0x24, 0x00, 0x00, 0x00, 0x02, 0x00, 0x00, 0x00,
  0x28, 0x00, 0x00, 0x00, 0x02, 0x00, 0x00, 0x00, 0x2c, 0x00, 0x00, 0x00,
  0x02, 0x00, 0x00, 0x00, 0x30, 0x00, 0x00, 0x00, 0x02, 0x00, 0x00, 0x00,
  0x34, 0x00, 0x00, 0x00, 0x02, 0x00, 0x00, 0x00, 0x38, 0x00, 0x00, 0x00,
  0x02, 0x00, 0x00, 0x00, 0x3c, 0x00, 0x00, 0x00, 0x02, 0x00, 0x00, 0x00,
  0x40, 0x00, 0x00, 0x00, 0x02, 0x00, 0x00, 0x00, 0x44, 0x00, 0x00, 0x00,
  0x02, 0x00, 0x00, 0x00, 0x48, 0x00, 0x00, 0x00, 0x02, 0x00, 0x00, 0x00,
  0x4c, 0x00, 0x00, 0x00, 0x02, 0x00, 0x00, 0x00, 0x50, 0x00, 0x00, 0x00,
  0x02, 0x00, 0x00, 0x00, 0x54, 0x00, 0x00, 0x00, 0x02, 0x00, 0x00, 0x00,
  0x58, 0x00, 0x00, 0x00, 0x02, 0x00, 0x00, 0x00, 0x5c, 0x00, 0x00, 0x00,
  0x02, 0x00, 0x00, 0x00, 0x60, 0x00, 0x00, 0x00, 0x02, 0x00, 0x00, 0x00,
  0x64, 0x00, 0x00, 0x00, 0x02, 0x00, 0x00, 0x00, 0x68, 0x00, 0x00, 0x00,
  0x02, 0x00, 0x00, 0x00, 0x6c, 0x00, 0x00, 0x00, 0x02, 0x00, 0x00, 0x00,
  0x70, 0x00, 0x00, 0x00, 0x02, 0x00, 0x00, 0x00, 0x74, 0x00, 0x00, 0x00,
  0x02, 0x00, 0x00, 0x00, 0x78, 0x00, 0x00, 0x00, 0x02, 0x00, 0x00, 0x00,
  0x7c, 0x00, 0x00, 0x00, 0x02, 0x00, 0x00, 0x00, 0x80, 0x00, 0x00, 0x00,
  0x02, 0x00, 0x00, 0x00, 0x84, 0x00, 0x00, 0x00, 0x02, 0x00, 0x00, 0x00,
  0x88, 0x00, 0x00, 0x00, 0x02, 0x00, 0x00, 0x00, 0xd8, 0x00, 0x00, 0x00,
  0x05, 0x00, 0x00, 0x00, 0xdc, 0x00, 0x00, 0x00, 0x06, 0x00, 0x00, 0x00,
  0xec, 0x00, 0x00, 0x00, 0x05, 0x00, 0x00, 0x00, 0xf0, 0x00, 0x00, 0x00,
  0x06, 0x00, 0x00, 0x00, 0x4c, 0x01, 0x00, 0x00, 0x05, 0x00, 0x00, 0x00,
  0x50, 0x01, 0x00, 0x00, 0x06, 0x00, 0x00, 0x00, 0x78, 0x01, 0x00, 0x00,
  0x05, 0x00, 0x00, 0x00, 0x7c, 0x01, 0x00, 0x00, 0x06, 0x00, 0x00, 0x00,
  0x94, 0x01, 0x00, 0x00, 0x05, 0x00, 0x00, 0x00, 0x98, 0x01, 0x00, 0x00,
  0x06, 0x00, 0x00, 0x00, 0x00, 0x02, 0x00, 0x00, 0x05, 0x00, 0x00, 0x00,
  0x04, 0x02, 0x00, 0x00, 0x06, 0x00, 0x00, 0x00, 0x10, 0x02, 0x00, 0x00,
  0x05, 0x00, 0x00, 0x00, 0x14, 0x02, 0x00, 0x00, 0x06, 0x00, 0x00, 0x00,
  0x1c, 0x02, 0x00, 0x00, 0x05, 0x00, 0x00, 0x00, 0x20, 0x02, 0x00, 0x00,
  0x06, 0x00, 0x00, 0x00, 0x34, 0x02, 0x00, 0x00, 0x05, 0x00, 0x00, 0x00,
  0x38, 0x02, 0x00, 0x00, 0x06, 0x00, 0x00, 0x00, 0x3c, 0x02, 0x00, 0x00,
  0x05, 0x00, 0x00, 0x00, 0x40, 0x02, 0x00, 0x00, 0x06, 0x00, 0x00, 0x00,
  0x44, 0x02, 0x00, 0x00, 0x05, 0x00, 0x00, 0x00, 0x48, 0x02, 0x00, 0x00,
  0x06, 0x00, 0x00, 0x00, 0x4c, 0x02, 0x00, 0x00, 0x05, 0x00, 0x00, 0x00,
  0x50, 0x02, 0x00, 0x00, 0x06, 0x00, 0x00, 0x00, 0x68, 0x02, 0x00, 0x00,
  0x05, 0x00, 0x00, 0x00, 0x6c, 0x02, 0x00, 0x00, 0x06, 0x00, 0x00, 0x00,
  0x78, 0x02, 0x00, 0x00, 0x05, 0x00, 0x00, 0x00, 0x7c, 0x02, 0x00, 0x00,
  0x06, 0x00, 0x00, 0x00, 0x84, 0x02, 0x00, 0x00, 0x05, 0x00, 0x00, 0x00,
  0x88, 0x02, 0x00, 0x00, 0x06, 0x00, 0x00, 0x00, 0xa8, 0x02, 0x00, 0x00,
  0x05, 0x00, 0x00, 0x00, 0xac, 0x02, 0x00, 0x00, 0x06, 0x00, 0x00, 0x00,
  0xe4, 0x02, 0x00, 0x00, 0x05, 0x00, 0x00, 0x00, 0xe8, 0x02, 0x00, 0x00,
  0x06, 0x00, 0x00, 0x00, 0xec, 0x02, 0x00, 0x00, 0x05, 0x00, 0x00, 0x00,
  0xf0, 0x02, 0x00, 0x00, 0x06, 0x00, 0x00, 0x00, 0x08, 0x03, 0x00, 0x00,
  0x05, 0x00, 0x00, 0x00, 0x0c, 0x03, 0x00, 0x00, 0x06, 0x00, 0x00, 0x00,
  0x2c, 0x03, 0x00, 0x00, 0x05, 0x00, 0x00, 0x00, 0x34, 0x03, 0x00, 0x00,
  0x06, 0x00, 0x00, 0x00, 0x38, 0x03, 0x00, 0x00, 0x05, 0x00, 0x00, 0x00,
  0x3c, 0x03, 0x00, 0x00, 0x06, 0x00, 0x00, 0x00, 0x64, 0x03, 0x00, 0x00,
  0x05, 0x00, 0x00, 0x00, 0x68, 0x03, 0x00, 0x00, 0x06, 0x00, 0x00, 0x00,
  0x78, 0x03, 0x00, 0x00, 0x05, 0x00, 0x00, 0x00, 0x7c, 0x03, 0x00, 0x00,
  0x06, 0x00, 0x00, 0x00, 0xa4, 0x03, 0x00, 0x00, 0x05, 0x00, 0x00, 0x00,
  0xa8, 0x03, 0x00, 0x00, 0x06, 0x00, 0x00, 0x00, 0xb4, 0x03, 0x00, 0x00,
  0x05, 0x00, 0x00, 0x00, 0xb8, 0x03, 0x00, 0x00, 0x06, 0x00, 0x00, 0x00,
  0xbc, 0x03, 0x00, 0x00, 0x05, 0x00, 0x00, 0x00, 0xc0, 0x03, 0x00, 0x00,
  0x06, 0x00, 0x00, 0x00, 0xd4, 0x03, 0x00, 0x00, 0x05, 0x00, 0x00, 0x00,
  0xd8, 0x03, 0x00, 0x00, 0x06, 0x00, 0x00, 0x00, 0xdc, 0x03, 0x00, 0x00,
  0x05, 0x00, 0x00, 0x00, 0xe0, 0x03, 0x00, 0x00, 0x06, 0x00, 0x00, 0x00,
  0x00, 0x04, 0x00, 0x00, 0x05, 0x00, 0x00, 0x00, 0x04, 0x04, 0x00, 0x00,
  0x06, 0x00, 0x00, 0x00, 0x30, 0x04, 0x00, 0x00, 0x05, 0x00, 0x00, 0x00,
  0x34, 0x04, 0x00, 0x00, 0x06, 0x00, 0x00, 0x00, 0x38, 0x04, 0x00, 0x00,
  0x05, 0x00, 0x00, 0x00, 0x3c, 0x04, 0x00, 0x00, 0x06, 0x00, 0x00, 0x00,
  0x40, 0x04, 0x00, 0x00, 0x05, 0x00, 0x00, 0x00, 0x44, 0x04, 0x00, 0x00,
  0x06, 0x00, 0x00, 0x00, 0x48, 0x04, 0x00, 0x00, 0x05, 0x00, 0x00, 0x00,
  0x4c, 0x04, 0x00, 0x00, 0x06, 0x00, 0x00, 0x00, 0x5c, 0x04, 0x00, 0x00,
  0x05, 0x00, 0x00, 0x00, 0x60, 0x04, 0x00, 0x00, 0x06, 0x00, 0x00, 0x00,
  0x64, 0x04, 0x00, 0x00, 0x05, 0x00, 0x00, 0x00, 0x68, 0x04, 0x00, 0x00,
  0x06, 0x00, 0x00, 0x00, 0x6c, 0x04, 0x00, 0x00, 0x05, 0x00, 0x00, 0x00,
  0x70, 0x04, 0x00, 0x00, 0x06, 0x00, 0x00, 0x00, 0x80, 0x04, 0x00, 0x00,
  0x05, 0x00, 0x00, 0x00, 0x84, 0x04, 0x00, 0x00, 0x06, 0x00, 0x00, 0x00,
  0x88, 0x04, 0x00, 0x00, 0x05, 0x00, 0x00, 0x00, 0x8c, 0x04, 0x00, 0x00,
  0x06, 0x00, 0x00, 0x00, 0xa4, 0x04, 0x00, 0x00, 0x05, 0x00, 0x00, 0x00,
  0xa8, 0x04, 0x00, 0x00, 0x06, 0x00, 0x00, 0x00, 0xc4, 0x04, 0x00, 0x00,
  0x05, 0x00, 0x00, 0x00, 0xc8, 0x04, 0x00, 0x00, 0x06, 0x00, 0x00, 0x00,
  0xd4, 0x04, 0x00, 0x00, 0x05, 0x00, 0x00, 0x00, 0xd8, 0x04, 0x00, 0x00,
  0x06, 0x00, 0x00, 0x00, 0xdc, 0x04, 0x00, 0x00, 0x05, 0x00, 0x00, 0x00,
  0xe0, 0x04, 0x00, 0x00, 0x06, 0x00, 0x00, 0x00, 0xf0, 0x04, 0x00, 0x00,
  0x05, 0x00, 0x00, 0x00, 0xf4, 0x04, 0x00, 0x00, 0x06, 0x00, 0x00, 0x00,
  0xf8, 0x04, 0x00, 0x00, 0x05, 0x00, 0x00, 0x00, 0xfc, 0x04, 0x00, 0x00,
  0x06, 0x00, 0x00, 0x00, 0x00, 0x05, 0x00, 0x00, 0x05, 0x00, 0x00, 0x00,
  0x08, 0x05, 0x00, 0x00, 0x06, 0x00, 0x00, 0x00, 0x58, 0x05, 0x00, 0x00,
  0x05, 0x00, 0x00, 0x00, 0x5c, 0x05, 0x00, 0x00, 0x06, 0x00, 0x00, 0x00,
  0x6c, 0x05, 0x00, 0x00, 0x05, 0x00, 0x00, 0x00, 0x70, 0x05, 0x00, 0x00,
  0x06, 0x00, 0x00, 0x00, 0x94, 0x05, 0x00, 0x00, 0x05, 0x00, 0x00, 0x00,
  0x98, 0x05, 0x00, 0x00, 0x06, 0x00, 0x00, 0x00, 0xbc, 0x05, 0x00, 0x00,
  0x05, 0x00, 0x00, 0x00, 0xc0, 0x05, 0x00, 0x00, 0x06, 0x00, 0x00, 0x00,
  0xcc, 0x05, 0x00, 0x00, 0x05, 0x00, 0x00, 0x00, 0xd0, 0x05, 0x00, 0x00,
  0x06, 0x00, 0x00, 0x00, 0x1c, 0x06, 0x00, 0x00, 0x05, 0x00, 0x00, 0x00,
  0x20, 0x06, 0x00, 0x00, 0x06, 0x00, 0x00, 0x00, 0x24, 0x06, 0x00, 0x00,
  0x05, 0x00, 0x00, 0x00, 0x28, 0x06, 0x00, 0x00, 0x06, 0x00, 0x00, 0x00,
  0x3c, 0x06, 0x00, 0x00, 0x05, 0x00, 0x00, 0x00, 0x40, 0x06, 0x00, 0x00,
  0x06, 0x00, 0x00, 0x00, 0x54, 0x06, 0x00, 0x00, 0x05, 0x00, 0x00, 0x00,
  0x58, 0x06, 0x00, 0x00, 0x06, 0x00, 0x00, 0x00, 0x8c, 0x06, 0x00, 0x00,
  0x05, 0x00, 0x00, 0x00, 0x90, 0x06, 0x00, 0x00, 0x06, 0x00, 0x00, 0x00,
  0xb4, 0x06, 0x00, 0x00, 0x05, 0x00, 0x00, 0x00, 0xb8, 0x06, 0x00, 0x00,
  0x06, 0x00, 0x00, 0x00, 0xe4, 0x06, 0x00, 0x00, 0x05, 0x00, 0x00, 0x00,
  0xe8, 0x06, 0x00, 0x00, 0x06, 0x00, 0x00, 0x00, 0xfc, 0x06, 0x00, 0x00,
  0x05, 0x00, 0x00, 0x00, 0x04, 0x07, 0x00, 0x00, 0x06, 0x00, 0x00, 0x00,
  0x28, 0x07, 0x00, 0x00, 0x05, 0x00, 0x00, 0x00, 0x2c, 0x07, 0x00, 0x00,
  0x06, 0x00, 0x00, 0x00, 0x60, 0x07, 0x00, 0x00, 0x05, 0x00, 0x00, 0x00,
  0x64, 0x07, 0x00, 0x00, 0x06, 0x00, 0x00, 0x00, 0x68, 0x07, 0x00, 0x00,
  0x05, 0x00, 0x00, 0x00, 0x6c, 0x07, 0x00, 0x00, 0x06, 0x00, 0x00, 0x00,
  0x70, 0x07, 0x00, 0x00, 0x05, 0x00, 0x00, 0x00, 0x74, 0x07, 0x00, 0x00,
  0x06, 0x00, 0x00, 0x00, 0xcc, 0x07, 0x00, 0x00, 0x05, 0x00, 0x00, 0x00,
  0xd4, 0x07, 0x00, 0x00, 0x06, 0x00, 0x00, 0x00, 0xe8, 0x07, 0x00, 0x00,
  0x05, 0x00, 0x00, 0x00, 0xec, 0x07, 0x00, 0x00, 0x06, 0x00, 0x00, 0x00,
  0x14, 0x08, 0x00, 0x00, 0x05, 0x00, 0x00, 0x00, 0x18, 0x08, 0x00, 0x00,
  0x06, 0x00, 0x00, 0x00, 0x38, 0x08, 0x00, 0x00, 0x05, 0x00, 0x00, 0x00,
  0x3c, 0x08, 0x00, 0x00, 0x06, 0x00, 0x00, 0x00, 0x90, 0x08, 0x00, 0x00,
  0x05, 0x00, 0x00, 0x00, 0x94, 0x08, 0x00, 0x00, 0x06, 0x00, 0x00, 0x00,
  0xac, 0x08, 0x00, 0x00, 0x05, 0x00, 0x00, 0x00, 0xb0, 0x08, 0x00, 0x00,
  0x06, 0x00, 0x00, 0x00, 0xbc, 0x08, 0x00, 0x00, 0x05, 0x00, 0x00, 0x00,
  0xc0, 0x08, 0x00, 0x00, 0x06, 0x00, 0x00, 0x00, 0xcc, 0x08, 0x00, 0x00,
  0x05, 0x00, 0x00, 0x00, 0xd0, 0x08, 0x00, 0x00, 0x06, 0x00, 0x00, 0x00,
  0xe8, 0x08, 0x00, 0x00, 0x05, 0x00, 0x00, 0x00, 0xec, 0x08, 0x00, 0x00,
  0x06, 0x00, 0x00, 0x00, 0xf0, 0x08, 0x00, 0x00, 0x05, 0x00, 0x00, 0x00,
  0xf4, 0x08, 0x00, 0x00, 0x06, 0x00, 0x00, 0x00, 0x0c, 0x09, 0x00, 0x00,
  0x05, 0x00, 0x00, 0x00, 0x10, 0x09, 0x00, 0x00, 0x06, 0x00, 0x00, 0x00,
  0x3c, 0x09, 0x00, 0x00, 0x05, 0x00, 0x00, 0x00, 0x44, 0x09, 0x00, 0x00,
  0x06, 0x00, 0x00, 0x00, 0x48, 0x09, 0x00, 0x00, 0x05, 0x00, 0x00, 0x00,
  0x50, 0x09, 0x00, 0x00, 0x06, 0x00, 0x00, 0x00, 0x38, 0x0b, 0x00, 0x00,
  0x05, 0x00, 0x00, 0x00, 0x3c, 0x0b, 0x00, 0x00, 0x06, 0x00, 0x00, 0x00,
  0x60, 0x0b, 0x00, 0x00, 0x05, 0x00, 0x00, 0x00, 0x64, 0x0b, 0x00, 0x00,
  0x06, 0x00, 0x00, 0x00, 0x88, 0x0b, 0x00, 0x00, 0x05, 0x00, 0x00, 0x00,
  0x8c, 0x0b, 0x00, 0x00, 0x06, 0x00, 0x00, 0x00, 0xb0, 0x0b, 0x00, 0x00,
  0x05, 0x00, 0x00, 0x00, 0xb4, 0x0b, 0x00, 0x00, 0x06, 0x00, 0x00, 0x00,
  0xd8, 0x0b, 0x00, 0x00, 0x05, 0x00, 0x00, 0x00, 0xdc, 0x0b, 0x00, 0x00,
  0x06, 0x00, 0x00, 0x00, 0x00, 0x0c, 0x00, 0x00, 0x05, 0x00, 0x00, 0x00,
  0x04, 0x0c, 0x00, 0x00, 0x06, 0x00, 0x00, 0x00, 0x28, 0x0c, 0x00, 0x00,
  0x05, 0x00, 0x00, 0x00, 0x2c, 0x0c, 0x00, 0x00, 0x06, 0x00, 0x00, 0x00,
  0x50, 0x0c, 0x00, 0x00, 0x05, 0x00, 0x00, 0x00, 0x54, 0x0c, 0x00, 0x00,
  0x06, 0x00, 0x00, 0x00, 0x78, 0x0c, 0x00, 0x00, 0x05, 0x00, 0x00, 0x00,
  0x7c, 0x0c, 0x00, 0x00, 0x06, 0x00, 0x00, 0x00, 0xa0, 0x0c, 0x00, 0x00,
  0x05, 0x00, 0x00, 0x00, 0xa4, 0x0c, 0x00, 0x00, 0x06, 0x00, 0x00, 0x00,
  0xc8, 0x0c, 0x00, 0x00, 0x05, 0x00, 0x00, 0x00, 0xcc, 0x0c, 0x00, 0x00,
  0x06, 0x00, 0x00, 0x00, 0xf0, 0x0c, 0x00, 0x00, 0x05, 0x00, 0x00, 0x00,
  0xf4, 0x0c, 0x00, 0x00, 0x06, 0x00, 0x00, 0x00, 0x60, 0x0d, 0x00, 0x00,
  0x05, 0x00, 0x00, 0x00, 0x64, 0x0d, 0x00, 0x00, 0x06, 0x00, 0x00, 0x00,
  0x00, 0x0e, 0x00, 0x00, 0x05, 0x00, 0x00, 0x00, 0x04, 0x0e, 0x00, 0x00,
  0x06, 0x00, 0x00, 0x00, 0xbc, 0x0e, 0x00, 0x00, 0x05, 0x00, 0x00, 0x00,
  0xc0, 0x0e, 0x00, 0x00, 0x06, 0x00, 0x00, 0x00, 0xcc, 0x0e, 0x00, 0x00,
  0x05, 0x00, 0x00, 0x00, 0xd0, 0x0e, 0x00, 0x00, 0x06, 0x00, 0x00, 0x00,
  0xe4, 0x0e, 0x00, 0x00, 0x05, 0x00, 0x00, 0x00, 0xe8, 0x0e, 0x00, 0x00,
  0x06, 0x00, 0x00, 0x00, 0xec, 0x0e, 0x00, 0x00, 0x05, 0x00, 0x00, 0x00,
  0xf0, 0x0e, 0x00, 0x00, 0x06, 0x00, 0x00, 0x00, 0xf4, 0x0e, 0x00, 0x00,
  0x05, 0x00, 0x00, 0x00, 0xf8, 0x0e, 0x00, 0x00, 0x06, 0x00, 0x00, 0x00,
  0x34, 0x0f, 0x00, 0x00, 0x05, 0x00, 0x00, 0x00, 0x38, 0x0f, 0x00, 0x00,
  0x06, 0x00, 0x00, 0x00, 0xa0, 0x11, 0x00, 0x00, 0x05, 0x00, 0x00, 0x00,
  0xa4, 0x11, 0x00, 0x00, 0x06, 0x00, 0x00, 0x00, 0xd0, 0x11, 0x00, 0x00,
  0x05, 0x00, 0x00, 0x00, 0xd4, 0x11, 0x00, 0x00, 0x06, 0x00, 0x00, 0x00,
  0x08, 0x12, 0x00, 0x00, 0x05, 0x00, 0x00, 0x00, 0x0c, 0x12, 0x00, 0x00,
  0x06, 0x00, 0x00, 0x00, 0x18, 0x12, 0x00, 0x00, 0x05, 0x00, 0x00, 0x00,
  0x1c, 0x12, 0x00, 0x00, 0x06, 0x00, 0x00, 0x00, 0x20, 0x12, 0x00, 0x00,
  0x05, 0x00, 0x00, 0x00, 0x24, 0x12, 0x00, 0x00, 0x06, 0x00, 0x00, 0x00,
  0x80, 0x12, 0x00, 0x00, 0x05, 0x00, 0x00, 0x00, 0x84, 0x12, 0x00, 0x00,
  0x06, 0x00, 0x00, 0x00, 0x9c, 0x12, 0x00, 0x00, 0x05, 0x00, 0x00, 0x00,
  0xa0, 0x12, 0x00, 0x00, 0x06, 0x00, 0x00, 0x00, 0xb4, 0x12, 0x00, 0x00,
  0x05, 0x00, 0x00, 0x00, 0xb8, 0x12, 0x00, 0x00, 0x06, 0x00, 0x00, 0x00,
  0xcc, 0x12, 0x00, 0x00, 0x05, 0x00, 0x00, 0x00, 0xd0, 0x12, 0x00, 0x00,
  0x06, 0x00, 0x00, 0x00, 0xec, 0x12, 0x00, 0x00, 0x05, 0x00, 0x00, 0x00,
  0xf0, 0x12, 0x00, 0x00, 0x06, 0x00, 0x00, 0x00, 0x70, 0x13, 0x00, 0x00,
  0x05, 0x00, 0x00, 0x00, 0x74, 0x13, 0x00, 0x00, 0x06, 0x00, 0x00, 0x00,
  0x7c, 0x13, 0x00, 0x00, 0x05, 0x00, 0x00, 0x00, 0x80, 0x13, 0x00, 0x00,
  0x06, 0x00, 0x00, 0x00, 0x00, 0x14, 0x00, 0x00, 0x05, 0x00, 0x00, 0x00,
  0x04, 0x14, 0x00, 0x00, 0x06, 0x00, 0x00, 0x00, 0xf0, 0x14, 0x00, 0x00,
  0x05, 0x00, 0x00, 0x00, 0xf4, 0x14, 0x00, 0x00, 0x06, 0x00, 0x00, 0x00,
  0x04, 0x15, 0x00, 0x00, 0x05, 0x00, 0x00, 0x00, 0x0c, 0x15, 0x00, 0x00,
  0x06, 0x00, 0x00, 0x00, 0x10, 0x15, 0x00, 0x00, 0x05, 0x00, 0x00, 0x00,
  0x14, 0x15, 0x00, 0x00, 0x06, 0x00, 0x00, 0x00, 0x18, 0x15, 0x00, 0x00,
  0x05, 0x00, 0x00, 0x00, 0x1c, 0x15, 0x00, 0x00, 0x06, 0x00, 0x00, 0x00,
  0x40, 0x15, 0x00, 0x00, 0x05, 0x00, 0x00, 0x00, 0x44, 0x15, 0x00, 0x00,
  0x06, 0x00, 0x00, 0x00, 0x60, 0x15, 0x00, 0x00, 0x05, 0x00, 0x00, 0x00,
  0x68, 0x15, 0x00, 0x00, 0x06, 0x00, 0x00, 0x00, 0xa4, 0x15, 0x00, 0x00,
  0x05, 0x00, 0x00, 0x00, 0xa8, 0x15, 0x00, 0x00, 0x06, 0x00, 0x00, 0x00,
  0xb4, 0x15, 0x00, 0x00, 0x05, 0x00, 0x00, 0x00, 0xb8, 0x15, 0x00, 0x00,
  0x06, 0x00, 0x00, 0x00, 0xbc, 0x15, 0x00, 0x00, 0x05, 0x00, 0x00, 0x00,
  0xc0, 0x15, 0x00, 0x00, 0x06, 0x00, 0x00, 0x00, 0xdc, 0x15, 0x00, 0x00,
  0x05, 0x00, 0x00, 0x00, 0xe0, 0x15, 0x00, 0x00, 0x06, 0x00, 0x00, 0x00,
  0xe4, 0x15, 0x00, 0x00, 0x05, 0x00, 0x00, 0x00, 0xe8, 0x15, 0x00, 0x00,
  0x06, 0x00, 0x00, 0x00, 0x68, 0x16, 0x00, 0x00, 0x05, 0x00, 0x00, 0x00,
  0x6c, 0x16, 0x00, 0x00, 0x06, 0x00, 0x00, 0x00, 0x1c, 0x17, 0x00, 0x00,
  0x05, 0x00, 0x00, 0x00, 0x20, 0x17, 0x00, 0x00, 0x06, 0x00, 0x00, 0x00,
  0x60, 0x17, 0x00, 0x00, 0x05, 0x00, 0x00, 0x00, 0x64, 0x17, 0x00, 0x00,
  0x06, 0x00, 0x00, 0x00, 0xc8, 0x17, 0x00, 0x00, 0x05, 0x00, 0x00, 0x00,
  0xcc, 0x17, 0x00, 0x00, 0x06, 0x00, 0x00, 0x00, 0xd8, 0x17, 0x00, 0x00,
  0x05, 0x00, 0x00, 0x00, 0xdc, 0x17, 0x00, 0x00, 0x06, 0x00, 0x00, 0x00,
  0xe8, 0x17, 0x00, 0x00, 0x05, 0x00, 0x00, 0x00, 0xec, 0x17, 0x00, 0x00,
  0x06, 0x00, 0x00, 0x00, 0xfc, 0x17, 0x00, 0x00, 0x05, 0x00, 0x00, 0x00,
  0x00, 0x18, 0x00, 0x00, 0x06, 0x00, 0x00, 0x00, 0x0c, 0x18, 0x00, 0x00,
  0x05, 0x00, 0x00, 0x00, 0x10, 0x18, 0x00, 0x00, 0x06, 0x00, 0x00, 0x00,
  0x20, 0x18, 0x00, 0x00, 0x05, 0x00, 0x00, 0x00, 0x24, 0x18, 0x00, 0x00,
  0x06, 0x00, 0x00, 0x00, 0x28, 0x18, 0x00, 0x00, 0x05, 0x00, 0x00, 0x00,
  0x2c, 0x18, 0x00, 0x00, 0x06, 0x00, 0x00, 0x00, 0x4c, 0x18, 0x00, 0x00,
  0x05, 0x00, 0x00, 0x00, 0x50, 0x18, 0x00, 0x00, 0x06, 0x00, 0x00, 0x00,
  0x58, 0x18, 0x00, 0x00, 0x05, 0x00, 0x00, 0x00, 0x5c, 0x18, 0x00, 0x00,
  0x06, 0x00, 0x00, 0x00, 0x60, 0x18, 0x00, 0x00, 0x05, 0x00, 0x00, 0x00,
  0x64, 0x18, 0x00, 0x00, 0x06, 0x00, 0x00, 0x00, 0x68, 0x18, 0x00, 0x00,
  0x05, 0x00, 0x00, 0x00, 0x70, 0x18, 0x00, 0x00, 0x06, 0x00, 0x00, 0x00,
  0x8c, 0x18, 0x00, 0x00, 0x05, 0x00, 0x00, 0x00, 0x90, 0x18, 0x00, 0x00,
  0x06, 0x00, 0x00, 0x00, 0xa8, 0x18, 0x00, 0x00, 0x05, 0x00, 0x00, 0x00,
  0xac, 0x18, 0x00, 0x00, 0x06, 0x00, 0x00, 0x00, 0xbc, 0x18, 0x00, 0x00,
  0x05, 0x00, 0x00, 0x00, 0xc0, 0x18, 0x00, 0x00, 0x06, 0x00, 0x00, 0x00,
  0x0c, 0x19, 0x00, 0x00, 0x05, 0x00, 0x00, 0x00, 0x10, 0x19, 0x00, 0x00,
  0x06, 0x00, 0x00, 0x00, 0x14, 0x19, 0x00, 0x00, 0x05, 0x00, 0x00, 0x00,
  0x18, 0x19, 0x00, 0x00, 0x06, 0x00, 0x00, 0x00, 0x1c, 0x19, 0x00, 0x00,
  0x05, 0x00, 0x00, 0x00, 0x20, 0x19, 0x00, 0x00, 0x06, 0x00, 0x00, 0x00,
  0x24, 0x19, 0x00, 0x00, 0x05, 0x00, 0x00, 0x00, 0x2c, 0x19, 0x00, 0x00,
  0x06, 0x00, 0x00, 0x00, 0x30, 0x19, 0x00, 0x00, 0x05, 0x00, 0x00, 0x00,
  0x38, 0x19, 0x00, 0x00, 0x06, 0x00, 0x00, 0x00, 0x3c, 0x19, 0x00, 0x00,
  0x05, 0x00, 0x00, 0x00, 0x40, 0x19, 0x00, 0x00, 0x06, 0x00, 0x00, 0x00,
  0x50, 0x19, 0x00, 0x00, 0x05, 0x00, 0x00, 0x00, 0x54, 0x19, 0x00, 0x00,
  0x06, 0x00, 0x00, 0x00, 0x8c, 0x19, 0x00, 0x00, 0x05, 0x00, 0x00, 0x00,
  0x90, 0x19, 0x00, 0x00, 0x06, 0x00, 0x00, 0x00, 0xd4, 0x19, 0x00, 0x00,
  0x05, 0x00, 0x00, 0x00, 0xd8, 0x19, 0x00, 0x00, 0x06, 0x00, 0x00, 0x00,
  0x7c, 0x1a, 0x00, 0x00, 0x05, 0x00, 0x00, 0x00, 0x80, 0x1a, 0x00, 0x00,
  0x06, 0x00, 0x00, 0x00, 0x84, 0x1a, 0x00, 0x00, 0x05, 0x00, 0x00, 0x00,
  0x88, 0x1a, 0x00, 0x00, 0x06, 0x00, 0x00, 0x00, 0x90, 0x1a, 0x00, 0x00,
  0x05, 0x00, 0x00, 0x00, 0x94, 0x1a, 0x00, 0x00, 0x06, 0x00, 0x00, 0x00,
  0xc4, 0x1a, 0x00, 0x00, 0x05, 0x00, 0x00, 0x00, 0xc8, 0x1a, 0x00, 0x00,
  0x06, 0x00, 0x00, 0x00, 0xcc, 0x1a, 0x00, 0x00, 0x05, 0x00, 0x00, 0x00,
  0xd0, 0x1a, 0x00, 0x00, 0x06, 0x00, 0x00, 0x00, 0xf0, 0x1a, 0x00, 0x00,
  0x05, 0x00, 0x00, 0x00, 0xf4, 0x1a, 0x00, 0x00, 0x06, 0x00, 0x00, 0x00,
  0xf8, 0x1a, 0x00, 0x00, 0x05, 0x00, 0x00, 0x00, 0xfc, 0x1a, 0x00, 0x00,
  0x06, 0x00, 0x00, 0x00, 0x00, 0x1b, 0x00, 0x00, 0x05, 0x00, 0x00, 0x00,
  0x04, 0x1b, 0x00, 0x00, 0x06, 0x00, 0x00, 0x00, 0x0c, 0x1b, 0x00, 0x00,
  0x05, 0x00, 0x00, 0x00, 0x10, 0x1b, 0x00, 0x00, 0x06, 0x00, 0x00, 0x00,
  0x1c, 0x1b, 0x00, 0x00, 0x05, 0x00, 0x00, 0x00, 0x20, 0x1b, 0x00, 0x00,
  0x06, 0x00, 0x00, 0x00, 0x2c, 0x1b, 0x00, 0x00, 0x05, 0x00, 0x00, 0x00,
  0x30, 0x1b, 0x00, 0x00, 0x06, 0x00, 0x00, 0x00, 0x34, 0x1b, 0x00, 0x00,
  0x05, 0x00, 0x00, 0x00, 0x38, 0x1b, 0x00, 0x00, 0x06, 0x00, 0x00, 0x00,
  0x78, 0x1b, 0x00, 0x00, 0x05, 0x00, 0x00, 0x00, 0x7c, 0x1b, 0x00, 0x00,
  0x06, 0x00, 0x00, 0x00, 0x88, 0x1b, 0x00, 0x00, 0x05, 0x00, 0x00, 0x00,
  0x8c, 0x1b, 0x00, 0x00, 0x06, 0x00, 0x00, 0x00, 0x90, 0x1b, 0x00, 0x00,
  0x05, 0x00, 0x00, 0x00, 0x94, 0x1b, 0x00, 0x00, 0x06, 0x00, 0x00, 0x00,
  0x9c, 0x1b, 0x00, 0x00, 0x05, 0x00, 0x00, 0x00, 0xa0, 0x1b, 0x00, 0x00,
  0x06, 0x00, 0x00, 0x00, 0xac, 0x1b, 0x00, 0x00, 0x05, 0x00, 0x00, 0x00,
  0xb0, 0x1b, 0x00, 0x00, 0x06, 0x00, 0x00, 0x00, 0xc0, 0x1b, 0x00, 0x00,
  0x05, 0x00, 0x00, 0x00, 0xc4, 0x1b, 0x00, 0x00, 0x06, 0x00, 0x00, 0x00,
  0xd8, 0x1b, 0x00, 0x00, 0x05, 0x00, 0x00, 0x00, 0xdc, 0x1b, 0x00, 0x00,
  0x06, 0x00, 0x00, 0x00, 0xec, 0x1b, 0x00, 0x00, 0x05, 0x00, 0x00, 0x00,
  0xf0, 0x1b, 0x00, 0x00, 0x06, 0x00, 0x00, 0x00, 0x00, 0x1c, 0x00, 0x00,
  0x05, 0x00, 0x00, 0x00, 0x04, 0x1c, 0x00, 0x00, 0x06, 0x00, 0x00, 0x00,
  0x10, 0x1c, 0x00, 0x00, 0x05, 0x00, 0x00, 0x00, 0x14, 0x1c, 0x00, 0x00,
  0x06, 0x00, 0x00, 0x00, 0x18, 0x1c, 0x00, 0x00, 0x05, 0x00, 0x00, 0x00,
  0x1c, 0x1c, 0x00, 0x00, 0x06, 0x00, 0x00, 0x00, 0x20, 0x1c, 0x00, 0x00,
  0x05, 0x00, 0x00, 0x00, 0x24, 0x1c, 0x00, 0x00, 0x06, 0x00, 0x00, 0x00,
  0x28, 0x1c, 0x00, 0x00, 0x05, 0x00, 0x00, 0x00, 0x2c, 0x1c, 0x00, 0x00,
  0x06, 0x00, 0x00, 0x00, 0x30, 0x1c, 0x00, 0x00, 0x05, 0x00, 0x00, 0x00,
  0x34, 0x1c, 0x00, 0x00, 0x06, 0x00, 0x00, 0x00, 0x38, 0x1c, 0x00, 0x00,
  0x05, 0x00, 0x00, 0x00, 0x3c, 0x1c, 0x00, 0x00, 0x06, 0x00, 0x00, 0x00,
  0x50, 0x1c, 0x00, 0x00, 0x05, 0x00, 0x00, 0x00, 0x54, 0x1c, 0x00, 0x00,
  0x06, 0x00, 0x00, 0x00, 0x7c, 0x1c, 0x00, 0x00, 0x05, 0x00, 0x00, 0x00,
  0x80, 0x1c, 0x00, 0x00, 0x06, 0x00, 0x00, 0x00, 0xdc, 0x1c, 0x00, 0x00,
  0x05, 0x00, 0x00, 0x00, 0xe0, 0x1c, 0x00, 0x00, 0x06, 0x00, 0x00, 0x00,
  0xf0, 0x1c, 0x00, 0x00, 0x05, 0x00, 0x00, 0x00, 0xf4, 0x1c, 0x00, 0x00,
  0x06, 0x00, 0x00, 0x00, 0x28, 0x1d, 0x00, 0x00, 0x05, 0x00, 0x00, 0x00,
  0x2c, 0x1d, 0x00, 0x00, 0x06, 0x00, 0x00, 0x00, 0x50, 0x1d, 0x00, 0x00,
  0x05, 0x00, 0x00, 0x00, 0x58, 0x1d, 0x00, 0x00, 0x06, 0x00, 0x00, 0x00,
  0xa4, 0x1d, 0x00, 0x00, 0x05, 0x00, 0x00, 0x00, 0xa8, 0x1d, 0x00, 0x00,
  0x06, 0x00, 0x00, 0x00, 0xb8, 0x1d, 0x00, 0x00, 0x05, 0x00, 0x00, 0x00,
  0xbc, 0x1d, 0x00, 0x00, 0x06, 0x00, 0x00, 0x00, 0x04, 0x1e, 0x00, 0x00,
  0x05, 0x00, 0x00, 0x00, 0x08, 0x1e, 0x00, 0x00, 0x06, 0x00, 0x00, 0x00,
  0x14, 0x1e, 0x00, 0x00, 0x05, 0x00, 0x00, 0x00, 0x1c, 0x1e, 0x00, 0x00,
  0x06, 0x00, 0x00, 0x00, 0x10, 0x21, 0x00, 0x00, 0x05, 0x00, 0x00, 0x00,
  0x14, 0x21, 0x00, 0x00, 0x06, 0x00, 0x00, 0x00, 0x48, 0x21, 0x00, 0x00,
  0x05, 0x00, 0x00, 0x00, 0x4c, 0x21, 0x00, 0x00, 0x06, 0x00, 0x00, 0x00,
  0xc0, 0x21, 0x00, 0x00, 0x05, 0x00, 0x00, 0x00, 0xc4, 0x21, 0x00, 0x00,
  0x06, 0x00, 0x00, 0x00, 0xc8, 0x21, 0x00, 0x00, 0x05, 0x00, 0x00, 0x00,
  0xcc, 0x21, 0x00, 0x00, 0x06, 0x00, 0x00, 0x00, 0xdc, 0x21, 0x00, 0x00,
  0x05, 0x00, 0x00, 0x00, 0xe0, 0x21, 0x00, 0x00, 0x06, 0x00, 0x00, 0x00,
  0x34, 0x22, 0x00, 0x00, 0x05, 0x00, 0x00, 0x00, 0x38, 0x22, 0x00, 0x00,
  0x06, 0x00, 0x00, 0x00, 0x74, 0x22, 0x00, 0x00, 0x05, 0x00, 0x00, 0x00,
  0x78, 0x22, 0x00, 0x00, 0x06, 0x00, 0x00, 0x00, 0x90, 0x22, 0x00, 0x00,
  0x05, 0x00, 0x00, 0x00, 0x94, 0x22, 0x00, 0x00, 0x06, 0x00, 0x00, 0x00,
  0xe8, 0x22, 0x00, 0x00, 0x05, 0x00, 0x00, 0x00, 0xec, 0x22, 0x00, 0x00,
  0x06, 0x00, 0x00, 0x00, 0x0c, 0x23, 0x00, 0x00, 0x05, 0x00, 0x00, 0x00,
  0x10, 0x23, 0x00, 0x00, 0x06, 0x00, 0x00, 0x00, 0x20, 0x23, 0x00, 0x00,
  0x05, 0x00, 0x00, 0x00, 0x24, 0x23, 0x00, 0x00, 0x06, 0x00, 0x00, 0x00,
  0x40, 0x23, 0x00, 0x00, 0x05, 0x00, 0x00, 0x00, 0x44, 0x23, 0x00, 0x00,
  0x06, 0x00, 0x00, 0x00, 0x48, 0x23, 0x00, 0x00, 0x05, 0x00, 0x00, 0x00,
  0x4c, 0x23, 0x00, 0x00, 0x06, 0x00, 0x00, 0x00, 0x54, 0x23, 0x00, 0x00,
  0x05, 0x00, 0x00, 0x00, 0x58, 0x23, 0x00, 0x00, 0x06, 0x00, 0x00, 0x00,
  0x60, 0x23, 0x00, 0x00, 0x05, 0x00, 0x00, 0x00, 0x68, 0x23, 0x00, 0x00,
  0x06, 0x00, 0x00, 0x00, 0x6c, 0x23, 0x00, 0x00, 0x05, 0x00, 0x00, 0x00,
  0x70, 0x23, 0x00, 0x00, 0x06, 0x00, 0x00, 0x00, 0xf8, 0x24, 0x00, 0x00,
  0x05, 0x00, 0x00, 0x00, 0xfc, 0x24, 0x00, 0x00, 0x06, 0x00, 0x00, 0x00,
  0x60, 0x25, 0x00, 0x00, 0x05, 0x00, 0x00, 0x00, 0x64, 0x25, 0x00, 0x00,
  0x06, 0x00, 0x00, 0x00, 0x7c, 0x25, 0x00, 0x00, 0x05, 0x00, 0x00, 0x00,
  0x80, 0x25, 0x00, 0x00, 0x06, 0x00, 0x00, 0x00, 0x94, 0x25, 0x00, 0x00,
  0x05, 0x00, 0x00, 0x00, 0x98, 0x25, 0x00, 0x00, 0x06, 0x00, 0x00, 0x00,
  0x9c, 0x25, 0x00, 0x00, 0x05, 0x00, 0x00, 0x00, 0xa4, 0x25, 0x00, 0x00,
  0x06, 0x00, 0x00, 0x00, 0x40, 0x36, 0x00, 0x00, 0x02, 0x00, 0x00, 0x00,
  0x44, 0x36, 0x00, 0x00, 0x02, 0x00, 0x00, 0x00, 0x48, 0x36, 0x00, 0x00,
  0x02, 0x00, 0x00, 0x00, 0x4c, 0x36, 0x00, 0x00, 0x02, 0x00, 0x00, 0x00,
  0x50, 0x36, 0x00, 0x00, 0x02, 0x00, 0x00, 0x00, 0x54, 0x36, 0x00, 0x00,
  0x02, 0x00, 0x00, 0x00, 0x58, 0x36, 0x00, 0x00, 0x02, 0x00, 0x00, 0x00,
  0x5c, 0x36, 0x00, 0x00, 0x02, 0x00, 0x00, 0x00, 0x60, 0x36, 0x00, 0x00,
  0x02, 0x00, 0x00, 0x00, 0x64, 0x36, 0x00, 0x00, 0x02, 0x00, 0x00, 0x00,
  0x68, 0x36, 0x00, 0x00, 0x02, 0x00, 0x00, 0x00, 0x6c, 0x36, 0x00, 0x00,
  0x02, 0x00, 0x00, 0x00, 0x70, 0x36, 0x00, 0x00, 0x02, 0x00, 0x00, 0x00,
  0x74, 0x36, 0x00, 0x00, 0x02, 0x00, 0x00, 0x00, 0x78, 0x36, 0x00, 0x00,
  0x02, 0x00, 0x00, 0x00, 0x7c, 0x36, 0x00, 0x00, 0x02, 0x00, 0x00, 0x00,
  0x80, 0x36, 0x00, 0x00, 0x02, 0x00, 0x00, 0x00, 0x84, 0x36, 0x00, 0x00,
  0x02, 0x00, 0x00, 0x00, 0x88, 0x36, 0x00, 0x00, 0x02, 0x00, 0x00, 0x00,
  0x8c, 0x36, 0x00, 0x00, 0x02, 0x00, 0x00, 0x00, 0x90, 0x36, 0x00, 0x00,
  0x02, 0x00, 0x00, 0x00, 0x94, 0x36, 0x00, 0x00, 0x02, 0x00, 0x00, 0x00,
  0x98, 0x36, 0x00, 0x00, 0x02, 0x00, 0x00, 0x00, 0x9c, 0x36, 0x00, 0x00,
  0x02, 0x00, 0x00, 0x00, 0xa0, 0x36, 0x00, 0x00, 0x02, 0x00, 0x00, 0x00,
  0xa4, 0x36, 0x00, 0x00, 0x02, 0x00, 0x00, 0x00, 0xa8, 0x36, 0x00, 0x00,
  0x02, 0x00, 0x00, 0x00, 0xac, 0x36, 0x00, 0x00, 0x02, 0x00, 0x00, 0x00,
  0xb0, 0x36, 0x00, 0x00, 0x02, 0x00, 0x00, 0x00, 0xb4, 0x36, 0x00, 0x00,
  0x02, 0x00, 0x00, 0x00, 0x88, 0x38, 0x00, 0x00, 0x02, 0x00, 0x00, 0x00,
  0x9c, 0x38, 0x00, 0x00, 0x02, 0x00, 0x00, 0x00, 0xac, 0x38, 0x00, 0x00,
  0x02, 0x00, 0x00, 0x00, 0xbc, 0x38, 0x00, 0x00, 0x02, 0x00, 0x00, 0x00,
  0xcc, 0x38, 0x00, 0x00, 0x02, 0x00, 0x00, 0x00, 0xdc, 0x38, 0x00, 0x00,
  0x02, 0x00, 0x00, 0x00, 0xec, 0x38, 0x00, 0x00, 0x02, 0x00, 0x00, 0x00,
  0xfc, 0x38, 0x00, 0x00, 0x02, 0x00, 0x00, 0x00, 0x0c, 0x39, 0x00, 0x00,
  0x02, 0x00, 0x00, 0x00, 0x1c, 0x39, 0x00, 0x00, 0x02, 0x00, 0x00, 0x00,
  0x2c, 0x39, 0x00, 0x00, 0x02, 0x00, 0x00, 0x00, 0x3c, 0x39, 0x00, 0x00,
  0x02, 0x00, 0x00, 0x00, 0x4c, 0x39, 0x00, 0x00, 0x02, 0x00, 0x00, 0x00,
  0x5c, 0x39, 0x00, 0x00, 0x02, 0x00, 0x00, 0x00, 0x6c, 0x39, 0x00, 0x00,
  0x02, 0x00, 0x00, 0x00, 0x7c, 0x39, 0x00, 0x00, 0x02, 0x00, 0x00, 0x00,
  0x8c, 0x39, 0x00, 0x00, 0x02, 0x00, 0x00, 0x00, 0x9c, 0x39, 0x00, 0x00,
  0x02, 0x00, 0x00, 0x00, 0x00, 0x00, 0x00, 0x00, 0x00, 0x00, 0x00, 0x00,
  0x00, 0x00, 0x00, 0x00, 0x00, 0x00, 0x00, 0x00, 0x00,
};
unsigned int audsrv_irx_size = 19389;

