/*
 * PS2 Memory Card Trader
 *
 * Sprite pixel data - GENERATED by scripts/gen_sprites_data.py,
 * do NOT hand-edit. See sprites_data.h.
 */

#include "sprites_data.h"

static unsigned char sprite_cross_data[] = {
  0x00, 0x00, 0x00, 0x00, 0x00, 0x00, 0x00, 0x00, 0x00, 0x00, 0x00, 0x00,
  0x00, 0x00, 0x00, 0x00, 0x00, 0x00, 0x00, 0x00, 0x00, 0x00, 0x00, 0x00,
  0x00, 0x00, 0x00, 0x00, 0x00, 0x00, 0x00, 0x00, 0x00, 0x00, 0x00, 0x00,
  0x00, 0x00, 0x00, 0x00, 0x00, 0x00, 0x00, 0x00, 0x00, 0x00, 0x00, 0x00,
  0x00, 0x00, 0x00, 0x00, 0x00, 0x00, 0x00, 0x00, 0x00, 0x00, 0x00, 0x00,
  0x00, 0x00, 0x00, 0x00, 0x00, 0x00, 0x00, 0x00, 0x00, 0x00, 0x00, 0x00,
  0x00, 0x00, 0x00, 0x00, 0x00, 0x00, 0x00, 0x00, 0x00, 0x00, 0x00, 0x00,
  0x00, 0x00, 0x00, 0x00, 0x00, 0x00, 0x00, 0x00, 0x00, 0x00, 0x00, 0x00,
  0x00, 0x00, 0x00, 0x00, 0x00, 0x00, 0x00, 0x00, 0x00, 0x00, 0x00, 0x00,
  0x00, 0x00, 0x00, 0x00, 0x00, 0x00, 0x00, 0x00, 0x00, 0x00, 0x00, 0x00,
  0x00, 0x00, 0x00, 0x00, 0x00, 0x00, 0x00, 0x00, 0x00, 0x00, 0x00, 0x00,
  0x00, 0x00, 0x00, 0x00, 0x00, 0x00, 0x00, 0x00, 0x00, 0x00, 0x00, 0x00,
  0x00, 0x00, 0x00, 0x00, 0x00, 0x00, 0x00, 0x00, 0x00, 0x00, 0x00, 0x00,
  0x00, 0x00, 0x00, 0x00, 0x00, 0x00, 0x00, 0x00, 0x00, 0x00, 0x00, 0x00,
  0x00, 0x00, 0x00, 0x00, 0x00, 0x00, 0x00, 0x00, 0x00, 0x00, 0x00, 0x00,
  0x00, 0x00, 0x00, 0x00, 0x00, 0x00, 0x00, 0x00, 0x00, 0x00, 0x00, 0x00,
  0x00, 0x00, 0x00, 0x00, 0x00, 0x00, 0x00, 0x00, 0x00, 0x00, 0x00, 0x00,
  0x00, 0x00, 0x00, 0x00, 0x00, 0x00, 0x00, 0x00, 0x00, 0x00, 0x00, 0x00,
  0x00, 0x00, 0x00, 0x00, 0x00, 0x00, 0x00, 0x00, 0x00, 0x00, 0x00, 0x00,
  0x00, 0x00, 0x00, 0x00, 0x00, 0x00, 0x00, 0x00, 0x00, 0x00, 0x00, 0x00,
  0x00, 0x00, 0x00, 0x00, 0x00, 0x00, 0x00, 0x00, 0x00, 0x00, 0x00, 0x00,
  0x00, 0x00, 0x00, 0x00, 0x00, 0x00, 0x00, 0x00, 0x00, 0x00, 0x00, 0x00,
  0x00, 0x00, 0x00, 0x00, 0x00, 0x00, 0x00, 0x00, 0x00, 0x00, 0x00, 0x00,
  0x00, 0x00, 0x00, 0x00, 0x00, 0x00, 0x00, 0x00, 0x00, 0x00, 0x00, 0x00,
  0x00, 0x00, 0x00, 0x00, 0x00, 0x00, 0x00, 0x00, 0x00, 0x00, 0x00, 0x00,
  0x00, 0x00, 0x00, 0x00, 0x00, 0x00, 0x00, 0x00, 0x00, 0x00, 0x00, 0x00,
  0x00, 0x00, 0x00, 0x00, 0x00, 0x00, 0x00, 0x00, 0x00, 0x00, 0x00, 0x00,
  0x00, 0x00, 0x00, 0x00, 0x00, 0x00, 0x00, 0x00, 0x00, 0x00, 0x00, 0x00,
  0x00, 0x00, 0x00, 0x00, 0x00, 0x00, 0x00, 0x00, 0x00, 0x00, 0x00, 0x00,
  0x00, 0x00, 0x00, 0x00, 0x00, 0x00, 0x00, 0x00, 0x00, 0x00, 0x00, 0x00,
  0x00, 0x00, 0x00, 0x00, 0x00, 0x00, 0x00, 0x00, 0x00, 0x00, 0x00, 0x00,
  0x00, 0x00, 0x00, 0x00, 0x00, 0x00, 0x00, 0x00, 0x00, 0x00, 0x00, 0x00,
  0x00, 0x00, 0x00, 0x00, 0x00, 0x00, 0x00, 0x00, 0x00, 0x00, 0x00, 0x00,
  0x00, 0x00, 0x00, 0x00, 0x00, 0x00, 0x00, 0x00, 0x00, 0x00, 0x00, 0x00,
  0x00, 0x00, 0x00, 0x00, 0x00, 0x00, 0x00, 0x00, 0xb0, 0xc4, 0xd7, 0x06,
  0xae, 0xc1, 0xd2, 0x44, 0xae, 0xc1, 0xd2, 0x69, 0xaf, 0xc1, 0xd0, 0x7c,
  0xaf, 0xc1, 0xd1, 0x80, 0xaf, 0xc1, 0xd0, 0x6e, 0xaf, 0xbf, 0xd0, 0x3e,
  0xaa, 0xbf, 0xc9, 0x0c, 0x00, 0x00, 0x00, 0x00, 0x00, 0x00, 0xff, 0x00,
  0x00, 0x00, 0x00, 0x00, 0x00, 0x00, 0x00, 0x00, 0x00, 0x00, 0x00, 0x00,
  0x00, 0x00, 0x00, 0x00, 0x00, 0x00, 0x00, 0x00, 0x00, 0x00, 0x00, 0x00,
  0x00, 0x00, 0x00, 0x00, 0x00, 0x00, 0x00, 0x00, 0x00, 0x00, 0x00, 0x00,
  0x00, 0x00, 0x00, 0x00, 0x00, 0x00, 0x00, 0x00, 0x7f, 0x7f, 0xff, 0x01,
  0x00, 0x00, 0x00, 0x00, 0xaf, 0xc2, 0xd2, 0x36, 0xaf, 0xc1, 0xd1, 0x7f,
  0xaf, 0xc1, 0xd1, 0x80, 0xae, 0xc0, 0xd0, 0x7f, 0xaf, 0xc1, 0xd1, 0x80,
  0xaf, 0xc1, 0xd1, 0x80, 0xae, 0xc0, 0xd0, 0x7f, 0xb1, 0xc3, 0xd3, 0x80,
  0xae, 0xc1, 0xd1, 0x7a, 0xad, 0xc1, 0xd2, 0x2d, 0x00, 0x00, 0x00, 0x00,
  0xff, 0xff, 0xff, 0x00, 0x00, 0x00, 0x00, 0x00, 0x00, 0x00, 0x00, 0x00,
  0x00, 0x00, 0x00, 0x00, 0x00, 0x00, 0x00, 0x00, 0x00, 0x00, 0x00, 0x00,
  0x00, 0x00, 0x00, 0x00, 0x00, 0x00, 0x00, 0x00, 0x00, 0x00, 0x00, 0x00,
  0x00, 0x00, 0x00, 0x00, 0x00, 0x00, 0x00, 0x00, 0x00, 0x00, 0x00, 0x00,
  0xae, 0xc1, 0xce, 0x44, 0xb1, 0xc3, 0xd3, 0x80, 0xae, 0xc0, 0xd0, 0x7f,
  0xaf, 0xc1, 0xd1, 0x80, 0xaf, 0xc1, 0xd1, 0x80, 0xaf, 0xc1, 0xd1, 0x80,
  0xaf, 0xc1, 0xd1, 0x80, 0xaf, 0xc1, 0xd1, 0x80, 0xaf, 0xc1, 0xd1, 0x80,
  0xae, 0xc0, 0xd0, 0x7f, 0xb1, 0xc3, 0xd3, 0x80, 0xae, 0xbf, 0xce, 0x44,
  0x00, 0x00, 0x00, 0x00, 0x00, 0x00, 0x00, 0x00, 0x00, 0x00, 0x00, 0x00,
  0x00, 0x00, 0x00, 0x00, 0x00, 0x00, 0x00, 0x00, 0x00, 0x00, 0x00, 0x00,
  0x00, 0x00, 0x00, 0x00, 0x00, 0x00, 0x00, 0x00, 0x00, 0x00, 0x00, 0x00,
  0xff, 0xff, 0xff, 0x01, 0x00, 0x00, 0x00, 0x00, 0xaf, 0xc0, 0xd2, 0x33,
  0xb1, 0xc3, 0xd3, 0x80, 0xaf, 0xc1, 0xd1, 0x80, 0xaf, 0xc1, 0xd1, 0x80,
  0xaf, 0xc1, 0xd1, 0x80, 0xaf, 0xc1, 0xd1, 0x80, 0xaf, 0xc1, 0xd1, 0x80,
  0xaf, 0xc1, 0xd1, 0x80, 0xaf, 0xc1, 0xd1, 0x80, 0xaf, 0xc1, 0xd1, 0x80,
  0xaf, 0xc1, 0xd1, 0x80, 0xaf, 0xc1, 0xd1, 0x80, 0xb1, 0xc3, 0xd3, 0x80,
  0xaf, 0xc0, 0xcf, 0x33, 0x00, 0x00, 0x00, 0x00, 0xff, 0xff, 0xff, 0x01,
  0x00, 0x00, 0x00, 0x00, 0x00, 0x00, 0x00, 0x00, 0x00, 0x00, 0x00, 0x00,
  0x00, 0x00, 0x00, 0x00, 0x00, 0x00, 0x00, 0x00, 0xaa, 0xaa, 0xaa, 0x01,
  0x00, 0x00, 0x00, 0x00, 0xaf, 0xc0, 0xd1, 0x16, 0xae, 0xc1, 0xd0, 0x74,
  0xb3, 0xc5, 0xd6, 0x80, 0xaf, 0xc1, 0xd1, 0x7e, 0xaf, 0xc1, 0xd1, 0x80,
  0xaf, 0xc1, 0xd1, 0x80, 0xaf, 0xc1, 0xd1, 0x80, 0xaf, 0xc1, 0xd1, 0x80,
  0xaf, 0xc1, 0xd1, 0x80, 0xaf, 0xc1, 0xd1, 0x80, 0xaf, 0xc1, 0xd1, 0x80,
  0xaf, 0xc1, 0xd1, 0x80, 0xaf, 0xc1, 0xd1, 0x7e, 0xb3, 0xc5, 0xd6, 0x80,
  0xae, 0xc0, 0xd0, 0x74, 0xaf, 0xc0, 0xd1, 0x16, 0x00, 0x00, 0x00, 0x00,
  0xaa, 0xaa, 0xaa, 0x01, 0x00, 0x00, 0x00, 0x00, 0x00, 0x00, 0x00, 0x00,
  0x00, 0x00, 0x00, 0x00, 0x00, 0x00, 0x00, 0x00, 0xaa, 0xaa, 0xaa, 0x01,
  0x00, 0x00, 0x00, 0x00, 0xae, 0xbf, 0xd0, 0x44, 0xb9, 0xcd, 0xdd, 0x80,
  0xae, 0xc1, 0xd1, 0x7d, 0xaf, 0xc1, 0xd1, 0x80, 0xaf, 0xc1, 0xd1, 0x80,
  0xaf, 0xc1, 0xd1, 0x80, 0xaf, 0xc1, 0xd1, 0x80, 0xaf, 0xc1, 0xd1, 0x80,
  0xaf, 0xc1, 0xd1, 0x80, 0xaf, 0xc1, 0xd1, 0x80, 0xaf, 0xc1, 0xd1, 0x80,
  0xaf, 0xc1, 0xd1, 0x80, 0xaf, 0xc1, 0xd1, 0x80, 0xae, 0xc1, 0xd1, 0x7d,
  0xb9, 0xcd, 0xdd, 0x80, 0xae, 0xbf, 0xd0, 0x44, 0x00, 0x00, 0x00, 0x00,
  0xaa, 0xaa, 0xaa, 0x01, 0x00, 0x00, 0x00, 0x00, 0x00, 0x00, 0x00, 0x00,
  0x00, 0x00, 0x00, 0x00, 0x7f, 0x7f, 0xff, 0x01, 0x00, 0x00, 0x00, 0x00,
  0xad, 0xc8, 0xd1, 0x0e, 0xae, 0xc1, 0xd1, 0x6d, 0xb3, 0xc6, 0xd6, 0x80,
  0xae, 0xc0, 0xd0, 0x7e, 0xb0, 0xc3, 0xd2, 0x80, 0xa1, 0xb1, 0xca, 0x80,
  0xa1, 0xb2, 0xca, 0x80, 0xb0, 0xc3, 0xd2, 0x80, 0xaf, 0xc1, 0xd1, 0x80,
  0xaf, 0xc1, 0xd1, 0x80, 0xb0, 0xc3, 0xd2, 0x80, 0xa1, 0xb1, 0xca, 0x80,
  0xa1, 0xb2, 0xca, 0x80, 0xb0, 0xc3, 0xd2, 0x80, 0xae, 0xc0, 0xd0, 0x7f,
  0xb1, 0xc3, 0xd3, 0x80, 0xaf, 0xc1, 0xd0, 0x76, 0xb0, 0xc4, 0xd1, 0x13,
  0x00, 0x00, 0x00, 0x00, 0xff, 0xff, 0xff, 0x01, 0x00, 0x00, 0x00, 0x00,
  0x00, 0x00, 0x00, 0x00, 0xff, 0xff, 0xff, 0x01, 0x00, 0x00, 0x00, 0x00,
  0xaf, 0xc1, 0xd0, 0x29, 0xbb, 0xce, 0xdf, 0x80, 0xae, 0xc1, 0xd1, 0x7d,
  0xb0, 0xc2, 0xd2, 0x80, 0xa9, 0xba, 0xce, 0x80, 0x86, 0x94, 0xbc, 0x80,
  0x86, 0x94, 0xbc, 0x80, 0xa9, 0xbb, 0xce, 0x80, 0xb0, 0xc2, 0xd1, 0x80,
  0xb0, 0xc2, 0xd1, 0x80, 0xa9, 0xba, 0xce, 0x80, 0x86, 0x94, 0xbc, 0x80,
  0x86, 0x94, 0xbc, 0x80, 0xa9, 0xbb, 0xce, 0x80, 0xb0, 0xc2, 0xd2, 0x80,
  0xae, 0xc1, 0xd0, 0x7d, 0xbb, 0xcf, 0xe0, 0x80, 0xad, 0xbf, 0xd0, 0x24,
  0x00, 0x00, 0x00, 0x00, 0xaa, 0xaa, 0xaa, 0x01, 0x00, 0x00, 0x00, 0x00,
  0x00, 0x00, 0x00, 0x00, 0x00, 0x00, 0x00, 0x00, 0x00, 0x00, 0x00, 0x00,
  0xaf, 0xc1, 0xd1, 0x46, 0xb7, 0xca, 0xdb, 0x80, 0xaf, 0xc1, 0xd1, 0x7e,
  0xb0, 0xc2, 0xd2, 0x80, 0xa9, 0xba, 0xce, 0x80, 0x88, 0x96, 0xbd, 0x80,
  0x7e, 0x8c, 0xb8, 0x80, 0x8f, 0x9e, 0xc0, 0x80, 0xae, 0xc0, 0xd0, 0x80,
  0xae, 0xc0, 0xd0, 0x80, 0x8f, 0x9e, 0xc0, 0x80, 0x7e, 0x8c, 0xb8, 0x80,
  0x88, 0x96, 0xbd, 0x80, 0xa9, 0xba, 0xce, 0x80, 0xb0, 0xc2, 0xd2, 0x80,
  0xae, 0xc0, 0xd0, 0x7e, 0xb7, 0xc9, 0xda, 0x80, 0xaf, 0xc1, 0xd0, 0x4c,
  0x00, 0x00, 0x00, 0x00, 0x00, 0x00, 0x00, 0x00, 0x00, 0x00, 0x00, 0x00,
  0x00, 0x00, 0x00, 0x00, 0x00, 0x00, 0x00, 0x00, 0xaa, 0xaa, 0xaa, 0x01,
  0xae, 0xc0, 0xd1, 0x64, 0xb4, 0xc6, 0xd7, 0x80, 0xae, 0xc0, 0xd0, 0x7f,
  0xaf, 0xc1, 0xd1, 0x80, 0xb1, 0xc3, 0xd2, 0x80, 0xa1, 0xb2, 0xca, 0x80,
  0x82, 0x91, 0xba, 0x80, 0x7f, 0x8d, 0xb9, 0x80, 0x99, 0xa9, 0xc6, 0x80,
  0x99, 0xa9, 0xc6, 0x80, 0x7f, 0x8d, 0xb9, 0x80, 0x83, 0x91, 0xba, 0x80,
  0xa2, 0xb2, 0xca, 0x80, 0xb1, 0xc3, 0xd2, 0x80, 0xaf, 0xc1, 0xd1, 0x80,
  0xae, 0xc0, 0xd0, 0x7f, 0xb4, 0xc6, 0xd7, 0x80, 0xae, 0xc0, 0xcf, 0x64,
  0xaa, 0xaa, 0xaa, 0x01, 0x00, 0x00, 0x00, 0x00, 0x00, 0x00, 0x00, 0x00,
  0x00, 0x00, 0x00, 0x00, 0x00, 0x00, 0x00, 0x00, 0xb6, 0xda, 0xda, 0x03,
  0xae, 0xc1, 0xd0, 0x75, 0xb2, 0xc4, 0xd4, 0x80, 0xaf, 0xc1, 0xd1, 0x7f,
  0xaf, 0xc1, 0xd1, 0x80, 0xaf, 0xc1, 0xd1, 0x80, 0xb0, 0xc2, 0xd1, 0x80,
  0x98, 0xa8, 0xc5, 0x80, 0x80, 0x8d, 0xb9, 0x80, 0x82, 0x91, 0xba, 0x80,
  0x83, 0x91, 0xba, 0x80, 0x80, 0x8d, 0xb9, 0x80, 0x99, 0xa8, 0xc6, 0x80,
  0xb0, 0xc2, 0xd2, 0x80, 0xaf, 0xc1, 0xd1, 0x80, 0xaf, 0xc1, 0xd1, 0x80,
  0xae, 0xc0, 0xd0, 0x7f, 0xb2, 0xc5, 0xd5, 0x80, 0xae, 0xc1, 0xd1, 0x6f,
  0xaa, 0xaa, 0xd4, 0x03, 0x00, 0x00, 0x00, 0x00, 0x00, 0x00, 0x00, 0x00,
  0x00, 0x00, 0x00, 0x00, 0x00, 0x00, 0x00, 0x00, 0xaa, 0xc6, 0xc6, 0x04,
  0xaf, 0xc0, 0xd1, 0x7b, 0xb1, 0xc3, 0xd3, 0x80, 0xaf, 0xc1, 0xd1, 0x80,
  0xaf, 0xc1, 0xd1, 0x80, 0xaf, 0xc1, 0xd1, 0x80, 0xaf, 0xc1, 0xd1, 0x80,
  0xae, 0xc0, 0xd0, 0x80, 0x8f, 0x9e, 0xc0, 0x80, 0x80, 0x8e, 0xb9, 0x80,
  0x80, 0x8e, 0xb9, 0x80, 0x8f, 0x9e, 0xc1, 0x80, 0xae, 0xc0, 0xd1, 0x80,
  0xaf, 0xc1, 0xd1, 0x80, 0xaf, 0xc1, 0xd1, 0x80, 0xaf, 0xc1, 0xd1, 0x80,
  0xaf, 0xc1, 0xd1, 0x80, 0xb1, 0xc3, 0xd3, 0x80, 0xaf, 0xc0, 0xd1, 0x7b,
  0xaa, 0xc6, 0xc6, 0x04, 0x00, 0x00, 0x00, 0x00, 0x00, 0x00, 0x00, 0x00,
  0x00, 0x00, 0x00, 0x00, 0x00, 0x00, 0x00, 0x00, 0xaa, 0xc6, 0xc6, 0x04,
  0xaf, 0xc0, 0xd1, 0x7b, 0xb1, 0xc3, 0xd3, 0x80, 0xaf, 0xc1, 0xd1, 0x80,
  0xaf, 0xc1, 0xd1, 0x80, 0xaf, 0xc1, 0xd1, 0x80, 0xaf, 0xc1, 0xd1, 0x80,
  0xae, 0xbf, 0xd0, 0x80, 0x8f, 0x9e, 0xc0, 0x80, 0x80, 0x8e, 0xb9, 0x80,
  0x80, 0x8e, 0xb9, 0x80, 0x8f, 0x9e, 0xc0, 0x80, 0xae, 0xc0, 0xd0, 0x80,
  0xaf, 0xc1, 0xd1, 0x80, 0xaf, 0xc1, 0xd1, 0x80, 0xaf, 0xc1, 0xd1, 0x80,
  0xaf, 0xc1, 0xd1, 0x80, 0xb1, 0xc3, 0xd3, 0x80, 0xaf, 0xc0, 0xd1, 0x7b,
  0xaa, 0xc6, 0xc6, 0x04, 0x00, 0x00, 0x00, 0x00, 0x00, 0x00, 0x00, 0x00,
  0x00, 0x00, 0x00, 0x00, 0x00, 0x00, 0x00, 0x00, 0xaa, 0xaa, 0xd4, 0x03,
  0xae, 0xc1, 0xd1, 0x6f, 0xb2, 0xc5, 0xd5, 0x80, 0xae, 0xc0, 0xd0, 0x7f,
  0xaf, 0xc1, 0xd1, 0x80, 0xaf, 0xc1, 0xd1, 0x80, 0xb0, 0xc2, 0xd1, 0x80,
  0x98, 0xa8, 0xc5, 0x80, 0x80, 0x8e, 0xb9, 0x80, 0x82, 0x91, 0xba, 0x80,
  0x82, 0x91, 0xba, 0x80, 0x80, 0x8d, 0xb9, 0x80, 0x98, 0xa8, 0xc5, 0x80,
  0xb0, 0xc2, 0xd1, 0x80, 0xaf, 0xc1, 0xd1, 0x80, 0xaf, 0xc1, 0xd1, 0x80,
  0xaf, 0xc1, 0xd1, 0x7f, 0xb2, 0xc4, 0xd4, 0x80, 0xae, 0xc1, 0xd0, 0x75,
  0xb6, 0xda, 0xda, 0x03, 0x00, 0x00, 0x00, 0x00, 0x00, 0x00, 0x00, 0x00,
  0x00, 0x00, 0x00, 0x00, 0x00, 0x00, 0x00, 0x00, 0xaa, 0xaa, 0xaa, 0x01,
  0xae, 0xc0, 0xd1, 0x64, 0xb4, 0xc6, 0xd7, 0x80, 0xae, 0xc0, 0xd0, 0x7f,
  0xaf, 0xc1, 0xd1, 0x80, 0xb1, 0xc3, 0xd2, 0x80, 0xa1, 0xb1, 0xca, 0x80,
  0x82, 0x90, 0xba, 0x80, 0x7f, 0x8d, 0xb9, 0x80, 0x9a, 0xaa, 0xc6, 0x80,
  0x99, 0xaa, 0xc6, 0x80, 0x7f, 0x8d, 0xb9, 0x80, 0x82, 0x91, 0xba, 0x80,
  0xa1, 0xb2, 0xca, 0x80, 0xb1, 0xc3, 0xd2, 0x80, 0xaf, 0xc1, 0xd1, 0x80,
  0xae, 0xc0, 0xd0, 0x7f, 0xb4, 0xc6, 0xd7, 0x80, 0xae, 0xc0, 0xcf, 0x64,
  0xaa, 0xaa, 0xaa, 0x01, 0x00, 0x00, 0x00, 0x00, 0x00, 0x00, 0x00, 0x00,
  0x00, 0x00, 0x00, 0x00, 0x00, 0x00, 0x00, 0x00, 0x00, 0x00, 0x00, 0x00,
  0xaf, 0xc1, 0xd2, 0x4c, 0xb7, 0xc9, 0xda, 0x80, 0xae, 0xc0, 0xd0, 0x7e,
  0xb0, 0xc2, 0xd2, 0x80, 0xa9, 0xba, 0xce, 0x80, 0x88, 0x96, 0xbd, 0x80,
  0x7e, 0x8c, 0xb8, 0x80, 0x8f, 0x9e, 0xc1, 0x80, 0xae, 0xc0, 0xd1, 0x80,
  0xae, 0xc0, 0xd0, 0x80, 0x8f, 0x9e, 0xc0, 0x80, 0x7e, 0x8c, 0xb8, 0x80,
  0x88, 0x96, 0xbd, 0x80, 0xa9, 0xba, 0xce, 0x80, 0xb0, 0xc2, 0xd2, 0x80,
  0xaf, 0xc1, 0xd1, 0x7e, 0xb7, 0xca, 0xdb, 0x80, 0xaf, 0xc1, 0xd1, 0x46,
  0x00, 0x00, 0x00, 0x00, 0x00, 0x00, 0x00, 0x00, 0x00, 0x00, 0x00, 0x00,
  0x00, 0x00, 0x00, 0x00, 0xaa, 0xaa, 0xaa, 0x01, 0x00, 0x00, 0x00, 0x00,
  0xad, 0xbf, 0xd0, 0x24, 0xbb, 0xcf, 0xe0, 0x80, 0xae, 0xc1, 0xd0, 0x7d,
  0xb0, 0xc2, 0xd2, 0x80, 0xa9, 0xbb, 0xce, 0x80, 0x86, 0x94, 0xbc, 0x80,
  0x86, 0x94, 0xbc, 0x80, 0xaa, 0xbb, 0xce, 0x80, 0xb0, 0xc2, 0xd1, 0x80,
  0xb0, 0xc2, 0xd1, 0x80, 0xa9, 0xbb, 0xce, 0x80, 0x86, 0x94, 0xbc, 0x80,
  0x86, 0x94, 0xbc, 0x80, 0xaa, 0xbb, 0xce, 0x80, 0xb0, 0xc2, 0xd2, 0x80,
  0xae, 0xc1, 0xd1, 0x7d, 0xbb, 0xce, 0xdf, 0x80, 0xaf, 0xc1, 0xd0, 0x29,
  0x00, 0x00, 0x00, 0x00, 0xff, 0xff, 0xff, 0x01, 0x00, 0x00, 0x00, 0x00,
  0x00, 0x00, 0x00, 0x00, 0xff, 0xff, 0xff, 0x01, 0x00, 0x00, 0x00, 0x00,
  0xb0, 0xc4, 0xd1, 0x13, 0xaf, 0xc1, 0xd1, 0x76, 0xb1, 0xc3, 0xd3, 0x80,
  0xae, 0xc0, 0xd0, 0x7f, 0xb0, 0xc3, 0xd2, 0x80, 0xa1, 0xb2, 0xca, 0x80,
  0xa2, 0xb2, 0xca, 0x80, 0xb0, 0xc3, 0xd2, 0x80, 0xaf, 0xc1, 0xd1, 0x80,
  0xaf, 0xc1, 0xd1, 0x80, 0xb0, 0xc3, 0xd2, 0x80, 0xa1, 0xb2, 0xca, 0x80,
  0xa2, 0xb2, 0xca, 0x80, 0xb0, 0xc3, 0xd2, 0x80, 0xae, 0xc0, 0xd0, 0x7e,
  0xb3, 0xc6, 0xd6, 0x80, 0xae, 0xc1, 0xd0, 0x6d, 0xad, 0xbf, 0xd1, 0x0e,
  0x00, 0x00, 0x00, 0x00, 0x7f, 0x7f, 0xff, 0x01, 0x00, 0x00, 0x00, 0x00,
  0x00, 0x00, 0x00, 0x00, 0x00, 0x00, 0x00, 0x00, 0xaa, 0xaa, 0xaa, 0x01,
  0x00, 0x00, 0x00, 0x00, 0xae, 0xbf, 0xd0, 0x44, 0xb9, 0xcd, 0xdd, 0x80,
  0xae, 0xc1, 0xd1, 0x7d, 0xaf, 0xc1, 0xd1, 0x80, 0xaf, 0xc1, 0xd1, 0x80,
  0xaf, 0xc1, 0xd1, 0x80, 0xaf, 0xc1, 0xd1, 0x80, 0xaf, 0xc1, 0xd1, 0x80,
  0xaf, 0xc1, 0xd1, 0x80, 0xaf, 0xc1, 0xd1, 0x80, 0xaf, 0xc1, 0xd1, 0x80,
  0xaf, 0xc1, 0xd1, 0x80, 0xaf, 0xc1, 0xd1, 0x80, 0xae, 0xc1, 0xd1, 0x7d,
  0xb9, 0xcd, 0xdd, 0x80, 0xae, 0xbf, 0xd0, 0x44, 0x00, 0x00, 0x00, 0x00,
  0xaa, 0xaa, 0xaa, 0x01, 0x00, 0x00, 0x00, 0x00, 0x00, 0x00, 0x00, 0x00,
  0x00, 0x00, 0x00, 0x00, 0x00, 0x00, 0x00, 0x00, 0xaa, 0xaa, 0xaa, 0x01,
  0x00, 0x00, 0x00, 0x00, 0xaf, 0xc0, 0xd1, 0x16, 0xae, 0xc0, 0xd0, 0x74,
  0xb3, 0xc5, 0xd6, 0x80, 0xaf, 0xc1, 0xd1, 0x7e, 0xaf, 0xc1, 0xd1, 0x80,
  0xaf, 0xc1, 0xd1, 0x80, 0xaf, 0xc1, 0xd1, 0x80, 0xaf, 0xc1, 0xd1, 0x80,
  0xaf, 0xc1, 0xd1, 0x80, 0xaf, 0xc1, 0xd1, 0x80, 0xaf, 0xc1, 0xd1, 0x80,
  0xaf, 0xc1, 0xd1, 0x80, 0xaf, 0xc1, 0xd1, 0x7e, 0xb3, 0xc5, 0xd6, 0x80,
  0xae, 0xc0, 0xd0, 0x74, 0xaf, 0xc0, 0xd1, 0x16, 0x00, 0x00, 0x00, 0x00,
  0xaa, 0xaa, 0xaa, 0x01, 0x00, 0x00, 0x00, 0x00, 0x00, 0x00, 0x00, 0x00,
  0x00, 0x00, 0x00, 0x00, 0x00, 0x00, 0x00, 0x00, 0x00, 0x00, 0x00, 0x00,
  0xff, 0xff, 0xff, 0x01, 0x00, 0x00, 0x00, 0x00, 0xaf, 0xc0, 0xd2, 0x33,
  0xb1, 0xc3, 0xd3, 0x80, 0xaf, 0xc1, 0xd1, 0x80, 0xaf, 0xc1, 0xd1, 0x80,
  0xaf, 0xc1, 0xd1, 0x80, 0xaf, 0xc1, 0xd1, 0x80, 0xaf, 0xc1, 0xd1, 0x80,
  0xaf, 0xc1, 0xd1, 0x80, 0xaf, 0xc1, 0xd1, 0x80, 0xaf, 0xc1, 0xd1, 0x80,
  0xaf, 0xc1, 0xd1, 0x80, 0xaf, 0xc1, 0xd1, 0x80, 0xb1, 0xc3, 0xd3, 0x80,
  0xaf, 0xc0, 0xcf, 0x33, 0x00, 0x00, 0x00, 0x00, 0xff, 0xff, 0xff, 0x01,
  0x00, 0x00, 0x00, 0x00, 0x00, 0x00, 0x00, 0x00, 0x00, 0x00, 0x00, 0x00,
  0x00, 0x00, 0x00, 0x00, 0x00, 0x00, 0x00, 0x00, 0x00, 0x00, 0x00, 0x00,
  0x00, 0x00, 0x00, 0x00, 0x00, 0x00, 0x00, 0x00, 0x00, 0x00, 0x00, 0x00,
  0xad, 0xbf, 0xce, 0x44, 0xb1, 0xc3, 0xd3, 0x80, 0xae, 0xc0, 0xd0, 0x7f,
  0xaf, 0xc1, 0xd1, 0x80, 0xaf, 0xc1, 0xd1, 0x80, 0xaf, 0xc1, 0xd1, 0x80,
  0xaf, 0xc1, 0xd1, 0x80, 0xaf, 0xc1, 0xd1, 0x80, 0xaf, 0xc1, 0xd1, 0x80,
  0xae, 0xc0, 0xd0, 0x7f, 0xb1, 0xc3, 0xd3, 0x80, 0xae, 0xc1, 0xd0, 0x44,
  0x00, 0x00, 0x00, 0x00, 0x00, 0x00, 0x00, 0x00, 0x00, 0x00, 0x00, 0x00,
  0x00, 0x00, 0x00, 0x00, 0x00, 0x00, 0x00, 0x00, 0x00, 0x00, 0x00, 0x00,
  0x00, 0x00, 0x00, 0x00, 0x00, 0x00, 0x00, 0x00, 0x00, 0x00, 0x00, 0x00,
  0x00, 0x00, 0x00, 0x00, 0x00, 0x00, 0x00, 0x00, 0xff, 0xff, 0xff, 0x00,
  0x00, 0x00, 0x00, 0x00, 0xad, 0xbe, 0xcf, 0x2d, 0xae, 0xc0, 0xd1, 0x7a,
  0xb1, 0xc3, 0xd3, 0x80, 0xae, 0xc0, 0xd0, 0x7f, 0xaf, 0xc1, 0xd1, 0x80,
  0xaf, 0xc1, 0xd1, 0x80, 0xae, 0xc0, 0xd0, 0x7f, 0xaf, 0xc1, 0xd1, 0x80,
  0xaf, 0xc0, 0xd0, 0x7f, 0xaf, 0xbf, 0xd0, 0x36, 0x00, 0x00, 0x00, 0x00,
  0x7f, 0x7f, 0x7f, 0x01, 0x00, 0x00, 0x00, 0x00, 0x00, 0x00, 0x00, 0x00,
  0x00, 0x00, 0x00, 0x00, 0x00, 0x00, 0x00, 0x00, 0x00, 0x00, 0x00, 0x00,
  0x00, 0x00, 0x00, 0x00, 0x00, 0x00, 0x00, 0x00, 0x00, 0x00, 0x00, 0x00,
  0x00, 0x00, 0x00, 0x00, 0x00, 0x00, 0x00, 0x00, 0x00, 0x00, 0x00, 0x00,
  0x00, 0x00, 0xff, 0x00, 0x00, 0x00, 0x00, 0x00, 0xaa, 0xbf, 0xc9, 0x0c,
  0xad, 0xbf, 0xd0, 0x3e, 0xaf, 0xc0, 0xd1, 0x6e, 0xaf, 0xc1, 0xd1, 0x80,
  0xaf, 0xc0, 0xd0, 0x7c, 0xae, 0xbf, 0xd0, 0x69, 0xae, 0xbf, 0xd0, 0x44,
  0xb0, 0xc4, 0xd7, 0x06, 0x00, 0x00, 0x00, 0x00, 0x00, 0x00, 0x00, 0x00,
  0x00, 0x00, 0x00, 0x00, 0x00, 0x00, 0x00, 0x00, 0x00, 0x00, 0x00, 0x00,
  0x00, 0x00, 0x00, 0x00, 0x00, 0x00, 0x00, 0x00, 0x00, 0x00, 0x00, 0x00,
  0x00, 0x00, 0x00, 0x00, 0x00, 0x00, 0x00, 0x00, 0x00, 0x00, 0x00, 0x00,
  0x00, 0x00, 0x00, 0x00, 0x00, 0x00, 0x00, 0x00, 0x00, 0x00, 0x00, 0x00,
  0x00, 0x00, 0x00, 0x00, 0x00, 0x00, 0x00, 0x00, 0x00, 0x00, 0x00, 0x00,
  0x00, 0x00, 0x00, 0x00, 0x00, 0x00, 0x00, 0x00, 0x00, 0x00, 0x00, 0x00,
  0x00, 0x00, 0x00, 0x00, 0x00, 0x00, 0x00, 0x00, 0x00, 0x00, 0x00, 0x00,
  0x00, 0x00, 0x00, 0x00, 0x00, 0x00, 0x00, 0x00, 0x00, 0x00, 0x00, 0x00,
  0x00, 0x00, 0x00, 0x00, 0x00, 0x00, 0x00, 0x00, 0x00, 0x00, 0x00, 0x00,
  0x00, 0x00, 0x00, 0x00, 0x00, 0x00, 0x00, 0x00, 0x00, 0x00, 0x00, 0x00,
  0x00, 0x00, 0x00, 0x00, 0x00, 0x00, 0x00, 0x00, 0x00, 0x00, 0x00, 0x00,
  0x00, 0x00, 0x00, 0x00, 0x00, 0x00, 0x00, 0x00, 0x00, 0x00, 0x00, 0x00,
  0x00, 0x00, 0x00, 0x00, 0x00, 0x00, 0x00, 0x00, 0x00, 0x00, 0x00, 0x00,
  0x00, 0x00, 0x00, 0x00, 0x00, 0x00, 0x00, 0x00, 0x00, 0x00, 0x00, 0x00,
  0x00, 0x00, 0x00, 0x00, 0x00, 0x00, 0x00, 0x00, 0x00, 0x00, 0x00, 0x00,
  0x00, 0x00, 0x00, 0x00, 0x00, 0x00, 0x00, 0x00, 0x00, 0x00, 0x00, 0x00,
  0x00, 0x00, 0x00, 0x00, 0x00, 0x00, 0x00, 0x00, 0x00, 0x00, 0x00, 0x00,
  0x00, 0x00, 0x00, 0x00, 0x00, 0x00, 0x00, 0x00, 0x00, 0x00, 0x00, 0x00,
  0x00, 0x00, 0x00, 0x00, 0x00, 0x00, 0x00, 0x00, 0x00, 0x00, 0x00, 0x00,
  0x00, 0x00, 0x00, 0x00, 0x00, 0x00, 0x00, 0x00, 0x00, 0x00, 0x00, 0x00,
  0x00, 0x00, 0x00, 0x00, 0x00, 0x00, 0x00, 0x00, 0x00, 0x00, 0x00, 0x00,
  0x00, 0x00, 0x00, 0x00, 0x00, 0x00, 0x00, 0x00, 0x00, 0x00, 0x00, 0x00,
  0x00, 0x00, 0x00, 0x00, 0x00, 0x00, 0x00, 0x00, 0x00, 0x00, 0x00, 0x00,
  0x00, 0x00, 0x00, 0x00, 0x00, 0x00, 0x00, 0x00, 0x00, 0x00, 0x00, 0x00,
  0x00, 0x00, 0x00, 0x00, 0x00, 0x00, 0x00, 0x00, 0x00, 0x00, 0x00, 0x00,
  0x00, 0x00, 0x00, 0x00, 0x00, 0x00, 0x00, 0x00, 0x00, 0x00, 0x00, 0x00,
  0x00, 0x00, 0x00, 0x00, 0x00, 0x00, 0x00, 0x00, 0x00, 0x00, 0x00, 0x00,
  0x00, 0x00, 0x00, 0x00, 0x00, 0x00, 0x00, 0x00, 0x00, 0x00, 0x00, 0x00,
  0x00, 0x00, 0x00, 0x00, 0x00, 0x00, 0x00, 0x00, 0x00, 0x00, 0x00, 0x00,
  0x00, 0x00, 0x00, 0x00, 0x00, 0x00, 0x00, 0x00, 0x00, 0x00, 0x00, 0x00,
  0x00, 0x00, 0x00, 0x00, 0x00, 0x00, 0x00, 0x00, 0x00, 0x00, 0x00, 0x00,
  0x00, 0x00, 0x00, 0x00, 0x00, 0x00, 0x00, 0x00, 0x00, 0x00, 0x00, 0x00,
  0x00, 0x00, 0x00, 0x00, 0x00, 0x00, 0x00, 0x00, 0x00, 0x00, 0x00, 0x00,
  0x00, 0x00, 0x00, 0x00, 0x00, 0x00, 0x00, 0x00, 0x00, 0x00, 0x00, 0x00,
};

static unsigned char sprite_circle_data[] = {
  0x00, 0x00, 0x00, 0x00, 0x00, 0x00, 0x00, 0x00, 0x00, 0x00, 0x00, 0x00,
  0x00, 0x00, 0x00, 0x00, 0x00, 0x00, 0x00, 0x00, 0x00, 0x00, 0x00, 0x00,
  0x00, 0x00, 0x00, 0x00, 0x00, 0x00, 0x00, 0x00, 0x00, 0x00, 0x00, 0x00,
  0x00, 0x00, 0x00, 0x00, 0x00, 0x00, 0x00, 0x00, 0x00, 0x00, 0x00, 0x00,
  0x00, 0x00, 0x00, 0x00, 0x00, 0x00, 0x00, 0x00, 0x00, 0x00, 0x00, 0x00,
  0x00, 0x00, 0x00, 0x00, 0x00, 0x00, 0x00, 0x00, 0x00, 0x00, 0x00, 0x00,
  0x00, 0x00, 0x00, 0x00, 0x00, 0x00, 0x00, 0x00, 0x00, 0x00, 0x00, 0x00,
  0x00, 0x00, 0x00, 0x00, 0x00, 0x00, 0x00, 0x00, 0x00, 0x00, 0x00, 0x00,
  0x00, 0x00, 0x00, 0x00, 0x00, 0x00, 0x00, 0x00, 0x00, 0x00, 0x00, 0x00,
  0x00, 0x00, 0x00, 0x00, 0x00, 0x00, 0x00, 0x00, 0x00, 0x00, 0x00, 0x00,
  0x00, 0x00, 0x00, 0x00, 0x00, 0x00, 0x00, 0x00, 0x00, 0x00, 0x00, 0x00,
  0x00, 0x00, 0x00, 0x00, 0x00, 0x00, 0x00, 0x00, 0x00, 0x00, 0x00, 0x00,
  0x00, 0x00, 0x00, 0x00, 0x00, 0x00, 0x00, 0x00, 0x00, 0x00, 0x00, 0x00,
  0x00, 0x00, 0x00, 0x00, 0x00, 0x00, 0x00, 0x00, 0x00, 0x00, 0x00, 0x00,
  0x00, 0x00, 0x00, 0x00, 0x00, 0x00, 0x00, 0x00, 0x00, 0x00, 0x00, 0x00,
  0x00, 0x00, 0x00, 0x00, 0x00, 0x00, 0x00, 0x00, 0x00, 0x00, 0x00, 0x00,
  0x00, 0x00, 0x00, 0x00, 0x00, 0x00, 0x00, 0x00, 0x00, 0x00, 0x00, 0x00,
  0x00, 0x00, 0x00, 0x00, 0x00, 0x00, 0x00, 0x00, 0x00, 0x00, 0x00, 0x00,
  0x00, 0x00, 0x00, 0x00, 0x00, 0x00, 0x00, 0x00, 0x00, 0x00, 0x00, 0x00,
  0x00, 0x00, 0x00, 0x00, 0x00, 0x00, 0x00, 0x00, 0x00, 0x00, 0x00, 0x00,
  0x00, 0x00, 0x00, 0x00, 0x00, 0x00, 0x00, 0x00, 0x00, 0x00, 0x00, 0x00,
  0x00, 0x00, 0x00, 0x00, 0x00, 0x00, 0x00, 0x00, 0x00, 0x00, 0x00, 0x00,
  0x00, 0x00, 0x00, 0x00, 0x00, 0x00, 0x00, 0x00, 0x00, 0x00, 0x00, 0x00,
  0x00, 0x00, 0x00, 0x00, 0x00, 0x00, 0x00, 0x00, 0x00, 0x00, 0x00, 0x00,
  0x00, 0x00, 0x00, 0x00, 0x00, 0x00, 0x00, 0x00, 0x00, 0x00, 0x00, 0x00,
  0x00, 0x00, 0x00, 0x00, 0x00, 0x00, 0x00, 0x00, 0x00, 0x00, 0x00, 0x00,
  0x00, 0x00, 0x00, 0x00, 0x00, 0x00, 0x00, 0x00, 0x00, 0x00, 0x00, 0x00,
  0x00, 0x00, 0x00, 0x00, 0x00, 0x00, 0x00, 0x00, 0x00, 0x00, 0x00, 0x00,
  0x00, 0x00, 0x00, 0x00, 0x00, 0x00, 0x00, 0x00, 0x00, 0x00, 0x00, 0x00,
  0x00, 0x00, 0x00, 0x00, 0x00, 0x00, 0x00, 0x00, 0x00, 0x00, 0x00, 0x00,
  0x00, 0x00, 0x00, 0x00, 0x00, 0x00, 0x00, 0x00, 0x00, 0x00, 0x00, 0x00,
  0x00, 0x00, 0x00, 0x00, 0x00, 0x00, 0x00, 0x00, 0x00, 0x00, 0x00, 0x00,
  0x00, 0x00, 0x00, 0x00, 0x00, 0x00, 0x00, 0x00, 0x00, 0x00, 0x00, 0x00,
  0x00, 0x00, 0x00, 0x00, 0x00, 0x00, 0x00, 0x00, 0x00, 0x00, 0x00, 0x00,
  0x00, 0x00, 0x00, 0x00, 0x00, 0x00, 0x00, 0x00, 0xb0, 0xc4, 0xd7, 0x06,
  0xae, 0xc1, 0xd2, 0x44, 0xae, 0xc1, 0xd2, 0x69, 0xaf, 0xc1, 0xd0, 0x7c,
  0xaf, 0xc1, 0xd1, 0x80, 0xaf, 0xc1, 0xd0, 0x6e, 0xaf, 0xbf, 0xd0, 0x3e,
  0xaa, 0xbf, 0xc9, 0x0c, 0x00, 0x00, 0x00, 0x00, 0x00, 0x00, 0xff, 0x00,
  0x00, 0x00, 0x00, 0x00, 0x00, 0x00, 0x00, 0x00, 0x00, 0x00, 0x00, 0x00,
  0x00, 0x00, 0x00, 0x00, 0x00, 0x00, 0x00, 0x00, 0x00, 0x00, 0x00, 0x00,
  0x00, 0x00, 0x00, 0x00, 0x00, 0x00, 0x00, 0x00, 0x00, 0x00, 0x00, 0x00,
  0x00, 0x00, 0x00, 0x00, 0x00, 0x00, 0x00, 0x00, 0x7f, 0x7f, 0xff, 0x01,
  0x00, 0x00, 0x00, 0x00, 0xaf, 0xc2, 0xd2, 0x36, 0xaf, 0xc1, 0xd1, 0x7f,
  0xaf, 0xc1, 0xd1, 0x80, 0xae, 0xc0, 0xd0, 0x7f, 0xaf, 0xc1, 0xd1, 0x80,
  0xaf, 0xc1, 0xd1, 0x80, 0xae, 0xc0, 0xd0, 0x7f, 0xb1, 0xc3, 0xd3, 0x80,
  0xae, 0xc1, 0xd1, 0x7a, 0xad, 0xc1, 0xd2, 0x2d, 0x00, 0x00, 0x00, 0x00,
  0xff, 0xff, 0xff, 0x00, 0x00, 0x00, 0x00, 0x00, 0x00, 0x00, 0x00, 0x00,
  0x00, 0x00, 0x00, 0x00, 0x00, 0x00, 0x00, 0x00, 0x00, 0x00, 0x00, 0x00,
  0x00, 0x00, 0x00, 0x00, 0x00, 0x00, 0x00, 0x00, 0x00, 0x00, 0x00, 0x00,
  0x00, 0x00, 0x00, 0x00, 0x00, 0x00, 0x00, 0x00, 0x00, 0x00, 0x00, 0x00,
  0xae, 0xc1, 0xce, 0x44, 0xb1, 0xc3, 0xd3, 0x80, 0xae, 0xc0, 0xd0, 0x7f,
  0xaf, 0xc1, 0xd1, 0x80, 0xaf, 0xc1, 0xd1, 0x80, 0xaf, 0xc1, 0xd1, 0x80,
  0xaf, 0xc1, 0xd1, 0x80, 0xaf, 0xc1, 0xd1, 0x80, 0xaf, 0xc1, 0xd1, 0x80,
  0xae, 0xc0, 0xd0, 0x7f, 0xb1, 0xc3, 0xd3, 0x80, 0xae, 0xbf, 0xce, 0x44,
  0x00, 0x00, 0x00, 0x00, 0x00, 0x00, 0x00, 0x00, 0x00, 0x00, 0x00, 0x00,
  0x00, 0x00, 0x00, 0x00, 0x00, 0x00, 0x00, 0x00, 0x00, 0x00, 0x00, 0x00,
  0x00, 0x00, 0x00, 0x00, 0x00, 0x00, 0x00, 0x00, 0x00, 0x00, 0x00, 0x00,
  0xff, 0xff, 0xff, 0x01, 0x00, 0x00, 0x00, 0x00, 0xaf, 0xc0, 0xd2, 0x33,
  0xb1, 0xc3, 0xd3, 0x80, 0xaf, 0xc1, 0xd1, 0x80, 0xaf, 0xc1, 0xd1, 0x80,
  0xaf, 0xc1, 0xd1, 0x80, 0xaf, 0xc1, 0xd1, 0x80, 0xaf, 0xc1, 0xd1, 0x80,
  0xaf, 0xc1, 0xd1, 0x80, 0xaf, 0xc1, 0xd1, 0x80, 0xaf, 0xc1, 0xd1, 0x80,
  0xaf, 0xc1, 0xd1, 0x80, 0xaf, 0xc1, 0xd1, 0x80, 0xb1, 0xc3, 0xd3, 0x80,
  0xaf, 0xc0, 0xcf, 0x33, 0x00, 0x00, 0x00, 0x00, 0xff, 0xff, 0xff, 0x01,
  0x00, 0x00, 0x00, 0x00, 0x00, 0x00, 0x00, 0x00, 0x00, 0x00, 0x00, 0x00,
  0x00, 0x00, 0x00, 0x00, 0x00, 0x00, 0x00, 0x00, 0xaa, 0xaa, 0xaa, 0x01,
  0x00, 0x00, 0x00, 0x00, 0xaf, 0xc0, 0xd1, 0x16, 0xae, 0xc1, 0xd0, 0x74,
  0xb3, 0xc5, 0xd6, 0x80, 0xaf, 0xc1, 0xd1, 0x7e, 0xaf, 0xc1, 0xd1, 0x80,
  0xaf, 0xc1, 0xd1, 0x80, 0xaf, 0xc1, 0xd1, 0x80, 0xaf, 0xc1, 0xd1, 0x80,
  0xaf, 0xc1, 0xd1, 0x80, 0xaf, 0xc1, 0xd1, 0x80, 0xaf, 0xc1, 0xd1, 0x80,
  0xaf, 0xc1, 0xd1, 0x80, 0xaf, 0xc1, 0xd1, 0x7e, 0xb3, 0xc5, 0xd6, 0x80,
  0xae, 0xc0, 0xd0, 0x74, 0xaf, 0xc0, 0xd1, 0x16, 0x00, 0x00, 0x00, 0x00,
  0xaa, 0xaa, 0xaa, 0x01, 0x00, 0x00, 0x00, 0x00, 0x00, 0x00, 0x00, 0x00,
  0x00, 0x00, 0x00, 0x00, 0x00, 0x00, 0x00, 0x00, 0xaa, 0xaa, 0xaa, 0x01,
  0x00, 0x00, 0x00, 0x00, 0xae, 0xbf, 0xd0, 0x44, 0xb9, 0xcd, 0xdd, 0x80,
  0xae, 0xc1, 0xd1, 0x7d, 0xaf, 0xc0, 0xd0, 0x80, 0xae, 0xc2, 0xd3, 0x80,
  0xb4, 0xb3, 0xc2, 0x80, 0xcb, 0x79, 0x7d, 0x80, 0xd6, 0x5c, 0x5b, 0x80,
  0xd4, 0x60, 0x60, 0x80, 0xcb, 0x76, 0x7a, 0x80, 0xb8, 0xaa, 0xb6, 0x80,
  0xae, 0xc3, 0xd3, 0x80, 0xaf, 0xc0, 0xd0, 0x80, 0xae, 0xc1, 0xd1, 0x7d,
  0xb9, 0xcd, 0xdd, 0x80, 0xae, 0xbf, 0xd0, 0x44, 0x00, 0x00, 0x00, 0x00,
  0xaa, 0xaa, 0xaa, 0x01, 0x00, 0x00, 0x00, 0x00, 0x00, 0x00, 0x00, 0x00,
  0x00, 0x00, 0x00, 0x00, 0x7f, 0x7f, 0xff, 0x01, 0x00, 0x00, 0x00, 0x00,
  0xad, 0xc8, 0xd1, 0x0e, 0xae, 0xc1, 0xd1, 0x6d, 0xb3, 0xc6, 0xd6, 0x80,
  0xaf, 0xc0, 0xcf, 0x7e, 0xae, 0xc4, 0xd5, 0x80, 0xbb, 0xa2, 0xad, 0x80,
  0xd5, 0x60, 0x61, 0x80, 0xd6, 0x5b, 0x5b, 0x80, 0xd6, 0x5c, 0x5c, 0x80,
  0xd6, 0x5c, 0x5c, 0x80, 0xd6, 0x5b, 0x5b, 0x80, 0xd4, 0x60, 0x60, 0x80,
  0xbc, 0x9e, 0xa8, 0x80, 0xae, 0xc5, 0xd5, 0x80, 0xae, 0xbf, 0xcf, 0x7f,
  0xb1, 0xc3, 0xd3, 0x80, 0xaf, 0xc1, 0xd0, 0x76, 0xb0, 0xc4, 0xd1, 0x13,
  0x00, 0x00, 0x00, 0x00, 0xff, 0xff, 0xff, 0x01, 0x00, 0x00, 0x00, 0x00,
  0x00, 0x00, 0x00, 0x00, 0xff, 0xff, 0xff, 0x01, 0x00, 0x00, 0x00, 0x00,
  0xaf, 0xc1, 0xd0, 0x29, 0xbb, 0xce, 0xdf, 0x80, 0xaf, 0xc0, 0xd0, 0x7d,
  0xae, 0xc4, 0xd5, 0x80, 0xb6, 0xaf, 0xbc, 0x80, 0xd3, 0x66, 0x67, 0x80,
  0xd8, 0x58, 0x57, 0x80, 0xd1, 0x67, 0x69, 0x80, 0xc5, 0x87, 0x8e, 0x80,
  0xc3, 0x8b, 0x92, 0x80, 0xd2, 0x67, 0x69, 0x80, 0xd8, 0x57, 0x57, 0x80,
  0xd1, 0x68, 0x6a, 0x80, 0xb4, 0xb3, 0xc0, 0x80, 0xae, 0xc4, 0xd4, 0x80,
  0xaf, 0xc0, 0xd0, 0x7d, 0xbb, 0xcf, 0xe0, 0x80, 0xad, 0xbf, 0xd0, 0x24,
  0x00, 0x00, 0x00, 0x00, 0xaa, 0xaa, 0xaa, 0x01, 0x00, 0x00, 0x00, 0x00,
  0x00, 0x00, 0x00, 0x00, 0x00, 0x00, 0x00, 0x00, 0x00, 0x00, 0x00, 0x00,
  0xaf, 0xc1, 0xd1, 0x46, 0xb7, 0xca, 0xdb, 0x80, 0xb0, 0xc0, 0xd0, 0x7e,
  0xad, 0xc6, 0xd6, 0x80, 0xc4, 0x8b, 0x93, 0x80, 0xda, 0x53, 0x51, 0x80,
  0xce, 0x72, 0x75, 0x80, 0xb1, 0xba, 0xc9, 0x80, 0xaf, 0xc1, 0xd2, 0x80,
  0xae, 0xc2, 0xd3, 0x80, 0xb3, 0xb6, 0xc4, 0x80, 0xcf, 0x6f, 0x72, 0x80,
  0xda, 0x53, 0x51, 0x80, 0xc2, 0x8f, 0x97, 0x80, 0xac, 0xc8, 0xd9, 0x80,
  0xaf, 0xbf, 0xce, 0x7e, 0xb7, 0xc9, 0xda, 0x80, 0xaf, 0xc1, 0xd0, 0x4c,
  0x00, 0x00, 0x00, 0x00, 0x00, 0x00, 0x00, 0x00, 0x00, 0x00, 0x00, 0x00,
  0x00, 0x00, 0x00, 0x00, 0x00, 0x00, 0x00, 0x00, 0xaa, 0xaa, 0xaa, 0x01,
  0xae, 0xc0, 0xd1, 0x64, 0xb4, 0xc5, 0xd6, 0x80, 0xad, 0xc3, 0xd3, 0x7f,
  0xb3, 0xb6, 0xc4, 0x80, 0xd0, 0x69, 0x6b, 0x80, 0xd7, 0x5a, 0x5a, 0x80,
  0xb8, 0xa7, 0xb4, 0x80, 0xae, 0xc4, 0xd5, 0x80, 0xaf, 0xc0, 0xd0, 0x80,
  0xaf, 0xc0, 0xd0, 0x80, 0xae, 0xc4, 0xd4, 0x80, 0xb7, 0xac, 0xb9, 0x80,
  0xd7, 0x59, 0x59, 0x80, 0xce, 0x71, 0x74, 0x80, 0xb2, 0xba, 0xc9, 0x80,
  0xad, 0xc2, 0xd2, 0x7f, 0xb4, 0xc6, 0xd6, 0x80, 0xae, 0xc0, 0xcf, 0x64,
  0xaa, 0xaa, 0xaa, 0x01, 0x00, 0x00, 0x00, 0x00, 0x00, 0x00, 0x00, 0x00,
  0x00, 0x00, 0x00, 0x00, 0x00, 0x00, 0x00, 0x00, 0xb6, 0xda, 0xda, 0x03,
  0xae, 0xc1, 0xd0, 0x75, 0xb2, 0xc3, 0xd3, 0x80, 0xad, 0xc5, 0xd5, 0x7f,
  0xb6, 0xb0, 0xbd, 0x80, 0xd6, 0x5d, 0x5d, 0x80, 0xcd, 0x71, 0x75, 0x80,
  0xaf, 0xc0, 0xd0, 0x80, 0xaf, 0xc2, 0xd2, 0x80, 0xaf, 0xc1, 0xd1, 0x80,
  0xaf, 0xc1, 0xd1, 0x80, 0xaf, 0xc2, 0xd2, 0x80, 0xaf, 0xc0, 0xd0, 0x80,
  0xcd, 0x72, 0x75, 0x80, 0xd7, 0x59, 0x59, 0x80, 0xb6, 0xae, 0xbb, 0x80,
  0xad, 0xc5, 0xd6, 0x7f, 0xb3, 0xc4, 0xd4, 0x80, 0xae, 0xc1, 0xd1, 0x6f,
  0xaa, 0xaa, 0xd4, 0x03, 0x00, 0x00, 0x00, 0x00, 0x00, 0x00, 0x00, 0x00,
  0x00, 0x00, 0x00, 0x00, 0x00, 0x00, 0x00, 0x00, 0xaa, 0xc6, 0xc6, 0x04,
  0xaf, 0xc0, 0xd1, 0x7b, 0xb1, 0xc2, 0xd2, 0x80, 0xad, 0xc6, 0xd7, 0x80,
  0xb8, 0xaa, 0xb7, 0x80, 0xdb, 0x50, 0x4e, 0x80, 0xc5, 0x86, 0x8c, 0x80,
  0xaf, 0xc2, 0xd2, 0x80, 0xaf, 0xc1, 0xd1, 0x80, 0xaf, 0xc1, 0xd1, 0x80,
  0xaf, 0xc1, 0xd1, 0x80, 0xaf, 0xc1, 0xd1, 0x80, 0xaf, 0xc2, 0xd2, 0x80,
  0xc8, 0x81, 0x87, 0x80, 0xda, 0x50, 0x4f, 0x80, 0xb8, 0xaa, 0xb6, 0x80,
  0xad, 0xc6, 0xd7, 0x80, 0xb1, 0xc2, 0xd2, 0x80, 0xaf, 0xc0, 0xd1, 0x7b,
  0xaa, 0xc6, 0xc6, 0x04, 0x00, 0x00, 0x00, 0x00, 0x00, 0x00, 0x00, 0x00,
  0x00, 0x00, 0x00, 0x00, 0x00, 0x00, 0x00, 0x00, 0xaa, 0xc6, 0xc6, 0x04,
  0xaf, 0xc0, 0xd1, 0x7b, 0xb1, 0xc2, 0xd2, 0x80, 0xad, 0xc6, 0xd7, 0x80,
  0xb8, 0xaa, 0xb6, 0x80, 0xdb, 0x50, 0x4f, 0x80, 0xc7, 0x81, 0x87, 0x80,
  0xaf, 0xc2, 0xd2, 0x80, 0xaf, 0xc1, 0xd1, 0x80, 0xaf, 0xc1, 0xd1, 0x80,
  0xaf, 0xc1, 0xd1, 0x80, 0xaf, 0xc1, 0xd1, 0x80, 0xaf, 0xc2, 0xd2, 0x80,
  0xc5, 0x86, 0x8c, 0x80, 0xdb, 0x50, 0x4e, 0x80, 0xb8, 0xaa, 0xb7, 0x80,
  0xad, 0xc6, 0xd7, 0x80, 0xb1, 0xc2, 0xd2, 0x80, 0xaf, 0xc0, 0xd1, 0x7b,
  0xaa, 0xc6, 0xc6, 0x04, 0x00, 0x00, 0x00, 0x00, 0x00, 0x00, 0x00, 0x00,
  0x00, 0x00, 0x00, 0x00, 0x00, 0x00, 0x00, 0x00, 0xaa, 0xaa, 0xd4, 0x03,
  0xae, 0xc1, 0xd1, 0x6f, 0xb3, 0xc4, 0xd4, 0x80, 0xad, 0xc5, 0xd6, 0x7f,
  0xb6, 0xae, 0xbb, 0x80, 0xd7, 0x59, 0x58, 0x80, 0xcd, 0x72, 0x76, 0x80,
  0xaf, 0xc0, 0xd0, 0x80, 0xaf, 0xc2, 0xd2, 0x80, 0xaf, 0xc1, 0xd1, 0x80,
  0xaf, 0xc1, 0xd1, 0x80, 0xaf, 0xc2, 0xd2, 0x80, 0xaf, 0xc0, 0xd0, 0x80,
  0xcd, 0x71, 0x75, 0x80, 0xd6, 0x5d, 0x5d, 0x80, 0xb6, 0xb0, 0xbd, 0x80,
  0xad, 0xc5, 0xd5, 0x7f, 0xb2, 0xc3, 0xd3, 0x80, 0xae, 0xc1, 0xd0, 0x75,
  0xb6, 0xda, 0xda, 0x03, 0x00, 0x00, 0x00, 0x00, 0x00, 0x00, 0x00, 0x00,
  0x00, 0x00, 0x00, 0x00, 0x00, 0x00, 0x00, 0x00, 0xaa, 0xaa, 0xaa, 0x01,
  0xae, 0xc0, 0xd1, 0x64, 0xb4, 0xc6, 0xd6, 0x80, 0xad, 0xc2, 0xd2, 0x7f,
  0xb2, 0xba, 0xc9, 0x80, 0xce, 0x71, 0x74, 0x80, 0xd7, 0x59, 0x59, 0x80,
  0xb7, 0xac, 0xb9, 0x80, 0xae, 0xc4, 0xd4, 0x80, 0xaf, 0xc0, 0xd0, 0x80,
  0xaf, 0xc0, 0xd0, 0x80, 0xae, 0xc4, 0xd5, 0x80, 0xb9, 0xa7, 0xb3, 0x80,
  0xd7, 0x5a, 0x5a, 0x80, 0xd0, 0x6a, 0x6c, 0x80, 0xb3, 0xb6, 0xc4, 0x80,
  0xad, 0xc3, 0xd3, 0x7f, 0xb4, 0xc6, 0xd6, 0x80, 0xae, 0xc0, 0xcf, 0x64,
  0xaa, 0xaa, 0xaa, 0x01, 0x00, 0x00, 0x00, 0x00, 0x00, 0x00, 0x00, 0x00,
  0x00, 0x00, 0x00, 0x00, 0x00, 0x00, 0x00, 0x00, 0x00, 0x00, 0x00, 0x00,
  0xaf, 0xc1, 0xd2, 0x4c, 0xb7, 0xc9, 0xda, 0x80, 0xaf, 0xbf, 0xce, 0x7e,
  0xad, 0xc8, 0xd9, 0x80, 0xc3, 0x8f, 0x97, 0x80, 0xda, 0x52, 0x51, 0x80,
  0xce, 0x70, 0x72, 0x80, 0xb3, 0xb6, 0xc4, 0x80, 0xaf, 0xc2, 0xd3, 0x80,
  0xaf, 0xc2, 0xd2, 0x80, 0xb2, 0xb9, 0xc8, 0x80, 0xce, 0x71, 0x75, 0x80,
  0xda, 0x53, 0x51, 0x80, 0xc4, 0x8c, 0x93, 0x80, 0xad, 0xc6, 0xd7, 0x80,
  0xb0, 0xc0, 0xd0, 0x7e, 0xb7, 0xca, 0xdb, 0x80, 0xaf, 0xc1, 0xd1, 0x46,
  0x00, 0x00, 0x00, 0x00, 0x00, 0x00, 0x00, 0x00, 0x00, 0x00, 0x00, 0x00,
  0x00, 0x00, 0x00, 0x00, 0xaa, 0xaa, 0xaa, 0x01, 0x00, 0x00, 0x00, 0x00,
  0xad, 0xbf, 0xd0, 0x24, 0xbb, 0xcf, 0xe0, 0x80, 0xaf, 0xc0, 0xd0, 0x7d,
  0xae, 0xc4, 0xd4, 0x80, 0xb5, 0xb3, 0xc0, 0x80, 0xd2, 0x68, 0x6a, 0x80,
  0xd8, 0x57, 0x57, 0x80, 0xd2, 0x67, 0x69, 0x80, 0xc3, 0x8b, 0x92, 0x80,
  0xc5, 0x86, 0x8e, 0x80, 0xd1, 0x67, 0x69, 0x80, 0xd8, 0x58, 0x57, 0x80,
  0xd2, 0x66, 0x67, 0x80, 0xb6, 0xaf, 0xbc, 0x80, 0xae, 0xc4, 0xd5, 0x80,
  0xaf, 0xc0, 0xd0, 0x7d, 0xbb, 0xce, 0xdf, 0x80, 0xaf, 0xc1, 0xd0, 0x29,
  0x00, 0x00, 0x00, 0x00, 0xff, 0xff, 0xff, 0x01, 0x00, 0x00, 0x00, 0x00,
  0x00, 0x00, 0x00, 0x00, 0xff, 0xff, 0xff, 0x01, 0x00, 0x00, 0x00, 0x00,
  0xb0, 0xc4, 0xd1, 0x13, 0xaf, 0xc1, 0xd1, 0x76, 0xb1, 0xc3, 0xd3, 0x80,
  0xae, 0xbf, 0xcf, 0x7f, 0xae, 0xc5, 0xd5, 0x80, 0xbd, 0x9d, 0xa8, 0x80,
  0xd5, 0x60, 0x60, 0x80, 0xd6, 0x5c, 0x5b, 0x80, 0xd6, 0x5c, 0x5c, 0x80,
  0xd6, 0x5c, 0x5c, 0x80, 0xd6, 0x5b, 0x5b, 0x80, 0xd4, 0x61, 0x61, 0x80,
  0xba, 0xa2, 0xae, 0x80, 0xae, 0xc4, 0xd5, 0x80, 0xaf, 0xc0, 0xcf, 0x7e,
  0xb3, 0xc6, 0xd6, 0x80, 0xae, 0xc1, 0xd0, 0x6d, 0xad, 0xbf, 0xd1, 0x0e,
  0x00, 0x00, 0x00, 0x00, 0x7f, 0x7f, 0xff, 0x01, 0x00, 0x00, 0x00, 0x00,
  0x00, 0x00, 0x00, 0x00, 0x00, 0x00, 0x00, 0x00, 0xaa, 0xaa, 0xaa, 0x01,
  0x00, 0x00, 0x00, 0x00, 0xae, 0xbf, 0xd0, 0x44, 0xb9, 0xcd, 0xdd, 0x80,
  0xae, 0xc1, 0xd1, 0x7d, 0xaf, 0xc0, 0xd0, 0x80, 0xae, 0xc3, 0xd3, 0x80,
  0xb8, 0xab, 0xb7, 0x80, 0xcc, 0x76, 0x7a, 0x80, 0xd5, 0x60, 0x60, 0x80,
  0xd6, 0x5c, 0x5b, 0x80, 0xca, 0x7a, 0x7e, 0x80, 0xb4, 0xb4, 0xc2, 0x80,
  0xae, 0xc2, 0xd3, 0x80, 0xaf, 0xc0, 0xd0, 0x80, 0xae, 0xc1, 0xd1, 0x7d,
  0xb9, 0xcd, 0xdd, 0x80, 0xae, 0xbf, 0xd0, 0x44, 0x00, 0x00, 0x00, 0x00,
  0xaa, 0xaa, 0xaa, 0x01, 0x00, 0x00, 0x00, 0x00, 0x00, 0x00, 0x00, 0x00,
  0x00, 0x00, 0x00, 0x00, 0x00, 0x00, 0x00, 0x00, 0xaa, 0xaa, 0xaa, 0x01,
  0x00, 0x00, 0x00, 0x00, 0xaf, 0xc0, 0xd1, 0x16, 0xae, 0xc0, 0xd0, 0x74,
  0xb3, 0xc5, 0xd6, 0x80, 0xaf, 0xc1, 0xd1, 0x7e, 0xaf, 0xc1, 0xd1, 0x80,
  0xaf, 0xc1, 0xd1, 0x80, 0xaf, 0xc1, 0xd1, 0x80, 0xaf, 0xc1, 0xd1, 0x80,
  0xaf, 0xc1, 0xd1, 0x80, 0xaf, 0xc1, 0xd1, 0x80, 0xaf, 0xc1, 0xd1, 0x80,
  0xaf, 0xc1, 0xd1, 0x80, 0xaf, 0xc1, 0xd1, 0x7e, 0xb3, 0xc5, 0xd6, 0x80,
  0xae, 0xc0, 0xd0, 0x74, 0xaf, 0xc0, 0xd1, 0x16, 0x00, 0x00, 0x00, 0x00,
  0xaa, 0xaa, 0xaa, 0x01, 0x00, 0x00, 0x00, 0x00, 0x00, 0x00, 0x00, 0x00,
  0x00, 0x00, 0x00, 0x00, 0x00, 0x00, 0x00, 0x00, 0x00, 0x00, 0x00, 0x00,
  0xff, 0xff, 0xff, 0x01, 0x00, 0x00, 0x00, 0x00, 0xaf, 0xc0, 0xd2, 0x33,
  0xb1, 0xc3, 0xd3, 0x80, 0xaf, 0xc1, 0xd1, 0x80, 0xaf, 0xc1, 0xd1, 0x80,
  0xaf, 0xc1, 0xd1, 0x80, 0xaf, 0xc1, 0xd1, 0x80, 0xaf, 0xc1, 0xd1, 0x80,
  0xaf, 0xc1, 0xd1, 0x80, 0xaf, 0xc1, 0xd1, 0x80, 0xaf, 0xc1, 0xd1, 0x80,
  0xaf, 0xc1, 0xd1, 0x80, 0xaf, 0xc1, 0xd1, 0x80, 0xb1, 0xc3, 0xd3, 0x80,
  0xaf, 0xc0, 0xcf, 0x33, 0x00, 0x00, 0x00, 0x00, 0xff, 0xff, 0xff, 0x01,
  0x00, 0x00, 0x00, 0x00, 0x00, 0x00, 0x00, 0x00, 0x00, 0x00, 0x00, 0x00,
  0x00, 0x00, 0x00, 0x00, 0x00, 0x00, 0x00, 0x00, 0x00, 0x00, 0x00, 0x00,
  0x00, 0x00, 0x00, 0x00, 0x00, 0x00, 0x00, 0x00, 0x00, 0x00, 0x00, 0x00,
  0xad, 0xbf, 0xce, 0x44, 0xb1, 0xc3, 0xd3, 0x80, 0xae, 0xc0, 0xd0, 0x7f,
  0xaf, 0xc1, 0xd1, 0x80, 0xaf, 0xc1, 0xd1, 0x80, 0xaf, 0xc1, 0xd1, 0x80,
  0xaf, 0xc1, 0xd1, 0x80, 0xaf, 0xc1, 0xd1, 0x80, 0xaf, 0xc1, 0xd1, 0x80,
  0xae, 0xc0, 0xd0, 0x7f, 0xb1, 0xc3, 0xd3, 0x80, 0xae, 0xc1, 0xd0, 0x44,
  0x00, 0x00, 0x00, 0x00, 0x00, 0x00, 0x00, 0x00, 0x00, 0x00, 0x00, 0x00,
  0x00, 0x00, 0x00, 0x00, 0x00, 0x00, 0x00, 0x00, 0x00, 0x00, 0x00, 0x00,
  0x00, 0x00, 0x00, 0x00, 0x00, 0x00, 0x00, 0x00, 0x00, 0x00, 0x00, 0x00,
  0x00, 0x00, 0x00, 0x00, 0x00, 0x00, 0x00, 0x00, 0xff, 0xff, 0xff, 0x00,
  0x00, 0x00, 0x00, 0x00, 0xad, 0xbe, 0xcf, 0x2d, 0xae, 0xc0, 0xd1, 0x7a,
  0xb1, 0xc3, 0xd3, 0x80, 0xae, 0xc0, 0xd0, 0x7f, 0xaf, 0xc1, 0xd1, 0x80,
  0xaf, 0xc1, 0xd1, 0x80, 0xae, 0xc0, 0xd0, 0x7f, 0xaf, 0xc1, 0xd1, 0x80,
  0xaf, 0xc0, 0xd0, 0x7f, 0xaf, 0xbf, 0xd0, 0x36, 0x00, 0x00, 0x00, 0x00,
  0x7f, 0x7f, 0x7f, 0x01, 0x00, 0x00, 0x00, 0x00, 0x00, 0x00, 0x00, 0x00,
  0x00, 0x00, 0x00, 0x00, 0x00, 0x00, 0x00, 0x00, 0x00, 0x00, 0x00, 0x00,
  0x00, 0x00, 0x00, 0x00, 0x00, 0x00, 0x00, 0x00, 0x00, 0x00, 0x00, 0x00,
  0x00, 0x00, 0x00, 0x00, 0x00, 0x00, 0x00, 0x00, 0x00, 0x00, 0x00, 0x00,
  0x00, 0x00, 0xff, 0x00, 0x00, 0x00, 0x00, 0x00, 0xaa, 0xbf, 0xc9, 0x0c,
  0xad, 0xbf, 0xd0, 0x3e, 0xaf, 0xc0, 0xd1, 0x6e, 0xaf, 0xc1, 0xd1, 0x80,
  0xaf, 0xc0, 0xd0, 0x7c, 0xae, 0xbf, 0xd0, 0x69, 0xae, 0xbf, 0xd0, 0x44,
  0xb0, 0xc4, 0xd7, 0x06, 0x00, 0x00, 0x00, 0x00, 0x00, 0x00, 0x00, 0x00,
  0x00, 0x00, 0x00, 0x00, 0x00, 0x00, 0x00, 0x00, 0x00, 0x00, 0x00, 0x00,
  0x00, 0x00, 0x00, 0x00, 0x00, 0x00, 0x00, 0x00, 0x00, 0x00, 0x00, 0x00,
  0x00, 0x00, 0x00, 0x00, 0x00, 0x00, 0x00, 0x00, 0x00, 0x00, 0x00, 0x00,
  0x00, 0x00, 0x00, 0x00, 0x00, 0x00, 0x00, 0x00, 0x00, 0x00, 0x00, 0x00,
  0x00, 0x00, 0x00, 0x00, 0x00, 0x00, 0x00, 0x00, 0x00, 0x00, 0x00, 0x00,
  0x00, 0x00, 0x00, 0x00, 0x00, 0x00, 0x00, 0x00, 0x00, 0x00, 0x00, 0x00,
  0x00, 0x00, 0x00, 0x00, 0x00, 0x00, 0x00, 0x00, 0x00, 0x00, 0x00, 0x00,
  0x00, 0x00, 0x00, 0x00, 0x00, 0x00, 0x00, 0x00, 0x00, 0x00, 0x00, 0x00,
  0x00, 0x00, 0x00, 0x00, 0x00, 0x00, 0x00, 0x00, 0x00, 0x00, 0x00, 0x00,
  0x00, 0x00, 0x00, 0x00, 0x00, 0x00, 0x00, 0x00, 0x00, 0x00, 0x00, 0x00,
  0x00, 0x00, 0x00, 0x00, 0x00, 0x00, 0x00, 0x00, 0x00, 0x00, 0x00, 0x00,
  0x00, 0x00, 0x00, 0x00, 0x00, 0x00, 0x00, 0x00, 0x00, 0x00, 0x00, 0x00,
  0x00, 0x00, 0x00, 0x00, 0x00, 0x00, 0x00, 0x00, 0x00, 0x00, 0x00, 0x00,
  0x00, 0x00, 0x00, 0x00, 0x00, 0x00, 0x00, 0x00, 0x00, 0x00, 0x00, 0x00,
  0x00, 0x00, 0x00, 0x00, 0x00, 0x00, 0x00, 0x00, 0x00, 0x00, 0x00, 0x00,
  0x00, 0x00, 0x00, 0x00, 0x00, 0x00, 0x00, 0x00, 0x00, 0x00, 0x00, 0x00,
  0x00, 0x00, 0x00, 0x00, 0x00, 0x00, 0x00, 0x00, 0x00, 0x00, 0x00, 0x00,
  0x00, 0x00, 0x00, 0x00, 0x00, 0x00, 0x00, 0x00, 0x00, 0x00, 0x00, 0x00,
  0x00, 0x00, 0x00, 0x00, 0x00, 0x00, 0x00, 0x00, 0x00, 0x00, 0x00, 0x00,
  0x00, 0x00, 0x00, 0x00, 0x00, 0x00, 0x00, 0x00, 0x00, 0x00, 0x00, 0x00,
  0x00, 0x00, 0x00, 0x00, 0x00, 0x00, 0x00, 0x00, 0x00, 0x00, 0x00, 0x00,
  0x00, 0x00, 0x00, 0x00, 0x00, 0x00, 0x00, 0x00, 0x00, 0x00, 0x00, 0x00,
  0x00, 0x00, 0x00, 0x00, 0x00, 0x00, 0x00, 0x00, 0x00, 0x00, 0x00, 0x00,
  0x00, 0x00, 0x00, 0x00, 0x00, 0x00, 0x00, 0x00, 0x00, 0x00, 0x00, 0x00,
  0x00, 0x00, 0x00, 0x00, 0x00, 0x00, 0x00, 0x00, 0x00, 0x00, 0x00, 0x00,
  0x00, 0x00, 0x00, 0x00, 0x00, 0x00, 0x00, 0x00, 0x00, 0x00, 0x00, 0x00,
  0x00, 0x00, 0x00, 0x00, 0x00, 0x00, 0x00, 0x00, 0x00, 0x00, 0x00, 0x00,
  0x00, 0x00, 0x00, 0x00, 0x00, 0x00, 0x00, 0x00, 0x00, 0x00, 0x00, 0x00,
  0x00, 0x00, 0x00, 0x00, 0x00, 0x00, 0x00, 0x00, 0x00, 0x00, 0x00, 0x00,
  0x00, 0x00, 0x00, 0x00, 0x00, 0x00, 0x00, 0x00, 0x00, 0x00, 0x00, 0x00,
  0x00, 0x00, 0x00, 0x00, 0x00, 0x00, 0x00, 0x00, 0x00, 0x00, 0x00, 0x00,
  0x00, 0x00, 0x00, 0x00, 0x00, 0x00, 0x00, 0x00, 0x00, 0x00, 0x00, 0x00,
  0x00, 0x00, 0x00, 0x00, 0x00, 0x00, 0x00, 0x00, 0x00, 0x00, 0x00, 0x00,
  0x00, 0x00, 0x00, 0x00, 0x00, 0x00, 0x00, 0x00, 0x00, 0x00, 0x00, 0x00,
};

static unsigned char sprite_square_data[] = {
  0x00, 0x00, 0x00, 0x00, 0x00, 0x00, 0x00, 0x00, 0x00, 0x00, 0x00, 0x00,
  0x00, 0x00, 0x00, 0x00, 0x00, 0x00, 0x00, 0x00, 0x00, 0x00, 0x00, 0x00,
  0x00, 0x00, 0x00, 0x00, 0x00, 0x00, 0x00, 0x00, 0x00, 0x00, 0x00, 0x00,
  0x00, 0x00, 0x00, 0x00, 0x00, 0x00, 0x00, 0x00, 0x00, 0x00, 0x00, 0x00,
  0x00, 0x00, 0x00, 0x00, 0x00, 0x00, 0x00, 0x00, 0x00, 0x00, 0x00, 0x00,
  0x00, 0x00, 0x00, 0x00, 0x00, 0x00, 0x00, 0x00, 0x00, 0x00, 0x00, 0x00,
  0x00, 0x00, 0x00, 0x00, 0x00, 0x00, 0x00, 0x00, 0x00, 0x00, 0x00, 0x00,
  0x00, 0x00, 0x00, 0x00, 0x00, 0x00, 0x00, 0x00, 0x00, 0x00, 0x00, 0x00,
  0x00, 0x00, 0x00, 0x00, 0x00, 0x00, 0x00, 0x00, 0x00, 0x00, 0x00, 0x00,
  0x00, 0x00, 0x00, 0x00, 0x00, 0x00, 0x00, 0x00, 0x00, 0x00, 0x00, 0x00,
  0x00, 0x00, 0x00, 0x00, 0x00, 0x00, 0x00, 0x00, 0x00, 0x00, 0x00, 0x00,
  0x00, 0x00, 0x00, 0x00, 0x00, 0x00, 0x00, 0x00, 0x00, 0x00, 0x00, 0x00,
  0x00, 0x00, 0x00, 0x00, 0x00, 0x00, 0x00, 0x00, 0x00, 0x00, 0x00, 0x00,
  0x00, 0x00, 0x00, 0x00, 0x00, 0x00, 0x00, 0x00, 0x00, 0x00, 0x00, 0x00,
  0x00, 0x00, 0x00, 0x00, 0x00, 0x00, 0x00, 0x00, 0x00, 0x00, 0x00, 0x00,
  0x00, 0x00, 0x00, 0x00, 0x00, 0x00, 0x00, 0x00, 0x00, 0x00, 0x00, 0x00,
  0x00, 0x00, 0x00, 0x00, 0x00, 0x00, 0x00, 0x00, 0x00, 0x00, 0x00, 0x00,
  0x00, 0x00, 0x00, 0x00, 0x00, 0x00, 0x00, 0x00, 0x00, 0x00, 0x00, 0x00,
  0x00, 0x00, 0x00, 0x00, 0x00, 0x00, 0x00, 0x00, 0x00, 0x00, 0x00, 0x00,
  0x00, 0x00, 0x00, 0x00, 0x00, 0x00, 0x00, 0x00, 0x00, 0x00, 0x00, 0x00,
  0x00, 0x00, 0x00, 0x00, 0x00, 0x00, 0x00, 0x00, 0x00, 0x00, 0x00, 0x00,
  0x00, 0x00, 0x00, 0x00, 0x00, 0x00, 0x00, 0x00, 0x00, 0x00, 0x00, 0x00,
  0x00, 0x00, 0x00, 0x00, 0x00, 0x00, 0x00, 0x00, 0x00, 0x00, 0x00, 0x00,
  0x00, 0x00, 0x00, 0x00, 0x00, 0x00, 0x00, 0x00, 0x00, 0x00, 0x00, 0x00,
  0x00, 0x00, 0x00, 0x00, 0x00, 0x00, 0x00, 0x00, 0x00, 0x00, 0x00, 0x00,
  0x00, 0x00, 0x00, 0x00, 0x00, 0x00, 0x00, 0x00, 0x00, 0x00, 0x00, 0x00,
  0x00, 0x00, 0x00, 0x00, 0x00, 0x00, 0x00, 0x00, 0x00, 0x00, 0x00, 0x00,
  0x00, 0x00, 0x00, 0x00, 0x00, 0x00, 0x00, 0x00, 0x00, 0x00, 0x00, 0x00,
  0x00, 0x00, 0x00, 0x00, 0x00, 0x00, 0x00, 0x00, 0x00, 0x00, 0x00, 0x00,
  0x00, 0x00, 0x00, 0x00, 0x00, 0x00, 0x00, 0x00, 0x00, 0x00, 0x00, 0x00,
  0x00, 0x00, 0x00, 0x00, 0x00, 0x00, 0x00, 0x00, 0x00, 0x00, 0x00, 0x00,
  0x00, 0x00, 0x00, 0x00, 0x00, 0x00, 0x00, 0x00, 0x00, 0x00, 0x00, 0x00,
  0x00, 0x00, 0x00, 0x00, 0x00, 0x00, 0x00, 0x00, 0x00, 0x00, 0x00, 0x00,
  0x00, 0x00, 0x00, 0x00, 0x00, 0x00, 0x00, 0x00, 0x00, 0x00, 0x00, 0x00,
  0x00, 0x00, 0x00, 0x00, 0x00, 0x00, 0x00, 0x00, 0xb0, 0xc4, 0xd7, 0x06,
  0xae, 0xc1, 0xd2, 0x44, 0xae, 0xc1, 0xd2, 0x69, 0xaf, 0xc1, 0xd0, 0x7c,
  0xaf, 0xc1, 0xd1, 0x80, 0xaf, 0xc1, 0xd0, 0x6e, 0xaf, 0xbf, 0xd0, 0x3e,
  0xaa, 0xbf, 0xc9, 0x0c, 0x00, 0x00, 0x00, 0x00, 0x00, 0x00, 0xff, 0x00,
  0x00, 0x00, 0x00, 0x00, 0x00, 0x00, 0x00, 0x00, 0x00, 0x00, 0x00, 0x00,
  0x00, 0x00, 0x00, 0x00, 0x00, 0x00, 0x00, 0x00, 0x00, 0x00, 0x00, 0x00,
  0x00, 0x00, 0x00, 0x00, 0x00, 0x00, 0x00, 0x00, 0x00, 0x00, 0x00, 0x00,
  0x00, 0x00, 0x00, 0x00, 0x00, 0x00, 0x00, 0x00, 0x7f, 0x7f, 0xff, 0x01,
  0x00, 0x00, 0x00, 0x00, 0xaf, 0xc2, 0xd2, 0x36, 0xaf, 0xc1, 0xd1, 0x7f,
  0xaf, 0xc1, 0xd1, 0x80, 0xae, 0xc0, 0xd0, 0x7f, 0xaf, 0xc1, 0xd1, 0x80,
  0xaf, 0xc1, 0xd1, 0x80, 0xae, 0xc0, 0xd0, 0x7f, 0xb1, 0xc3, 0xd3, 0x80,
  0xae, 0xc1, 0xd1, 0x7a, 0xad, 0xc1, 0xd2, 0x2d, 0x00, 0x00, 0x00, 0x00,
  0xff, 0xff, 0xff, 0x00, 0x00, 0x00, 0x00, 0x00, 0x00, 0x00, 0x00, 0x00,
  0x00, 0x00, 0x00, 0x00, 0x00, 0x00, 0x00, 0x00, 0x00, 0x00, 0x00, 0x00,
  0x00, 0x00, 0x00, 0x00, 0x00, 0x00, 0x00, 0x00, 0x00, 0x00, 0x00, 0x00,
  0x00, 0x00, 0x00, 0x00, 0x00, 0x00, 0x00, 0x00, 0x00, 0x00, 0x00, 0x00,
  0xae, 0xc1, 0xce, 0x44, 0xb1, 0xc3, 0xd3, 0x80, 0xae, 0xc0, 0xd0, 0x7f,
  0xaf, 0xc1, 0xd1, 0x80, 0xaf, 0xc1, 0xd1, 0x80, 0xaf, 0xc1, 0xd1, 0x80,
  0xaf, 0xc1, 0xd1, 0x80, 0xaf, 0xc1, 0xd1, 0x80, 0xaf, 0xc1, 0xd1, 0x80,
  0xae, 0xc0, 0xd0, 0x7f, 0xb1, 0xc3, 0xd3, 0x80, 0xae, 0xbf, 0xce, 0x44,
  0x00, 0x00, 0x00, 0x00, 0x00, 0x00, 0x00, 0x00, 0x00, 0x00, 0x00, 0x00,
  0x00, 0x00, 0x00, 0x00, 0x00, 0x00, 0x00, 0x00, 0x00, 0x00, 0x00, 0x00,
  0x00, 0x00, 0x00, 0x00, 0x00, 0x00, 0x00, 0x00, 0x00, 0x00, 0x00, 0x00,
  0xff, 0xff, 0xff, 0x01, 0x00, 0x00, 0x00, 0x00, 0xaf, 0xc0, 0xd2, 0x33,
  0xb1, 0xc3, 0xd3, 0x80, 0xaf, 0xc1, 0xd1, 0x80, 0xaf, 0xc1, 0xd1, 0x80,
  0xaf, 0xc1, 0xd1, 0x80, 0xaf, 0xc1, 0xd1, 0x80, 0xaf, 0xc1, 0xd1, 0x80,
  0xaf, 0xc1, 0xd1, 0x80, 0xaf, 0xc1, 0xd1, 0x80, 0xaf, 0xc1, 0xd1, 0x80,
  0xaf, 0xc1, 0xd1, 0x80, 0xaf, 0xc1, 0xd1, 0x80, 0xb1, 0xc3, 0xd3, 0x80,
  0xaf, 0xc0, 0xcf, 0x33, 0x00, 0x00, 0x00, 0x00, 0xff, 0xff, 0xff, 0x01,
  0x00, 0x00, 0x00, 0x00, 0x00, 0x00, 0x00, 0x00, 0x00, 0x00, 0x00, 0x00,
  0x00, 0x00, 0x00, 0x00, 0x00, 0x00, 0x00, 0x00, 0xaa, 0xaa, 0xaa, 0x01,
  0x00, 0x00, 0x00, 0x00, 0xaf, 0xc0, 0xd1, 0x16, 0xae, 0xc1, 0xd0, 0x74,
  0xb3, 0xc5, 0xd6, 0x80, 0xaf, 0xc1, 0xd1, 0x7e, 0xaf, 0xc1, 0xd1, 0x80,
  0xaf, 0xc1, 0xd1, 0x80, 0xaf, 0xc1, 0xd1, 0x80, 0xaf, 0xc1, 0xd1, 0x80,
  0xaf, 0xc1, 0xd1, 0x80, 0xaf, 0xc1, 0xd1, 0x80, 0xaf, 0xc1, 0xd1, 0x80,
  0xaf, 0xc1, 0xd1, 0x80, 0xaf, 0xc1, 0xd1, 0x7e, 0xb3, 0xc5, 0xd6, 0x80,
  0xae, 0xc0, 0xd0, 0x74, 0xaf, 0xc0, 0xd1, 0x16, 0x00, 0x00, 0x00, 0x00,
  0xaa, 0xaa, 0xaa, 0x01, 0x00, 0x00, 0x00, 0x00, 0x00, 0x00, 0x00, 0x00,
  0x00, 0x00, 0x00, 0x00, 0x00, 0x00, 0x00, 0x00, 0xaa, 0xaa, 0xaa, 0x01,
  0x00, 0x00, 0x00, 0x00, 0xae, 0xbf, 0xd0, 0x44, 0xb9, 0xcd, 0xdd, 0x80,
  0xae, 0xc1, 0xd1, 0x7d, 0xaf, 0xc1, 0xd1, 0x80, 0xaf, 0xc1, 0xd1, 0x80,
  0xaf, 0xc1, 0xd1, 0x80, 0xaf, 0xc1, 0xd1, 0x80, 0xaf, 0xc1, 0xd1, 0x80,
  0xaf, 0xc1, 0xd1, 0x80, 0xaf, 0xc1, 0xd1, 0x80, 0xaf, 0xc1, 0xd1, 0x80,
  0xaf, 0xc1, 0xd1, 0x80, 0xaf, 0xc1, 0xd1, 0x80, 0xae, 0xc1, 0xd1, 0x7d,
  0xb9, 0xcd, 0xdd, 0x80, 0xae, 0xbf, 0xd0, 0x44, 0x00, 0x00, 0x00, 0x00,
  0xaa, 0xaa, 0xaa, 0x01, 0x00, 0x00, 0x00, 0x00, 0x00, 0x00, 0x00, 0x00,
  0x00, 0x00, 0x00, 0x00, 0x7f, 0x7f, 0xff, 0x01, 0x00, 0x00, 0x00, 0x00,
  0xad, 0xc8, 0xd1, 0x0e, 0xae, 0xc1, 0xd1, 0x6d, 0xb4, 0xc5, 0xd5, 0x80,
  0xab, 0xc5, 0xd3, 0x7e, 0xc4, 0xa7, 0xc2, 0x80, 0xdd, 0x87, 0xaf, 0x80,
  0xd8, 0x8d, 0xb3, 0x80, 0xd9, 0x8c, 0xb2, 0x80, 0xd9, 0x8c, 0xb2, 0x80,
  0xd9, 0x8c, 0xb2, 0x80, 0xd9, 0x8c, 0xb2, 0x80, 0xd8, 0x8d, 0xb3, 0x80,
  0xdd, 0x87, 0xaf, 0x80, 0xc4, 0xa7, 0xc2, 0x80, 0xaa, 0xc5, 0xd3, 0x7f,
  0xb2, 0xc2, 0xd3, 0x80, 0xaf, 0xc1, 0xd0, 0x76, 0xb0, 0xc4, 0xd1, 0x13,
  0x00, 0x00, 0x00, 0x00, 0xff, 0xff, 0xff, 0x01, 0x00, 0x00, 0x00, 0x00,
  0x00, 0x00, 0x00, 0x00, 0xff, 0xff, 0xff, 0x01, 0x00, 0x00, 0x00, 0x00,
  0xaf, 0xc1, 0xd0, 0x29, 0xbb, 0xce, 0xdf, 0x80, 0xaf, 0xc0, 0xd0, 0x7d,
  0xab, 0xc6, 0xd4, 0x80, 0xc4, 0xa7, 0xc2, 0x80, 0xdd, 0x87, 0xaf, 0x80,
  0xd8, 0x8d, 0xb3, 0x80, 0xd9, 0x8c, 0xb2, 0x80, 0xd9, 0x8c, 0xb2, 0x80,
  0xd9, 0x8c, 0xb2, 0x80, 0xd9, 0x8c, 0xb2, 0x80, 0xd8, 0x8d, 0xb3, 0x80,
  0xdd, 0x87, 0xaf, 0x80, 0xc4, 0xa7, 0xc2, 0x80, 0xab, 0xc6, 0xd4, 0x80,
  0xaf, 0xc0, 0xd0, 0x7d, 0xbb, 0xcf, 0xe0, 0x80, 0xad, 0xbf, 0xd0, 0x24,
  0x00, 0x00, 0x00, 0x00, 0xaa, 0xaa, 0xaa, 0x01, 0x00, 0x00, 0x00, 0x00,
  0x00, 0x00, 0x00, 0x00, 0x00, 0x00, 0x00, 0x00, 0x00, 0x00, 0x00, 0x00,
  0xaf, 0xc1, 0xd1, 0x46, 0xb7, 0xca, 0xdb, 0x80, 0xb0, 0xc0, 0xd0, 0x7e,
  0xab, 0xc6, 0xd4, 0x80, 0xc4, 0xa7, 0xc1, 0x80, 0xdd, 0x87, 0xaf, 0x80,
  0xcb, 0x9d, 0xbc, 0x80, 0xc3, 0xa7, 0xc2, 0x80, 0xc4, 0xa6, 0xc1, 0x80,
  0xc4, 0xa6, 0xc1, 0x80, 0xc3, 0xa7, 0xc2, 0x80, 0xcb, 0x9d, 0xbc, 0x80,
  0xdd, 0x87, 0xaf, 0x80, 0xc4, 0xa7, 0xc1, 0x80, 0xab, 0xc6, 0xd4, 0x80,
  0xaf, 0xbf, 0xcf, 0x7e, 0xb7, 0xc9, 0xda, 0x80, 0xaf, 0xc1, 0xd0, 0x4c,
  0x00, 0x00, 0x00, 0x00, 0x00, 0x00, 0x00, 0x00, 0x00, 0x00, 0x00, 0x00,
  0x00, 0x00, 0x00, 0x00, 0x00, 0x00, 0x00, 0x00, 0xaa, 0xaa, 0xaa, 0x01,
  0xae, 0xc0, 0xd1, 0x64, 0xb4, 0xc6, 0xd7, 0x80, 0xaf, 0xbf, 0xcf, 0x7f,
  0xab, 0xc6, 0xd4, 0x80, 0xc4, 0xa7, 0xc2, 0x80, 0xdd, 0x86, 0xaf, 0x80,
  0xbf, 0xad, 0xc5, 0x80, 0xad, 0xc3, 0xd2, 0x80, 0xaf, 0xc1, 0xd1, 0x80,
  0xaf, 0xc1, 0xd1, 0x80, 0xad, 0xc3, 0xd2, 0x80, 0xbf, 0xad, 0xc5, 0x80,
  0xdd, 0x86, 0xaf, 0x80, 0xc4, 0xa7, 0xc2, 0x80, 0xab, 0xc6, 0xd4, 0x80,
  0xaf, 0xbf, 0xcf, 0x7f, 0xb4, 0xc6, 0xd7, 0x80, 0xae, 0xc0, 0xcf, 0x64,
  0xaa, 0xaa, 0xaa, 0x01, 0x00, 0x00, 0x00, 0x00, 0x00, 0x00, 0x00, 0x00,
  0x00, 0x00, 0x00, 0x00, 0x00, 0x00, 0x00, 0x00, 0xb6, 0xda, 0xda, 0x03,
  0xae, 0xc1, 0xd0, 0x75, 0xb2, 0xc4, 0xd4, 0x80, 0xb0, 0xbf, 0xd0, 0x7f,
  0xab, 0xc6, 0xd4, 0x80, 0xc4, 0xa7, 0xc2, 0x80, 0xdd, 0x86, 0xaf, 0x80,
  0xbf, 0xad, 0xc5, 0x80, 0xad, 0xc3, 0xd2, 0x80, 0xaf, 0xc1, 0xd1, 0x80,
  0xaf, 0xc1, 0xd1, 0x80, 0xad, 0xc3, 0xd2, 0x80, 0xbf, 0xad, 0xc5, 0x80,
  0xdd, 0x86, 0xaf, 0x80, 0xc4, 0xa7, 0xc2, 0x80, 0xab, 0xc6, 0xd4, 0x80,
  0xaf, 0xbf, 0xd0, 0x7f, 0xb2, 0xc5, 0xd5, 0x80, 0xae, 0xc1, 0xd1, 0x6f,
  0xaa, 0xaa, 0xd4, 0x03, 0x00, 0x00, 0x00, 0x00, 0x00, 0x00, 0x00, 0x00,
  0x00, 0x00, 0x00, 0x00, 0x00, 0x00, 0x00, 0x00, 0xaa, 0xc6, 0xc6, 0x04,
  0xaf, 0xc0, 0xd1, 0x7b, 0xb1, 0xc3, 0xd3, 0x80, 0xb0, 0xc0, 0xd0, 0x80,
  0xab, 0xc6, 0xd4, 0x80, 0xc4, 0xa7, 0xc2, 0x80, 0xdd, 0x86, 0xaf, 0x80,
  0xbf, 0xad, 0xc5, 0x80, 0xad, 0xc3, 0xd2, 0x80, 0xaf, 0xc1, 0xd1, 0x80,
  0xaf, 0xc1, 0xd1, 0x80, 0xad, 0xc3, 0xd2, 0x80, 0xbf, 0xad, 0xc5, 0x80,
  0xdd, 0x86, 0xaf, 0x80, 0xc4, 0xa7, 0xc2, 0x80, 0xab, 0xc6, 0xd4, 0x80,
  0xb0, 0xc0, 0xd0, 0x80, 0xb1, 0xc3, 0xd3, 0x80, 0xaf, 0xc0, 0xd1, 0x7b,
  0xaa, 0xc6, 0xc6, 0x04, 0x00, 0x00, 0x00, 0x00, 0x00, 0x00, 0x00, 0x00,
  0x00, 0x00, 0x00, 0x00, 0x00, 0x00, 0x00, 0x00, 0xaa, 0xc6, 0xc6, 0x04,
  0xaf, 0xc0, 0xd1, 0x7b, 0xb1, 0xc3, 0xd3, 0x80, 0xb0, 0xc0, 0xd0, 0x80,
  0xab, 0xc6, 0xd4, 0x80, 0xc4, 0xa7, 0xc2, 0x80, 0xdd, 0x86, 0xaf, 0x80,
  0xbf, 0xad, 0xc5, 0x80, 0xad, 0xc3, 0xd2, 0x80, 0xaf, 0xc1, 0xd1, 0x80,
  0xaf, 0xc1, 0xd1, 0x80, 0xad, 0xc3, 0xd2, 0x80, 0xbf, 0xad, 0xc5, 0x80,
  0xdd, 0x86, 0xaf, 0x80, 0xc4, 0xa7, 0xc2, 0x80, 0xab, 0xc6, 0xd4, 0x80,
  0xb0, 0xc0, 0xd0, 0x80, 0xb1, 0xc3, 0xd3, 0x80, 0xaf, 0xc0, 0xd1, 0x7b,
  0xaa, 0xc6, 0xc6, 0x04, 0x00, 0x00, 0x00, 0x00, 0x00, 0x00, 0x00, 0x00,
  0x00, 0x00, 0x00, 0x00, 0x00, 0x00, 0x00, 0x00, 0xaa, 0xaa, 0xd4, 0x03,
  0xae, 0xc1, 0xd1, 0x6f, 0xb2, 0xc5, 0xd5, 0x80, 0xaf, 0xbf, 0xd0, 0x7f,
  0xab, 0xc6, 0xd4, 0x80, 0xc4, 0xa7, 0xc2, 0x80, 0xdd, 0x86, 0xaf, 0x80,
  0xbf, 0xad, 0xc5, 0x80, 0xad, 0xc3, 0xd2, 0x80, 0xaf, 0xc1, 0xd1, 0x80,
  0xaf, 0xc1, 0xd1, 0x80, 0xad, 0xc3, 0xd2, 0x80, 0xbf, 0xad, 0xc5, 0x80,
  0xdd, 0x86, 0xaf, 0x80, 0xc4, 0xa7, 0xc2, 0x80, 0xab, 0xc6, 0xd4, 0x80,
  0xb0, 0xbf, 0xd0, 0x7f, 0xb2, 0xc4, 0xd4, 0x80, 0xae, 0xc1, 0xd0, 0x75,
  0xb6, 0xda, 0xda, 0x03, 0x00, 0x00, 0x00, 0x00, 0x00, 0x00, 0x00, 0x00,
  0x00, 0x00, 0x00, 0x00, 0x00, 0x00, 0x00, 0x00, 0xaa, 0xaa, 0xaa, 0x01,
  0xae, 0xc0, 0xd1, 0x64, 0xb4, 0xc6, 0xd7, 0x80, 0xaf, 0xbf, 0xcf, 0x7f,
  0xab, 0xc6, 0xd4, 0x80, 0xc4, 0xa7, 0xc2, 0x80, 0xdd, 0x86, 0xaf, 0x80,
  0xbf, 0xad, 0xc5, 0x80, 0xad, 0xc3, 0xd2, 0x80, 0xaf, 0xc1, 0xd1, 0x80,
  0xaf, 0xc1, 0xd1, 0x80, 0xad, 0xc3, 0xd2, 0x80, 0xbf, 0xad, 0xc5, 0x80,
  0xdd, 0x86, 0xaf, 0x80, 0xc4, 0xa7, 0xc2, 0x80, 0xab, 0xc6, 0xd4, 0x80,
  0xaf, 0xbf, 0xcf, 0x7f, 0xb4, 0xc6, 0xd7, 0x80, 0xae, 0xc0, 0xcf, 0x64,
  0xaa, 0xaa, 0xaa, 0x01, 0x00, 0x00, 0x00, 0x00, 0x00, 0x00, 0x00, 0x00,
  0x00, 0x00, 0x00, 0x00, 0x00, 0x00, 0x00, 0x00, 0x00, 0x00, 0x00, 0x00,
  0xaf, 0xc1, 0xd2, 0x4c, 0xb7, 0xc9, 0xda, 0x80, 0xaf, 0xbf, 0xcf, 0x7e,
  0xab, 0xc6, 0xd4, 0x80, 0xc4, 0xa7, 0xc1, 0x80, 0xdd, 0x87, 0xaf, 0x80,
  0xcb, 0x9d, 0xbc, 0x80, 0xc3, 0xa7, 0xc2, 0x80, 0xc4, 0xa6, 0xc1, 0x80,
  0xc4, 0xa6, 0xc1, 0x80, 0xc3, 0xa7, 0xc2, 0x80, 0xcb, 0x9d, 0xbc, 0x80,
  0xdd, 0x87, 0xaf, 0x80, 0xc4, 0xa7, 0xc1, 0x80, 0xab, 0xc6, 0xd4, 0x80,
  0xb0, 0xc0, 0xd0, 0x7e, 0xb7, 0xca, 0xdb, 0x80, 0xaf, 0xc1, 0xd1, 0x46,
  0x00, 0x00, 0x00, 0x00, 0x00, 0x00, 0x00, 0x00, 0x00, 0x00, 0x00, 0x00,
  0x00, 0x00, 0x00, 0x00, 0xaa, 0xaa, 0xaa, 0x01, 0x00, 0x00, 0x00, 0x00,
  0xad, 0xbf, 0xd0, 0x24, 0xbb, 0xcf, 0xe0, 0x80, 0xaf, 0xc0, 0xd0, 0x7d,
  0xab, 0xc6, 0xd4, 0x80, 0xc4, 0xa7, 0xc2, 0x80, 0xdd, 0x87, 0xaf, 0x80,
  0xd8, 0x8d, 0xb3, 0x80, 0xd9, 0x8c, 0xb2, 0x80, 0xd9, 0x8c, 0xb2, 0x80,
  0xd9, 0x8c, 0xb2, 0x80, 0xd9, 0x8c, 0xb2, 0x80, 0xd8, 0x8d, 0xb3, 0x80,
  0xdd, 0x87, 0xaf, 0x80, 0xc4, 0xa7, 0xc2, 0x80, 0xab, 0xc6, 0xd4, 0x80,
  0xaf, 0xc0, 0xd0, 0x7d, 0xbb, 0xce, 0xdf, 0x80, 0xaf, 0xc1, 0xd0, 0x29,
  0x00, 0x00, 0x00, 0x00, 0xff, 0xff, 0xff, 0x01, 0x00, 0x00, 0x00, 0x00,
  0x00, 0x00, 0x00, 0x00, 0xff, 0xff, 0xff, 0x01, 0x00, 0x00, 0x00, 0x00,
  0xb0, 0xc4, 0xd1, 0x13, 0xaf, 0xc1, 0xd1, 0x76, 0xb2, 0xc2, 0xd3, 0x80,
  0xaa, 0xc5, 0xd3, 0x7f, 0xc4, 0xa7, 0xc2, 0x80, 0xdd, 0x87, 0xaf, 0x80,
  0xd8, 0x8d, 0xb3, 0x80, 0xd9, 0x8c, 0xb2, 0x80, 0xd9, 0x8c, 0xb2, 0x80,
  0xd9, 0x8c, 0xb2, 0x80, 0xd9, 0x8c, 0xb2, 0x80, 0xd8, 0x8d, 0xb3, 0x80,
  0xdd, 0x87, 0xaf, 0x80, 0xc4, 0xa7, 0xc2, 0x80, 0xab, 0xc5, 0xd3, 0x7e,
  0xb4, 0xc5, 0xd6, 0x80, 0xae, 0xc1, 0xd0, 0x6d, 0xad, 0xbf, 0xd1, 0x0e,
  0x00, 0x00, 0x00, 0x00, 0x7f, 0x7f, 0xff, 0x01, 0x00, 0x00, 0x00, 0x00,
  0x00, 0x00, 0x00, 0x00, 0x00, 0x00, 0x00, 0x00, 0xaa, 0xaa, 0xaa, 0x01,
  0x00, 0x00, 0x00, 0x00, 0xae, 0xbf, 0xd0, 0x44, 0xb9, 0xcd, 0xdd, 0x80,
  0xae, 0xc1, 0xd1, 0x7d, 0xaf, 0xc1, 0xd1, 0x80, 0xaf, 0xc1, 0xd1, 0x80,
  0xaf, 0xc1, 0xd1, 0x80, 0xaf, 0xc1, 0xd1, 0x80, 0xaf, 0xc1, 0xd1, 0x80,
  0xaf, 0xc1, 0xd1, 0x80, 0xaf, 0xc1, 0xd1, 0x80, 0xaf, 0xc1, 0xd1, 0x80,
  0xaf, 0xc1, 0xd1, 0x80, 0xaf, 0xc1, 0xd1, 0x80, 0xae, 0xc1, 0xd1, 0x7d,
  0xb9, 0xcd, 0xdd, 0x80, 0xae, 0xbf, 0xd0, 0x44, 0x00, 0x00, 0x00, 0x00,
  0xaa, 0xaa, 0xaa, 0x01, 0x00, 0x00, 0x00, 0x00, 0x00, 0x00, 0x00, 0x00,
  0x00, 0x00, 0x00, 0x00, 0x00, 0x00, 0x00, 0x00, 0xaa, 0xaa, 0xaa, 0x01,
  0x00, 0x00, 0x00, 0x00, 0xaf, 0xc0, 0xd1, 0x16, 0xae, 0xc0, 0xd0, 0x74,
  0xb3, 0xc5, 0xd6, 0x80, 0xaf, 0xc1, 0xd1, 0x7e, 0xaf, 0xc1, 0xd1, 0x80,
  0xaf, 0xc1, 0xd1, 0x80, 0xaf, 0xc1, 0xd1, 0x80, 0xaf, 0xc1, 0xd1, 0x80,
  0xaf, 0xc1, 0xd1, 0x80, 0xaf, 0xc1, 0xd1, 0x80, 0xaf, 0xc1, 0xd1, 0x80,
  0xaf, 0xc1, 0xd1, 0x80, 0xaf, 0xc1, 0xd1, 0x7e, 0xb3, 0xc5, 0xd6, 0x80,
  0xae, 0xc0, 0xd0, 0x74, 0xaf, 0xc0, 0xd1, 0x16, 0x00, 0x00, 0x00, 0x00,
  0xaa, 0xaa, 0xaa, 0x01, 0x00, 0x00, 0x00, 0x00, 0x00, 0x00, 0x00, 0x00,
  0x00, 0x00, 0x00, 0x00, 0x00, 0x00, 0x00, 0x00, 0x00, 0x00, 0x00, 0x00,
  0xff, 0xff, 0xff, 0x01, 0x00, 0x00, 0x00, 0x00, 0xaf, 0xc0, 0xd2, 0x33,
  0xb1, 0xc3, 0xd3, 0x80, 0xaf, 0xc1, 0xd1, 0x80, 0xaf, 0xc1, 0xd1, 0x80,
  0xaf, 0xc1, 0xd1, 0x80, 0xaf, 0xc1, 0xd1, 0x80, 0xaf, 0xc1, 0xd1, 0x80,
  0xaf, 0xc1, 0xd1, 0x80, 0xaf, 0xc1, 0xd1, 0x80, 0xaf, 0xc1, 0xd1, 0x80,
  0xaf, 0xc1, 0xd1, 0x80, 0xaf, 0xc1, 0xd1, 0x80, 0xb1, 0xc3, 0xd3, 0x80,
  0xaf, 0xc0, 0xcf, 0x33, 0x00, 0x00, 0x00, 0x00, 0xff, 0xff, 0xff, 0x01,
  0x00, 0x00, 0x00, 0x00, 0x00, 0x00, 0x00, 0x00, 0x00, 0x00, 0x00, 0x00,
  0x00, 0x00, 0x00, 0x00, 0x00, 0x00, 0x00, 0x00, 0x00, 0x00, 0x00, 0x00,
  0x00, 0x00, 0x00, 0x00, 0x00, 0x00, 0x00, 0x00, 0x00, 0x00, 0x00, 0x00,
  0xad, 0xbf, 0xce, 0x44, 0xb1, 0xc3, 0xd3, 0x80, 0xae, 0xc0, 0xd0, 0x7f,
  0xaf, 0xc1, 0xd1, 0x80, 0xaf, 0xc1, 0xd1, 0x80, 0xaf, 0xc1, 0xd1, 0x80,
  0xaf, 0xc1, 0xd1, 0x80, 0xaf, 0xc1, 0xd1, 0x80, 0xaf, 0xc1, 0xd1, 0x80,
  0xae, 0xc0, 0xd0, 0x7f, 0xb1, 0xc3, 0xd3, 0x80, 0xae, 0xc1, 0xd0, 0x44,
  0x00, 0x00, 0x00, 0x00, 0x00, 0x00, 0x00, 0x00, 0x00, 0x00, 0x00, 0x00,
  0x00, 0x00, 0x00, 0x00, 0x00, 0x00, 0x00, 0x00, 0x00, 0x00, 0x00, 0x00,
  0x00, 0x00, 0x00, 0x00, 0x00, 0x00, 0x00, 0x00, 0x00, 0x00, 0x00, 0x00,
  0x00, 0x00, 0x00, 0x00, 0x00, 0x00, 0x00, 0x00, 0xff, 0xff, 0xff, 0x00,
  0x00, 0x00, 0x00, 0x00, 0xad, 0xbe, 0xcf, 0x2d, 0xae, 0xc0, 0xd1, 0x7a,
  0xb1, 0xc3, 0xd3, 0x80, 0xae, 0xc0, 0xd0, 0x7f, 0xaf, 0xc1, 0xd1, 0x80,
  0xaf, 0xc1, 0xd1, 0x80, 0xae, 0xc0, 0xd0, 0x7f, 0xaf, 0xc1, 0xd1, 0x80,
  0xaf, 0xc0, 0xd0, 0x7f, 0xaf, 0xbf, 0xd0, 0x36, 0x00, 0x00, 0x00, 0x00,
  0x7f, 0x7f, 0x7f, 0x01, 0x00, 0x00, 0x00, 0x00, 0x00, 0x00, 0x00, 0x00,
  0x00, 0x00, 0x00, 0x00, 0x00, 0x00, 0x00, 0x00, 0x00, 0x00, 0x00, 0x00,
  0x00, 0x00, 0x00, 0x00, 0x00, 0x00, 0x00, 0x00, 0x00, 0x00, 0x00, 0x00,
  0x00, 0x00, 0x00, 0x00, 0x00, 0x00, 0x00, 0x00, 0x00, 0x00, 0x00, 0x00,
  0x00, 0x00, 0xff, 0x00, 0x00, 0x00, 0x00, 0x00, 0xaa, 0xbf, 0xc9, 0x0c,
  0xad, 0xbf, 0xd0, 0x3e, 0xaf, 0xc0, 0xd1, 0x6e, 0xaf, 0xc1, 0xd1, 0x80,
  0xaf, 0xc0, 0xd0, 0x7c, 0xae, 0xbf, 0xd0, 0x69, 0xae, 0xbf, 0xd0, 0x44,
  0xb0, 0xc4, 0xd7, 0x06, 0x00, 0x00, 0x00, 0x00, 0x00, 0x00, 0x00, 0x00,
  0x00, 0x00, 0x00, 0x00, 0x00, 0x00, 0x00, 0x00, 0x00, 0x00, 0x00, 0x00,
  0x00, 0x00, 0x00, 0x00, 0x00, 0x00, 0x00, 0x00, 0x00, 0x00, 0x00, 0x00,
  0x00, 0x00, 0x00, 0x00, 0x00, 0x00, 0x00, 0x00, 0x00, 0x00, 0x00, 0x00,
  0x00, 0x00, 0x00, 0x00, 0x00, 0x00, 0x00, 0x00, 0x00, 0x00, 0x00, 0x00,
  0x00, 0x00, 0x00, 0x00, 0x00, 0x00, 0x00, 0x00, 0x00, 0x00, 0x00, 0x00,
  0x00, 0x00, 0x00, 0x00, 0x00, 0x00, 0x00, 0x00, 0x00, 0x00, 0x00, 0x00,
  0x00, 0x00, 0x00, 0x00, 0x00, 0x00, 0x00, 0x00, 0x00, 0x00, 0x00, 0x00,
  0x00, 0x00, 0x00, 0x00, 0x00, 0x00, 0x00, 0x00, 0x00, 0x00, 0x00, 0x00,
  0x00, 0x00, 0x00, 0x00, 0x00, 0x00, 0x00, 0x00, 0x00, 0x00, 0x00, 0x00,
  0x00, 0x00, 0x00, 0x00, 0x00, 0x00, 0x00, 0x00, 0x00, 0x00, 0x00, 0x00,
  0x00, 0x00, 0x00, 0x00, 0x00, 0x00, 0x00, 0x00, 0x00, 0x00, 0x00, 0x00,
  0x00, 0x00, 0x00, 0x00, 0x00, 0x00, 0x00, 0x00, 0x00, 0x00, 0x00, 0x00,
  0x00, 0x00, 0x00, 0x00, 0x00, 0x00, 0x00, 0x00, 0x00, 0x00, 0x00, 0x00,
  0x00, 0x00, 0x00, 0x00, 0x00, 0x00, 0x00, 0x00, 0x00, 0x00, 0x00, 0x00,
  0x00, 0x00, 0x00, 0x00, 0x00, 0x00, 0x00, 0x00, 0x00, 0x00, 0x00, 0x00,
  0x00, 0x00, 0x00, 0x00, 0x00, 0x00, 0x00, 0x00, 0x00, 0x00, 0x00, 0x00,
  0x00, 0x00, 0x00, 0x00, 0x00, 0x00, 0x00, 0x00, 0x00, 0x00, 0x00, 0x00,
  0x00, 0x00, 0x00, 0x00, 0x00, 0x00, 0x00, 0x00, 0x00, 0x00, 0x00, 0x00,
  0x00, 0x00, 0x00, 0x00, 0x00, 0x00, 0x00, 0x00, 0x00, 0x00, 0x00, 0x00,
  0x00, 0x00, 0x00, 0x00, 0x00, 0x00, 0x00, 0x00, 0x00, 0x00, 0x00, 0x00,
  0x00, 0x00, 0x00, 0x00, 0x00, 0x00, 0x00, 0x00, 0x00, 0x00, 0x00, 0x00,
  0x00, 0x00, 0x00, 0x00, 0x00, 0x00, 0x00, 0x00, 0x00, 0x00, 0x00, 0x00,
  0x00, 0x00, 0x00, 0x00, 0x00, 0x00, 0x00, 0x00, 0x00, 0x00, 0x00, 0x00,
  0x00, 0x00, 0x00, 0x00, 0x00, 0x00, 0x00, 0x00, 0x00, 0x00, 0x00, 0x00,
  0x00, 0x00, 0x00, 0x00, 0x00, 0x00, 0x00, 0x00, 0x00, 0x00, 0x00, 0x00,
  0x00, 0x00, 0x00, 0x00, 0x00, 0x00, 0x00, 0x00, 0x00, 0x00, 0x00, 0x00,
  0x00, 0x00, 0x00, 0x00, 0x00, 0x00, 0x00, 0x00, 0x00, 0x00, 0x00, 0x00,
  0x00, 0x00, 0x00, 0x00, 0x00, 0x00, 0x00, 0x00, 0x00, 0x00, 0x00, 0x00,
  0x00, 0x00, 0x00, 0x00, 0x00, 0x00, 0x00, 0x00, 0x00, 0x00, 0x00, 0x00,
  0x00, 0x00, 0x00, 0x00, 0x00, 0x00, 0x00, 0x00, 0x00, 0x00, 0x00, 0x00,
  0x00, 0x00, 0x00, 0x00, 0x00, 0x00, 0x00, 0x00, 0x00, 0x00, 0x00, 0x00,
  0x00, 0x00, 0x00, 0x00, 0x00, 0x00, 0x00, 0x00, 0x00, 0x00, 0x00, 0x00,
  0x00, 0x00, 0x00, 0x00, 0x00, 0x00, 0x00, 0x00, 0x00, 0x00, 0x00, 0x00,
  0x00, 0x00, 0x00, 0x00, 0x00, 0x00, 0x00, 0x00, 0x00, 0x00, 0x00, 0x00,
};

static unsigned char sprite_triangle_data[] = {
  0x00, 0x00, 0x00, 0x00, 0x00, 0x00, 0x00, 0x00, 0x00, 0x00, 0x00, 0x00,
  0x00, 0x00, 0x00, 0x00, 0x00, 0x00, 0x00, 0x00, 0x00, 0x00, 0x00, 0x00,
  0x00, 0x00, 0x00, 0x00, 0x00, 0x00, 0x00, 0x00, 0x00, 0x00, 0x00, 0x00,
  0x00, 0x00, 0x00, 0x00, 0x00, 0x00, 0x00, 0x00, 0x00, 0x00, 0x00, 0x00,
  0x00, 0x00, 0x00, 0x00, 0x00, 0x00, 0x00, 0x00, 0x00, 0x00, 0x00, 0x00,
  0x00, 0x00, 0x00, 0x00, 0x00, 0x00, 0x00, 0x00, 0x00, 0x00, 0x00, 0x00,
  0x00, 0x00, 0x00, 0x00, 0x00, 0x00, 0x00, 0x00, 0x00, 0x00, 0x00, 0x00,
  0x00, 0x00, 0x00, 0x00, 0x00, 0x00, 0x00, 0x00, 0x00, 0x00, 0x00, 0x00,
  0x00, 0x00, 0x00, 0x00, 0x00, 0x00, 0x00, 0x00, 0x00, 0x00, 0x00, 0x00,
  0x00, 0x00, 0x00, 0x00, 0x00, 0x00, 0x00, 0x00, 0x00, 0x00, 0x00, 0x00,
  0x00, 0x00, 0x00, 0x00, 0x00, 0x00, 0x00, 0x00, 0x00, 0x00, 0x00, 0x00,
  0x00, 0x00, 0x00, 0x00, 0x00, 0x00, 0x00, 0x00, 0x00, 0x00, 0x00, 0x00,
  0x00, 0x00, 0x00, 0x00, 0x00, 0x00, 0x00, 0x00, 0x00, 0x00, 0x00, 0x00,
  0x00, 0x00, 0x00, 0x00, 0x00, 0x00, 0x00, 0x00, 0x00, 0x00, 0x00, 0x00,
  0x00, 0x00, 0x00, 0x00, 0x00, 0x00, 0x00, 0x00, 0x00, 0x00, 0x00, 0x00,
  0x00, 0x00, 0x00, 0x00, 0x00, 0x00, 0x00, 0x00, 0x00, 0x00, 0x00, 0x00,
  0x00, 0x00, 0x00, 0x00, 0x00, 0x00, 0x00, 0x00, 0x00, 0x00, 0x00, 0x00,
  0x00, 0x00, 0x00, 0x00, 0x00, 0x00, 0x00, 0x00, 0x00, 0x00, 0x00, 0x00,
  0x00, 0x00, 0x00, 0x00, 0x00, 0x00, 0x00, 0x00, 0x00, 0x00, 0x00, 0x00,
  0x00, 0x00, 0x00, 0x00, 0x00, 0x00, 0x00, 0x00, 0x00, 0x00, 0x00, 0x00,
  0x00, 0x00, 0x00, 0x00, 0x00, 0x00, 0x00, 0x00, 0x00, 0x00, 0x00, 0x00,
  0x00, 0x00, 0x00, 0x00, 0x00, 0x00, 0x00, 0x00, 0x00, 0x00, 0x00, 0x00,
  0x00, 0x00, 0x00, 0x00, 0x00, 0x00, 0x00, 0x00, 0x00, 0x00, 0x00, 0x00,
  0x00, 0x00, 0x00, 0x00, 0x00, 0x00, 0x00, 0x00, 0x00, 0x00, 0x00, 0x00,
  0x00, 0x00, 0x00, 0x00, 0x00, 0x00, 0x00, 0x00, 0x00, 0x00, 0x00, 0x00,
  0x00, 0x00, 0x00, 0x00, 0x00, 0x00, 0x00, 0x00, 0x00, 0x00, 0x00, 0x00,
  0x00, 0x00, 0x00, 0x00, 0x00, 0x00, 0x00, 0x00, 0x00, 0x00, 0x00, 0x00,
  0x00, 0x00, 0x00, 0x00, 0x00, 0x00, 0x00, 0x00, 0x00, 0x00, 0x00, 0x00,
  0x00, 0x00, 0x00, 0x00, 0x00, 0x00, 0x00, 0x00, 0x00, 0x00, 0x00, 0x00,
  0x00, 0x00, 0x00, 0x00, 0x00, 0x00, 0x00, 0x00, 0x00, 0x00, 0x00, 0x00,
  0x00, 0x00, 0x00, 0x00, 0x00, 0x00, 0x00, 0x00, 0x00, 0x00, 0x00, 0x00,
  0x00, 0x00, 0x00, 0x00, 0x00, 0x00, 0x00, 0x00, 0x00, 0x00, 0x00, 0x00,
  0x00, 0x00, 0x00, 0x00, 0x00, 0x00, 0x00, 0x00, 0x00, 0x00, 0x00, 0x00,
  0x00, 0x00, 0x00, 0x00, 0x00, 0x00, 0x00, 0x00, 0x00, 0x00, 0x00, 0x00,
  0x00, 0x00, 0x00, 0x00, 0x00, 0x00, 0x00, 0x00, 0xb0, 0xc4, 0xd7, 0x06,
  0xae, 0xc1, 0xd2, 0x44, 0xae, 0xc1, 0xd2, 0x69, 0xaf, 0xc1, 0xd0, 0x7c,
  0xaf, 0xc1, 0xd1, 0x80, 0xaf, 0xc1, 0xd0, 0x6e, 0xaf, 0xbf, 0xd0, 0x3e,
  0xaa, 0xbf, 0xc9, 0x0c, 0x00, 0x00, 0x00, 0x00, 0x00, 0x00, 0xff, 0x00,
  0x00, 0x00, 0x00, 0x00, 0x00, 0x00, 0x00, 0x00, 0x00, 0x00, 0x00, 0x00,
  0x00, 0x00, 0x00, 0x00, 0x00, 0x00, 0x00, 0x00, 0x00, 0x00, 0x00, 0x00,
  0x00, 0x00, 0x00, 0x00, 0x00, 0x00, 0x00, 0x00, 0x00, 0x00, 0x00, 0x00,
  0x00, 0x00, 0x00, 0x00, 0x00, 0x00, 0x00, 0x00, 0x7f, 0x7f, 0xff, 0x01,
  0x00, 0x00, 0x00, 0x00, 0xaf, 0xc2, 0xd2, 0x36, 0xaf, 0xc1, 0xd1, 0x7f,
  0xaf, 0xc1, 0xd1, 0x80, 0xae, 0xc0, 0xd0, 0x7f, 0xaf, 0xc1, 0xd1, 0x80,
  0xaf, 0xc1, 0xd1, 0x80, 0xae, 0xc0, 0xd0, 0x7f, 0xb1, 0xc3, 0xd3, 0x80,
  0xae, 0xc1, 0xd1, 0x7a, 0xad, 0xc1, 0xd2, 0x2d, 0x00, 0x00, 0x00, 0x00,
  0xff, 0xff, 0xff, 0x00, 0x00, 0x00, 0x00, 0x00, 0x00, 0x00, 0x00, 0x00,
  0x00, 0x00, 0x00, 0x00, 0x00, 0x00, 0x00, 0x00, 0x00, 0x00, 0x00, 0x00,
  0x00, 0x00, 0x00, 0x00, 0x00, 0x00, 0x00, 0x00, 0x00, 0x00, 0x00, 0x00,
  0x00, 0x00, 0x00, 0x00, 0x00, 0x00, 0x00, 0x00, 0x00, 0x00, 0x00, 0x00,
  0xae, 0xc1, 0xce, 0x44, 0xb1, 0xc3, 0xd3, 0x80, 0xae, 0xc0, 0xd0, 0x7f,
  0xaf, 0xc1, 0xd1, 0x80, 0xaf, 0xc1, 0xd1, 0x80, 0xaf, 0xc1, 0xd1, 0x80,
  0xaf, 0xc1, 0xd1, 0x80, 0xaf, 0xc1, 0xd1, 0x80, 0xaf, 0xc1, 0xd1, 0x80,
  0xae, 0xc0, 0xd0, 0x7f, 0xb1, 0xc3, 0xd3, 0x80, 0xae, 0xbf, 0xce, 0x44,
  0x00, 0x00, 0x00, 0x00, 0x00, 0x00, 0x00, 0x00, 0x00, 0x00, 0x00, 0x00,
  0x00, 0x00, 0x00, 0x00, 0x00, 0x00, 0x00, 0x00, 0x00, 0x00, 0x00, 0x00,
  0x00, 0x00, 0x00, 0x00, 0x00, 0x00, 0x00, 0x00, 0x00, 0x00, 0x00, 0x00,
  0xff, 0xff, 0xff, 0x01, 0x00, 0x00, 0x00, 0x00, 0xaf, 0xc0, 0xd2, 0x33,
  0xb1, 0xc3, 0xd3, 0x80, 0xaf, 0xc1, 0xd1, 0x80, 0xaf, 0xc1, 0xd1, 0x80,
  0xaf, 0xc1, 0xd1, 0x80, 0xaf, 0xc1, 0xd1, 0x80, 0xaf, 0xc1, 0xd1, 0x80,
  0xaf, 0xc1, 0xd1, 0x80, 0xaf, 0xc1, 0xd1, 0x80, 0xaf, 0xc1, 0xd1, 0x80,
  0xaf, 0xc1, 0xd1, 0x80, 0xaf, 0xc1, 0xd1, 0x80, 0xb1, 0xc3, 0xd3, 0x80,
  0xaf, 0xc0, 0xcf, 0x33, 0x00, 0x00, 0x00, 0x00, 0xff, 0xff, 0xff, 0x01,
  0x00, 0x00, 0x00, 0x00, 0x00, 0x00, 0x00, 0x00, 0x00, 0x00, 0x00, 0x00,
  0x00, 0x00, 0x00, 0x00, 0x00, 0x00, 0x00, 0x00, 0xaa, 0xaa, 0xaa, 0x01,
  0x00, 0x00, 0x00, 0x00, 0xaf, 0xc0, 0xd1, 0x16, 0xae, 0xc1, 0xd0, 0x74,
  0xb3, 0xc5, 0xd6, 0x80, 0xaf, 0xc1, 0xd1, 0x7e, 0xaf, 0xc1, 0xd1, 0x80,
  0xaf, 0xc1, 0xd1, 0x80, 0xaf, 0xc1, 0xd1, 0x80, 0xaf, 0xc1, 0xd1, 0x80,
  0xaf, 0xc1, 0xd1, 0x80, 0xaf, 0xc1, 0xd1, 0x80, 0xaf, 0xc1, 0xd1, 0x80,
  0xaf, 0xc1, 0xd1, 0x80, 0xaf, 0xc1, 0xd1, 0x7e, 0xb3, 0xc5, 0xd6, 0x80,
  0xae, 0xc0, 0xd0, 0x74, 0xaf, 0xc0, 0xd1, 0x16, 0x00, 0x00, 0x00, 0x00,
  0xaa, 0xaa, 0xaa, 0x01, 0x00, 0x00, 0x00, 0x00, 0x00, 0x00, 0x00, 0x00,
  0x00, 0x00, 0x00, 0x00, 0x00, 0x00, 0x00, 0x00, 0xaa, 0xaa, 0xaa, 0x01,
  0x00, 0x00, 0x00, 0x00, 0xae, 0xbf, 0xd0, 0x44, 0xb9, 0xcd, 0xdd, 0x80,
  0xae, 0xc1, 0xd1, 0x7d, 0xaf, 0xc1, 0xd1, 0x80, 0xaf, 0xc1, 0xd1, 0x80,
  0xae, 0xc1, 0xd1, 0x80, 0xb4, 0xc1, 0xd2, 0x80, 0x7d, 0xc0, 0xc8, 0x80,
  0x8b, 0xc0, 0xcb, 0x80, 0xb3, 0xc1, 0xd2, 0x80, 0xae, 0xc1, 0xd1, 0x80,
  0xaf, 0xc1, 0xd1, 0x80, 0xaf, 0xc1, 0xd1, 0x80, 0xae, 0xc1, 0xd1, 0x7d,
  0xb9, 0xcd, 0xdd, 0x80, 0xae, 0xbf, 0xd0, 0x44, 0x00, 0x00, 0x00, 0x00,
  0xaa, 0xaa, 0xaa, 0x01, 0x00, 0x00, 0x00, 0x00, 0x00, 0x00, 0x00, 0x00,
  0x00, 0x00, 0x00, 0x00, 0x7f, 0x7f, 0xff, 0x01, 0x00, 0x00, 0x00, 0x00,
  0xad, 0xc8, 0xd1, 0x0e, 0xae, 0xc1, 0xd1, 0x6d, 0xb3, 0xc6, 0xd6, 0x80,
  0xae, 0xc0, 0xd0, 0x7e, 0xaf, 0xc1, 0xd1, 0x80, 0xaf, 0xc1, 0xd1, 0x80,
  0xad, 0xc1, 0xd1, 0x80, 0xbc, 0xc1, 0xd3, 0x80, 0x37, 0xbf, 0xbc, 0x80,
  0x37, 0xbf, 0xbc, 0x80, 0xbc, 0xc1, 0xd3, 0x80, 0xad, 0xc1, 0xd1, 0x80,
  0xaf, 0xc1, 0xd1, 0x80, 0xaf, 0xc1, 0xd1, 0x80, 0xae, 0xc0, 0xd0, 0x7f,
  0xb1, 0xc3, 0xd3, 0x80, 0xaf, 0xc1, 0xd0, 0x76, 0xb0, 0xc4, 0xd1, 0x13,
  0x00, 0x00, 0x00, 0x00, 0xff, 0xff, 0xff, 0x01, 0x00, 0x00, 0x00, 0x00,
  0x00, 0x00, 0x00, 0x00, 0xff, 0xff, 0xff, 0x01, 0x00, 0x00, 0x00, 0x00,
  0xaf, 0xc1, 0xd0, 0x29, 0xbb, 0xce, 0xdf, 0x80, 0xae, 0xc1, 0xd1, 0x7d,
  0xaf, 0xc1, 0xd1, 0x80, 0xaf, 0xc1, 0xd1, 0x80, 0xad, 0xc1, 0xd1, 0x80,
  0xb4, 0xc1, 0xd2, 0x80, 0x92, 0xc0, 0xcc, 0x80, 0x14, 0xbf, 0xb7, 0x80,
  0x10, 0xbf, 0xb6, 0x80, 0x8c, 0xc1, 0xcb, 0x80, 0xb6, 0xc1, 0xd2, 0x80,
  0xad, 0xc1, 0xd1, 0x80, 0xaf, 0xc1, 0xd1, 0x80, 0xaf, 0xc1, 0xd1, 0x80,
  0xae, 0xc1, 0xd1, 0x7d, 0xbb, 0xcf, 0xe0, 0x80, 0xad, 0xbf, 0xd0, 0x24,
  0x00, 0x00, 0x00, 0x00, 0xaa, 0xaa, 0xaa, 0x01, 0x00, 0x00, 0x00, 0x00,
  0x00, 0x00, 0x00, 0x00, 0x00, 0x00, 0x00, 0x00, 0x00, 0x00, 0x00, 0x00,
  0xaf, 0xc1, 0xd1, 0x46, 0xb7, 0xca, 0xdb, 0x80, 0xaf, 0xc1, 0xd1, 0x7e,
  0xaf, 0xc1, 0xd1, 0x80, 0xaf, 0xc1, 0xd1, 0x80, 0xad, 0xc1, 0xd1, 0x80,
  0xb5, 0xc1, 0xd2, 0x80, 0x5c, 0xbf, 0xc2, 0x80, 0x04, 0xbf, 0xb4, 0x80,
  0x00, 0xbf, 0xb3, 0x80, 0x5c, 0xc0, 0xc4, 0x80, 0xba, 0xc1, 0xd3, 0x80,
  0xac, 0xc1, 0xd0, 0x80, 0xaf, 0xc1, 0xd1, 0x80, 0xaf, 0xc1, 0xd1, 0x80,
  0xae, 0xc0, 0xd0, 0x7e, 0xb7, 0xc9, 0xda, 0x80, 0xaf, 0xc1, 0xd0, 0x4c,
  0x00, 0x00, 0x00, 0x00, 0x00, 0x00, 0x00, 0x00, 0x00, 0x00, 0x00, 0x00,
  0x00, 0x00, 0x00, 0x00, 0x00, 0x00, 0x00, 0x00, 0xaa, 0xaa, 0xaa, 0x01,
  0xae, 0xc0, 0xd1, 0x64, 0xb4, 0xc6, 0xd7, 0x80, 0xae, 0xc0, 0xd0, 0x7f,
  0xaf, 0xc1, 0xd1, 0x80, 0xae, 0xc1, 0xd1, 0x80, 0xb4, 0xc1, 0xd2, 0x80,
  0x9c, 0xc1, 0xce, 0x80, 0x1f, 0xbf, 0xb9, 0x80, 0x06, 0xbf, 0xb5, 0x80,
  0x04, 0xbf, 0xb4, 0x80, 0x25, 0xbf, 0xba, 0x80, 0xa0, 0xc1, 0xce, 0x80,
  0xb3, 0xc1, 0xd2, 0x80, 0xae, 0xc1, 0xd1, 0x80, 0xaf, 0xc1, 0xd1, 0x80,
  0xae, 0xc0, 0xd0, 0x7f, 0xb4, 0xc6, 0xd7, 0x80, 0xae, 0xc0, 0xcf, 0x64,
  0xaa, 0xaa, 0xaa, 0x01, 0x00, 0x00, 0x00, 0x00, 0x00, 0x00, 0x00, 0x00,
  0x00, 0x00, 0x00, 0x00, 0x00, 0x00, 0x00, 0x00, 0xb6, 0xda, 0xda, 0x03,
  0xae, 0xc1, 0xd0, 0x75, 0xb2, 0xc4, 0xd4, 0x80, 0xaf, 0xc1, 0xd1, 0x7f,
  0xaf, 0xc1, 0xd1, 0x80, 0xae, 0xc1, 0xd1, 0x80, 0xb7, 0xc1, 0xd2, 0x80,
  0x79, 0xc0, 0xc8, 0x80, 0x00, 0xbf, 0xb2, 0x80, 0x3c, 0xc0, 0xbe, 0x80,
  0x2f, 0xbf, 0xbb, 0x80, 0x00, 0xbf, 0xb3, 0x80, 0x6a, 0xc0, 0xc5, 0x80,
  0xb5, 0xc1, 0xd2, 0x80, 0xae, 0xc1, 0xd1, 0x80, 0xaf, 0xc1, 0xd1, 0x80,
  0xae, 0xc0, 0xd0, 0x7f, 0xb2, 0xc5, 0xd5, 0x80, 0xae, 0xc1, 0xd1, 0x6f,
  0xaa, 0xaa, 0xd4, 0x03, 0x00, 0x00, 0x00, 0x00, 0x00, 0x00, 0x00, 0x00,
  0x00, 0x00, 0x00, 0x00, 0x00, 0x00, 0x00, 0x00, 0xaa, 0xc6, 0xc6, 0x04,
  0xaf, 0xc0, 0xd1, 0x7b, 0xb1, 0xc3, 0xd3, 0x80, 0xaf, 0xc1, 0xd1, 0x80,
  0xaf, 0xc1, 0xd1, 0x80, 0xb0, 0xc1, 0xd1, 0x80, 0xad, 0xc1, 0xd1, 0x80,
  0x2e, 0xbf, 0xbb, 0x80, 0x00, 0xbf, 0xb2, 0x80, 0x81, 0xc1, 0xca, 0x80,
  0x81, 0xc1, 0xca, 0x80, 0x00, 0xbf, 0xb2, 0x80, 0x2f, 0xbf, 0xbb, 0x80,
  0xad, 0xc1, 0xd1, 0x80, 0xb0, 0xc1, 0xd1, 0x80, 0xaf, 0xc1, 0xd1, 0x80,
  0xaf, 0xc1, 0xd1, 0x80, 0xb1, 0xc3, 0xd3, 0x80, 0xaf, 0xc0, 0xd1, 0x7b,
  0xaa, 0xc6, 0xc6, 0x04, 0x00, 0x00, 0x00, 0x00, 0x00, 0x00, 0x00, 0x00,
  0x00, 0x00, 0x00, 0x00, 0x00, 0x00, 0x00, 0x00, 0xaa, 0xc6, 0xc6, 0x04,
  0xaf, 0xc0, 0xd1, 0x7b, 0xb1, 0xc3, 0xd3, 0x80, 0xaf, 0xc1, 0xd1, 0x80,
  0xae, 0xc1, 0xd1, 0x80, 0xb5, 0xc1, 0xd2, 0x80, 0x7d, 0xc0, 0xc8, 0x80,
  0x03, 0xbf, 0xb4, 0x80, 0x24, 0xbf, 0xba, 0x80, 0xa3, 0xc1, 0xcf, 0x80,
  0xa7, 0xc1, 0xd0, 0x80, 0x29, 0xbf, 0xbb, 0x80, 0x03, 0xbf, 0xb4, 0x80,
  0x85, 0xc0, 0xcb, 0x80, 0xb4, 0xc1, 0xd2, 0x80, 0xae, 0xc1, 0xd1, 0x80,
  0xaf, 0xc1, 0xd1, 0x80, 0xb1, 0xc3, 0xd3, 0x80, 0xaf, 0xc0, 0xd1, 0x7b,
  0xaa, 0xc6, 0xc6, 0x04, 0x00, 0x00, 0x00, 0x00, 0x00, 0x00, 0x00, 0x00,
  0x00, 0x00, 0x00, 0x00, 0x00, 0x00, 0x00, 0x00, 0xaa, 0xaa, 0xd4, 0x03,
  0xae, 0xc1, 0xd1, 0x6f, 0xb2, 0xc5, 0xd5, 0x80, 0xae, 0xc0, 0xd0, 0x7f,
  0xad, 0xc1, 0xd1, 0x80, 0xba, 0xc1, 0xd3, 0x80, 0x40, 0xc0, 0xbe, 0x80,
  0x00, 0xbf, 0xb3, 0x80, 0x5d, 0xc0, 0xc4, 0x80, 0xb3, 0xc1, 0xd2, 0x80,
  0xb8, 0xc1, 0xd3, 0x80, 0x5c, 0xc0, 0xc3, 0x80, 0x00, 0xbf, 0xb2, 0x80,
  0x3e, 0xc0, 0xbe, 0x80, 0xb5, 0xc1, 0xd2, 0x80, 0xae, 0xc1, 0xd1, 0x80,
  0xae, 0xc1, 0xd0, 0x7f, 0xb2, 0xc4, 0xd4, 0x80, 0xae, 0xc1, 0xd0, 0x75,
  0xb6, 0xda, 0xda, 0x03, 0x00, 0x00, 0x00, 0x00, 0x00, 0x00, 0x00, 0x00,
  0x00, 0x00, 0x00, 0x00, 0x00, 0x00, 0x00, 0x00, 0xaa, 0xaa, 0xaa, 0x01,
  0xae, 0xc0, 0xd1, 0x64, 0xb4, 0xc6, 0xd7, 0x80, 0xac, 0xc0, 0xd0, 0x7f,
  0xb6, 0xc1, 0xd2, 0x80, 0x8c, 0xc0, 0xcb, 0x80, 0x12, 0xbf, 0xb7, 0x80,
  0x0b, 0xbf, 0xb6, 0x80, 0x4b, 0xc0, 0xc0, 0x80, 0x5d, 0xc0, 0xc3, 0x80,
  0x5e, 0xc0, 0xc4, 0x80, 0x44, 0xc0, 0xbf, 0x80, 0x08, 0xbf, 0xb5, 0x80,
  0x13, 0xbf, 0xb7, 0x80, 0x8c, 0xc1, 0xcb, 0x80, 0xb6, 0xc1, 0xd2, 0x80,
  0xac, 0xc0, 0xd0, 0x7f, 0xb4, 0xc6, 0xd7, 0x80, 0xae, 0xc0, 0xcf, 0x64,
  0xaa, 0xaa, 0xaa, 0x01, 0x00, 0x00, 0x00, 0x00, 0x00, 0x00, 0x00, 0x00,
  0x00, 0x00, 0x00, 0x00, 0x00, 0x00, 0x00, 0x00, 0x00, 0x00, 0x00, 0x00,
  0xaf, 0xc1, 0xd2, 0x4c, 0xb6, 0xc9, 0xda, 0x80, 0xad, 0xc0, 0xd0, 0x7e,
  0xb7, 0xc1, 0xd2, 0x80, 0x55, 0xbf, 0xc1, 0x80, 0x00, 0xbf, 0xb3, 0x80,
  0x0b, 0xbf, 0xb5, 0x80, 0x08, 0xbf, 0xb5, 0x80, 0x08, 0xbf, 0xb5, 0x80,
  0x08, 0xbf, 0xb5, 0x80, 0x08, 0xbf, 0xb5, 0x80, 0x0a, 0xbf, 0xb5, 0x80,
  0x00, 0xbf, 0xb3, 0x80, 0x56, 0xbf, 0xc2, 0x80, 0xb7, 0xc1, 0xd2, 0x80,
  0xad, 0xc1, 0xd1, 0x7e, 0xb7, 0xca, 0xdb, 0x80, 0xaf, 0xc1, 0xd1, 0x46,
  0x00, 0x00, 0x00, 0x00, 0x00, 0x00, 0x00, 0x00, 0x00, 0x00, 0x00, 0x00,
  0x00, 0x00, 0x00, 0x00, 0xaa, 0xaa, 0xaa, 0x01, 0x00, 0x00, 0x00, 0x00,
  0xad, 0xbf, 0xd0, 0x24, 0xba, 0xcf, 0xe0, 0x80, 0xb3, 0xc1, 0xd1, 0x7d,
  0x9c, 0xc1, 0xce, 0x80, 0x1f, 0xbf, 0xb9, 0x80, 0x04, 0xbf, 0xb4, 0x80,
  0x09, 0xbf, 0xb5, 0x80, 0x08, 0xbf, 0xb5, 0x80, 0x08, 0xbf, 0xb5, 0x80,
  0x08, 0xbf, 0xb5, 0x80, 0x08, 0xbf, 0xb5, 0x80, 0x09, 0xbf, 0xb5, 0x80,
  0x04, 0xbf, 0xb4, 0x80, 0x1f, 0xbf, 0xb9, 0x80, 0x9c, 0xc1, 0xce, 0x80,
  0xb3, 0xc1, 0xd2, 0x7d, 0xba, 0xce, 0xdf, 0x80, 0xaf, 0xc1, 0xd0, 0x29,
  0x00, 0x00, 0x00, 0x00, 0xff, 0xff, 0xff, 0x01, 0x00, 0x00, 0x00, 0x00,
  0x00, 0x00, 0x00, 0x00, 0xff, 0xff, 0xff, 0x01, 0x00, 0x00, 0x00, 0x00,
  0xb0, 0xc4, 0xd1, 0x13, 0xaf, 0xc1, 0xd1, 0x76, 0xb1, 0xc3, 0xd3, 0x80,
  0xae, 0xc0, 0xd0, 0x7f, 0xaf, 0xc1, 0xd1, 0x80, 0xaf, 0xc1, 0xd1, 0x80,
  0xaf, 0xc1, 0xd1, 0x80, 0xaf, 0xc1, 0xd1, 0x80, 0xaf, 0xc1, 0xd1, 0x80,
  0xaf, 0xc1, 0xd1, 0x80, 0xaf, 0xc1, 0xd1, 0x80, 0xaf, 0xc1, 0xd1, 0x80,
  0xaf, 0xc1, 0xd1, 0x80, 0xaf, 0xc1, 0xd1, 0x80, 0xae, 0xc0, 0xd0, 0x7e,
  0xb3, 0xc6, 0xd6, 0x80, 0xae, 0xc1, 0xd0, 0x6d, 0xad, 0xbf, 0xd1, 0x0e,
  0x00, 0x00, 0x00, 0x00, 0x7f, 0x7f, 0xff, 0x01, 0x00, 0x00, 0x00, 0x00,
  0x00, 0x00, 0x00, 0x00, 0x00, 0x00, 0x00, 0x00, 0xaa, 0xaa, 0xaa, 0x01,
  0x00, 0x00, 0x00, 0x00, 0xae, 0xbf, 0xd0, 0x44, 0xb9, 0xcd, 0xdd, 0x80,
  0xae, 0xc1, 0xd1, 0x7d, 0xaf, 0xc1, 0xd1, 0x80, 0xaf, 0xc1, 0xd1, 0x80,
  0xaf, 0xc1, 0xd1, 0x80, 0xaf, 0xc1, 0xd1, 0x80, 0xaf, 0xc1, 0xd1, 0x80,
  0xaf, 0xc1, 0xd1, 0x80, 0xaf, 0xc1, 0xd1, 0x80, 0xaf, 0xc1, 0xd1, 0x80,
  0xaf, 0xc1, 0xd1, 0x80, 0xaf, 0xc1, 0xd1, 0x80, 0xae, 0xc1, 0xd1, 0x7d,
  0xb9, 0xcd, 0xdd, 0x80, 0xae, 0xbf, 0xd0, 0x44, 0x00, 0x00, 0x00, 0x00,
  0xaa, 0xaa, 0xaa, 0x01, 0x00, 0x00, 0x00, 0x00, 0x00, 0x00, 0x00, 0x00,
  0x00, 0x00, 0x00, 0x00, 0x00, 0x00, 0x00, 0x00, 0xaa, 0xaa, 0xaa, 0x01,
  0x00, 0x00, 0x00, 0x00, 0xaf, 0xc0, 0xd1, 0x16, 0xae, 0xc0, 0xd0, 0x74,
  0xb3, 0xc5, 0xd6, 0x80, 0xaf, 0xc1, 0xd1, 0x7e, 0xaf, 0xc1, 0xd1, 0x80,
  0xaf, 0xc1, 0xd1, 0x80, 0xaf, 0xc1, 0xd1, 0x80, 0xaf, 0xc1, 0xd1, 0x80,
  0xaf, 0xc1, 0xd1, 0x80, 0xaf, 0xc1, 0xd1, 0x80, 0xaf, 0xc1, 0xd1, 0x80,
  0xaf, 0xc1, 0xd1, 0x80, 0xaf, 0xc1, 0xd1, 0x7e, 0xb3, 0xc5, 0xd6, 0x80,
  0xae, 0xc0, 0xd0, 0x74, 0xaf, 0xc0, 0xd1, 0x16, 0x00, 0x00, 0x00, 0x00,
  0xaa, 0xaa, 0xaa, 0x01, 0x00, 0x00, 0x00, 0x00, 0x00, 0x00, 0x00, 0x00,
  0x00, 0x00, 0x00, 0x00, 0x00, 0x00, 0x00, 0x00, 0x00, 0x00, 0x00, 0x00,
  0xff, 0xff, 0xff, 0x01, 0x00, 0x00, 0x00, 0x00, 0xaf, 0xc0, 0xd2, 0x33,
  0xb1, 0xc3, 0xd3, 0x80, 0xaf, 0xc1, 0xd1, 0x80, 0xaf, 0xc1, 0xd1, 0x80,
  0xaf, 0xc1, 0xd1, 0x80, 0xaf, 0xc1, 0xd1, 0x80, 0xaf, 0xc1, 0xd1, 0x80,
  0xaf, 0xc1, 0xd1, 0x80, 0xaf, 0xc1, 0xd1, 0x80, 0xaf, 0xc1, 0xd1, 0x80,
  0xaf, 0xc1, 0xd1, 0x80, 0xaf, 0xc1, 0xd1, 0x80, 0xb1, 0xc3, 0xd3, 0x80,
  0xaf, 0xc0, 0xcf, 0x33, 0x00, 0x00, 0x00, 0x00, 0xff, 0xff, 0xff, 0x01,
  0x00, 0x00, 0x00, 0x00, 0x00, 0x00, 0x00, 0x00, 0x00, 0x00, 0x00, 0x00,
  0x00, 0x00, 0x00, 0x00, 0x00, 0x00, 0x00, 0x00, 0x00, 0x00, 0x00, 0x00,
  0x00, 0x00, 0x00, 0x00, 0x00, 0x00, 0x00, 0x00, 0x00, 0x00, 0x00, 0x00,
  0xad, 0xbf, 0xce, 0x44, 0xb1, 0xc3, 0xd3, 0x80, 0xae, 0xc0, 0xd0, 0x7f,
  0xaf, 0xc1, 0xd1, 0x80, 0xaf, 0xc1, 0xd1, 0x80, 0xaf, 0xc1, 0xd1, 0x80,
  0xaf, 0xc1, 0xd1, 0x80, 0xaf, 0xc1, 0xd1, 0x80, 0xaf, 0xc1, 0xd1, 0x80,
  0xae, 0xc0, 0xd0, 0x7f, 0xb1, 0xc3, 0xd3, 0x80, 0xae, 0xc1, 0xd0, 0x44,
  0x00, 0x00, 0x00, 0x00, 0x00, 0x00, 0x00, 0x00, 0x00, 0x00, 0x00, 0x00,
  0x00, 0x00, 0x00, 0x00, 0x00, 0x00, 0x00, 0x00, 0x00, 0x00, 0x00, 0x00,
  0x00, 0x00, 0x00, 0x00, 0x00, 0x00, 0x00, 0x00, 0x00, 0x00, 0x00, 0x00,
  0x00, 0x00, 0x00, 0x00, 0x00, 0x00, 0x00, 0x00, 0xff, 0xff, 0xff, 0x00,
  0x00, 0x00, 0x00, 0x00, 0xad, 0xbe, 0xcf, 0x2d, 0xae, 0xc0, 0xd1, 0x7a,
  0xb1, 0xc3, 0xd3, 0x80, 0xae, 0xc0, 0xd0, 0x7f, 0xaf, 0xc1, 0xd1, 0x80,
  0xaf, 0xc1, 0xd1, 0x80, 0xae, 0xc0, 0xd0, 0x7f, 0xaf, 0xc1, 0xd1, 0x80,
  0xaf, 0xc0, 0xd0, 0x7f, 0xaf, 0xbf, 0xd0, 0x36, 0x00, 0x00, 0x00, 0x00,
  0x7f, 0x7f, 0x7f, 0x01, 0x00, 0x00, 0x00, 0x00, 0x00, 0x00, 0x00, 0x00,
  0x00, 0x00, 0x00, 0x00, 0x00, 0x00, 0x00, 0x00, 0x00, 0x00, 0x00, 0x00,
  0x00, 0x00, 0x00, 0x00, 0x00, 0x00, 0x00, 0x00, 0x00, 0x00, 0x00, 0x00,
  0x00, 0x00, 0x00, 0x00, 0x00, 0x00, 0x00, 0x00, 0x00, 0x00, 0x00, 0x00,
  0x00, 0x00, 0xff, 0x00, 0x00, 0x00, 0x00, 0x00, 0xaa, 0xbf, 0xc9, 0x0c,
  0xad, 0xbf, 0xd0, 0x3e, 0xaf, 0xc0, 0xd1, 0x6e, 0xaf, 0xc1, 0xd1, 0x80,
  0xaf, 0xc0, 0xd0, 0x7c, 0xae, 0xbf, 0xd0, 0x69, 0xae, 0xbf, 0xd0, 0x44,
  0xb0, 0xc4, 0xd7, 0x06, 0x00, 0x00, 0x00, 0x00, 0x00, 0x00, 0x00, 0x00,
  0x00, 0x00, 0x00, 0x00, 0x00, 0x00, 0x00, 0x00, 0x00, 0x00, 0x00, 0x00,
  0x00, 0x00, 0x00, 0x00, 0x00, 0x00, 0x00, 0x00, 0x00, 0x00, 0x00, 0x00,
  0x00, 0x00, 0x00, 0x00, 0x00, 0x00, 0x00, 0x00, 0x00, 0x00, 0x00, 0x00,
  0x00, 0x00, 0x00, 0x00, 0x00, 0x00, 0x00, 0x00, 0x00, 0x00, 0x00, 0x00,
  0x00, 0x00, 0x00, 0x00, 0x00, 0x00, 0x00, 0x00, 0x00, 0x00, 0x00, 0x00,
  0x00, 0x00, 0x00, 0x00, 0x00, 0x00, 0x00, 0x00, 0x00, 0x00, 0x00, 0x00,
  0x00, 0x00, 0x00, 0x00, 0x00, 0x00, 0x00, 0x00, 0x00, 0x00, 0x00, 0x00,
  0x00, 0x00, 0x00, 0x00, 0x00, 0x00, 0x00, 0x00, 0x00, 0x00, 0x00, 0x00,
  0x00, 0x00, 0x00, 0x00, 0x00, 0x00, 0x00, 0x00, 0x00, 0x00, 0x00, 0x00,
  0x00, 0x00, 0x00, 0x00, 0x00, 0x00, 0x00, 0x00, 0x00, 0x00, 0x00, 0x00,
  0x00, 0x00, 0x00, 0x00, 0x00, 0x00, 0x00, 0x00, 0x00, 0x00, 0x00, 0x00,
  0x00, 0x00, 0x00, 0x00, 0x00, 0x00, 0x00, 0x00, 0x00, 0x00, 0x00, 0x00,
  0x00, 0x00, 0x00, 0x00, 0x00, 0x00, 0x00, 0x00, 0x00, 0x00, 0x00, 0x00,
  0x00, 0x00, 0x00, 0x00, 0x00, 0x00, 0x00, 0x00, 0x00, 0x00, 0x00, 0x00,
  0x00, 0x00, 0x00, 0x00, 0x00, 0x00, 0x00, 0x00, 0x00, 0x00, 0x00, 0x00,
  0x00, 0x00, 0x00, 0x00, 0x00, 0x00, 0x00, 0x00, 0x00, 0x00, 0x00, 0x00,
  0x00, 0x00, 0x00, 0x00, 0x00, 0x00, 0x00, 0x00, 0x00, 0x00, 0x00, 0x00,
  0x00, 0x00, 0x00, 0x00, 0x00, 0x00, 0x00, 0x00, 0x00, 0x00, 0x00, 0x00,
  0x00, 0x00, 0x00, 0x00, 0x00, 0x00, 0x00, 0x00, 0x00, 0x00, 0x00, 0x00,
  0x00, 0x00, 0x00, 0x00, 0x00, 0x00, 0x00, 0x00, 0x00, 0x00, 0x00, 0x00,
  0x00, 0x00, 0x00, 0x00, 0x00, 0x00, 0x00, 0x00, 0x00, 0x00, 0x00, 0x00,
  0x00, 0x00, 0x00, 0x00, 0x00, 0x00, 0x00, 0x00, 0x00, 0x00, 0x00, 0x00,
  0x00, 0x00, 0x00, 0x00, 0x00, 0x00, 0x00, 0x00, 0x00, 0x00, 0x00, 0x00,
  0x00, 0x00, 0x00, 0x00, 0x00, 0x00, 0x00, 0x00, 0x00, 0x00, 0x00, 0x00,
  0x00, 0x00, 0x00, 0x00, 0x00, 0x00, 0x00, 0x00, 0x00, 0x00, 0x00, 0x00,
  0x00, 0x00, 0x00, 0x00, 0x00, 0x00, 0x00, 0x00, 0x00, 0x00, 0x00, 0x00,
  0x00, 0x00, 0x00, 0x00, 0x00, 0x00, 0x00, 0x00, 0x00, 0x00, 0x00, 0x00,
  0x00, 0x00, 0x00, 0x00, 0x00, 0x00, 0x00, 0x00, 0x00, 0x00, 0x00, 0x00,
  0x00, 0x00, 0x00, 0x00, 0x00, 0x00, 0x00, 0x00, 0x00, 0x00, 0x00, 0x00,
  0x00, 0x00, 0x00, 0x00, 0x00, 0x00, 0x00, 0x00, 0x00, 0x00, 0x00, 0x00,
  0x00, 0x00, 0x00, 0x00, 0x00, 0x00, 0x00, 0x00, 0x00, 0x00, 0x00, 0x00,
  0x00, 0x00, 0x00, 0x00, 0x00, 0x00, 0x00, 0x00, 0x00, 0x00, 0x00, 0x00,
  0x00, 0x00, 0x00, 0x00, 0x00, 0x00, 0x00, 0x00, 0x00, 0x00, 0x00, 0x00,
  0x00, 0x00, 0x00, 0x00, 0x00, 0x00, 0x00, 0x00, 0x00, 0x00, 0x00, 0x00,
};

static unsigned char sprite_dpad_data[] = {
  0x00, 0x00, 0x00, 0x00, 0x00, 0x00, 0x00, 0x00, 0x00, 0x00, 0x00, 0x00,
  0x00, 0x00, 0x00, 0x00, 0x00, 0x00, 0x00, 0x00, 0x00, 0x00, 0x00, 0x00,
  0x00, 0x00, 0x00, 0x00, 0x00, 0x00, 0x00, 0x00, 0x00, 0x00, 0x00, 0x00,
  0x00, 0x00, 0x00, 0x00, 0x00, 0x00, 0x00, 0x00, 0x00, 0x00, 0x00, 0x00,
  0x00, 0x00, 0x00, 0x00, 0x00, 0x00, 0x00, 0x00, 0x00, 0x00, 0x00, 0x00,
  0x00, 0x00, 0x00, 0x00, 0x00, 0x00, 0x00, 0x00, 0x00, 0x00, 0x00, 0x00,
  0x00, 0x00, 0x00, 0x00, 0x00, 0x00, 0x00, 0x00, 0x00, 0x00, 0x00, 0x00,
  0x00, 0x00, 0x00, 0x00, 0x00, 0x00, 0x00, 0x00, 0x00, 0x00, 0x00, 0x00,
  0x00, 0x00, 0x00, 0x00, 0x00, 0x00, 0x00, 0x00, 0x00, 0x00, 0x00, 0x00,
  0x00, 0x00, 0x00, 0x00, 0x00, 0x00, 0x00, 0x00, 0x00, 0x00, 0x00, 0x00,
  0x00, 0x00, 0x00, 0x00, 0x00, 0x00, 0x00, 0x00, 0x00, 0x00, 0x00, 0x00,
  0x00, 0x00, 0x00, 0x00, 0x00, 0x00, 0x00, 0x00, 0x00, 0x00, 0x00, 0x00,
  0x00, 0x00, 0x00, 0x00, 0x00, 0x00, 0x00, 0x00, 0x00, 0x00, 0x00, 0x00,
  0x00, 0x00, 0x00, 0x00, 0x00, 0x00, 0x00, 0x00, 0x00, 0x00, 0x00, 0x00,
  0x00, 0x00, 0x00, 0x00, 0x00, 0x00, 0x00, 0x00, 0x00, 0x00, 0x00, 0x00,
  0x00, 0x00, 0x00, 0x00, 0x00, 0x00, 0x00, 0x00, 0x00, 0x00, 0x00, 0x00,
  0x00, 0x00, 0x00, 0x00, 0x00, 0x00, 0x00, 0x00, 0x00, 0x00, 0x00, 0x00,
  0x00, 0x00, 0x00, 0x00, 0x00, 0x00, 0x00, 0x00, 0x00, 0x00, 0x00, 0x00,
  0x00, 0x00, 0x00, 0x00, 0x00, 0x00, 0x00, 0x00, 0x00, 0x00, 0x00, 0x00,
  0x00, 0x00, 0x00, 0x00, 0x00, 0x00, 0x00, 0x00, 0x00, 0x00, 0x00, 0x00,
  0x00, 0x00, 0x00, 0x00, 0x00, 0x00, 0x00, 0x00, 0x00, 0x00, 0x00, 0x00,
  0x00, 0x00, 0x00, 0x00, 0x00, 0x00, 0x00, 0x00, 0x00, 0x00, 0x00, 0x00,
  0x00, 0x00, 0x00, 0x00, 0x00, 0x00, 0x00, 0x00, 0x00, 0x00, 0x00, 0x00,
  0x00, 0x00, 0x00, 0x00, 0x00, 0x00, 0x00, 0x00, 0x00, 0x00, 0x00, 0x00,
  0x00, 0x00, 0x00, 0x00, 0x00, 0x00, 0x00, 0x00, 0x00, 0x00, 0x00, 0x00,
  0x00, 0x00, 0x00, 0x00, 0x00, 0x00, 0x00, 0x00, 0x00, 0x00, 0x00, 0x00,
  0x00, 0x00, 0x00, 0x00, 0x00, 0x00, 0x00, 0x00, 0x00, 0x00, 0x00, 0x00,
  0x00, 0x00, 0x00, 0x00, 0x00, 0x00, 0x00, 0x00, 0x00, 0x00, 0x00, 0x00,
  0x00, 0x00, 0x00, 0x00, 0x00, 0x00, 0x00, 0x00, 0x00, 0x00, 0x00, 0x00,
  0x00, 0x00, 0x00, 0x00, 0x00, 0x00, 0x00, 0x00, 0x00, 0x00, 0x00, 0x00,
  0x00, 0x00, 0x00, 0x00, 0x00, 0x00, 0x00, 0x00, 0x00, 0x00, 0x00, 0x00,
  0x00, 0x00, 0x00, 0x00, 0x00, 0x00, 0x00, 0x00, 0x00, 0x00, 0x00, 0x00,
  0x00, 0x00, 0x00, 0x00, 0x00, 0x00, 0x00, 0x00, 0x00, 0x00, 0x00, 0x00,
  0x00, 0x00, 0x00, 0x00, 0x00, 0x00, 0x00, 0x00, 0x00, 0x00, 0x00, 0x00,
  0xff, 0xff, 0xff, 0x00, 0x00, 0x00, 0x00, 0x00, 0xaf, 0xbe, 0xd2, 0x19,
  0xaf, 0xc1, 0xd1, 0x40, 0xae, 0xc0, 0xd0, 0x3f, 0xae, 0xc0, 0xd0, 0x3f,
  0xae, 0xc0, 0xd0, 0x3f, 0xae, 0xc0, 0xd0, 0x3f, 0xaf, 0xc1, 0xd1, 0x40,
  0xaf, 0xbe, 0xd2, 0x19, 0x00, 0x00, 0x00, 0x00, 0xff, 0xff, 0xff, 0x00,
  0x00, 0x00, 0x00, 0x00, 0x00, 0x00, 0x00, 0x00, 0x00, 0x00, 0x00, 0x00,
  0x00, 0x00, 0x00, 0x00, 0x00, 0x00, 0x00, 0x00, 0x00, 0x00, 0x00, 0x00,
  0x00, 0x00, 0x00, 0x00, 0x00, 0x00, 0x00, 0x00, 0x00, 0x00, 0x00, 0x00,
  0x00, 0x00, 0x00, 0x00, 0x00, 0x00, 0x00, 0x00, 0x00, 0x00, 0x00, 0x00,
  0xff, 0xff, 0xff, 0x01, 0x00, 0x00, 0x00, 0x00, 0xaf, 0xc0, 0xcf, 0x33,
  0xb1, 0xc3, 0xd3, 0x80, 0xaf, 0xc1, 0xd1, 0x80, 0xaf, 0xc1, 0xd1, 0x80,
  0xaf, 0xc1, 0xd1, 0x80, 0xaf, 0xc1, 0xd1, 0x80, 0xb1, 0xc3, 0xd3, 0x80,
  0xaf, 0xc0, 0xcf, 0x33, 0x00, 0x00, 0x00, 0x00, 0xff, 0xff, 0xff, 0x01,
  0x00, 0x00, 0x00, 0x00, 0x00, 0x00, 0x00, 0x00, 0x00, 0x00, 0x00, 0x00,
  0x00, 0x00, 0x00, 0x00, 0x00, 0x00, 0x00, 0x00, 0x00, 0x00, 0x00, 0x00,
  0x00, 0x00, 0x00, 0x00, 0x00, 0x00, 0x00, 0x00, 0x00, 0x00, 0x00, 0x00,
  0x00, 0x00, 0x00, 0x00, 0x00, 0x00, 0x00, 0x00, 0x00, 0x00, 0x00, 0x00,
  0xff, 0xff, 0xff, 0x01, 0x00, 0x00, 0x00, 0x00, 0xaf, 0xc0, 0xcf, 0x33,
  0xb1, 0xc3, 0xd3, 0x80, 0xaf, 0xc1, 0xd1, 0x80, 0xaf, 0xc1, 0xd1, 0x80,
  0xaf, 0xc1, 0xd1, 0x80, 0xaf, 0xc1, 0xd1, 0x80, 0xb1, 0xc3, 0xd3, 0x80,
  0xaf, 0xc0, 0xcf, 0x33, 0x00, 0x00, 0x00, 0x00, 0xff, 0xff, 0xff, 0x01,
  0x00, 0x00, 0x00, 0x00, 0x00, 0x00, 0x00, 0x00, 0x00, 0x00, 0x00, 0x00,
  0x00, 0x00, 0x00, 0x00, 0x00, 0x00, 0x00, 0x00, 0x00, 0x00, 0x00, 0x00,
  0x00, 0x00, 0x00, 0x00, 0x00, 0x00, 0x00, 0x00, 0x00, 0x00, 0x00, 0x00,
  0x00, 0x00, 0x00, 0x00, 0x00, 0x00, 0x00, 0x00, 0x00, 0x00, 0x00, 0x00,
  0xff, 0xff, 0xff, 0x01, 0x00, 0x00, 0x00, 0x00, 0xaf, 0xc0, 0xcf, 0x33,
  0xb1, 0xc3, 0xd3, 0x80, 0xaf, 0xc1, 0xd1, 0x80, 0xaf, 0xc1, 0xd1, 0x80,
  0xaf, 0xc1, 0xd1, 0x80, 0xaf, 0xc1, 0xd1, 0x80, 0xb1, 0xc3, 0xd3, 0x80,
  0xaf, 0xc0, 0xcf, 0x33, 0x00, 0x00, 0x00, 0x00, 0xff, 0xff, 0xff, 0x01,
  0x00, 0x00, 0x00, 0x00, 0x00, 0x00, 0x00, 0x00, 0x00, 0x00, 0x00, 0x00,
  0x00, 0x00, 0x00, 0x00, 0x00, 0x00, 0x00, 0x00, 0x00, 0x00, 0x00, 0x00,
  0x00, 0x00, 0x00, 0x00, 0x00, 0x00, 0x00, 0x00, 0x00, 0x00, 0x00, 0x00,
  0x00, 0x00, 0x00, 0x00, 0x00, 0x00, 0x00, 0x00, 0x00, 0x00, 0x00, 0x00,
  0xff, 0xff, 0xff, 0x01, 0x00, 0x00, 0x00, 0x00, 0xaf, 0xc0, 0xcf, 0x33,
  0xb1, 0xc3, 0xd3, 0x80, 0xaf, 0xc1, 0xd1, 0x80, 0xaf, 0xc1, 0xd1, 0x80,
  0xaf, 0xc1, 0xd1, 0x80, 0xaf, 0xc1, 0xd1, 0x80, 0xb1, 0xc3, 0xd3, 0x80,
  0xaf, 0xc0, 0xcf, 0x33, 0x00, 0x00, 0x00, 0x00, 0xff, 0xff, 0xff, 0x01,
  0x00, 0x00, 0x00, 0x00, 0x00, 0x00, 0x00, 0x00, 0x00, 0x00, 0x00, 0x00,
  0x00, 0x00, 0x00, 0x00, 0x00, 0x00, 0x00, 0x00, 0x00, 0x00, 0x00, 0x00,
  0x00, 0x00, 0x00, 0x00, 0x00, 0x00, 0x00, 0x00, 0x00, 0x00, 0x00, 0x00,
  0x00, 0x00, 0x00, 0x00, 0x00, 0x00, 0x00, 0x00, 0x00, 0x00, 0x00, 0x00,
  0xff, 0xff, 0xff, 0x01, 0x00, 0x00, 0x00, 0x00, 0xaf, 0xc0, 0xcf, 0x33,
  0xb1, 0xc3, 0xd3, 0x80, 0xaf, 0xc1, 0xd1, 0x80, 0xaf, 0xc1, 0xd1, 0x80,
  0xaf, 0xc1, 0xd1, 0x80, 0xaf, 0xc1, 0xd1, 0x80, 0xb1, 0xc3, 0xd3, 0x80,
  0xaf, 0xc0, 0xcf, 0x33, 0x00, 0x00, 0x00, 0x00, 0xff, 0xff, 0xff, 0x01,
  0x00, 0x00, 0x00, 0x00, 0x00, 0x00, 0x00, 0x00, 0x00, 0x00, 0x00, 0x00,
  0x00, 0x00, 0x00, 0x00, 0x00, 0x00, 0x00, 0x00, 0x00, 0x00, 0x00, 0x00,
  0x00, 0x00, 0x00, 0x00, 0x00, 0x00, 0x00, 0x00, 0x00, 0x00, 0x00, 0x00,
  0x00, 0x00, 0x00, 0x00, 0x00, 0x00, 0x00, 0x00, 0x00, 0x00, 0x00, 0x00,
  0x7f, 0x7f, 0x7f, 0x01, 0x00, 0x00, 0x00, 0x00, 0xab, 0xbe, 0xce, 0x27,
  0xaf, 0xc1, 0xd1, 0x80, 0xaf, 0xc2, 0xd2, 0x80, 0xaf, 0xc1, 0xd1, 0x80,
  0xaf, 0xc1, 0xd1, 0x80, 0xaf, 0xc2, 0xd2, 0x80, 0xaf, 0xc1, 0xd1, 0x80,
  0xad, 0xc0, 0xd1, 0x27, 0x00, 0x00, 0x00, 0x00, 0x7f, 0x7f, 0x7f, 0x01,
  0x00, 0x00, 0x00, 0x00, 0x00, 0x00, 0x00, 0x00, 0x00, 0x00, 0x00, 0x00,
  0x00, 0x00, 0x00, 0x00, 0x00, 0x00, 0x00, 0x00, 0x00, 0x00, 0x00, 0x00,
  0x00, 0x00, 0x00, 0x00, 0x00, 0x00, 0x00, 0x00, 0x00, 0x00, 0x00, 0x00,
  0xaf, 0xc0, 0xcd, 0x26, 0xaf, 0xc1, 0xd0, 0x42, 0xaf, 0xc1, 0xd0, 0x3e,
  0xad, 0xbf, 0xcf, 0x40, 0xaf, 0xc0, 0xd1, 0x3b, 0xbf, 0xbf, 0xdf, 0x08,
  0xaf, 0xc0, 0xd2, 0x4a, 0xb7, 0xca, 0xdb, 0x80, 0xae, 0xc0, 0xd0, 0x7e,
  0xae, 0xc0, 0xd0, 0x7e, 0xb7, 0xca, 0xdb, 0x80, 0xae, 0xc0, 0xd0, 0x4a,
  0xb4, 0xb4, 0xd2, 0x08, 0xaf, 0xbe, 0xcf, 0x3b, 0xaf, 0xc1, 0xd1, 0x40,
  0xaf, 0xc1, 0xd0, 0x3e, 0xaf, 0xc1, 0xd0, 0x42, 0xaf, 0xc0, 0xcd, 0x26,
  0x00, 0x00, 0x00, 0x00, 0x00, 0x00, 0x00, 0x00, 0x00, 0x00, 0x00, 0x00,
  0x00, 0x00, 0x00, 0x00, 0x00, 0x00, 0x00, 0x00, 0x00, 0x00, 0x00, 0x00,
  0xaf, 0xc1, 0xd0, 0x4c, 0xb7, 0xc9, 0xda, 0x80, 0xae, 0xc0, 0xd0, 0x7e,
  0xae, 0xc0, 0xd0, 0x7e, 0xb8, 0xca, 0xdb, 0x80, 0xae, 0xc1, 0xd0, 0x4a,
  0xbb, 0xbb, 0xdd, 0x07, 0xaf, 0xc0, 0xd1, 0x64, 0xb4, 0xc6, 0xd7, 0x80,
  0xb4, 0xc6, 0xd7, 0x80, 0xaf, 0xc0, 0xd0, 0x64, 0xaa, 0xbb, 0xcc, 0x07,
  0xb0, 0xc1, 0xd0, 0x4a, 0xb8, 0xca, 0xdb, 0x80, 0xae, 0xc0, 0xd0, 0x7e,
  0xae, 0xc0, 0xd0, 0x7e, 0xb7, 0xc9, 0xda, 0x80, 0xaf, 0xc1, 0xd0, 0x4c,
  0x00, 0x00, 0x00, 0x00, 0x00, 0x00, 0x00, 0x00, 0x00, 0x00, 0x00, 0x00,
  0x00, 0x00, 0x00, 0x00, 0x00, 0x00, 0x00, 0x00, 0x00, 0x00, 0x00, 0x00,
  0xaf, 0xc1, 0xd0, 0x4c, 0xb7, 0xc9, 0xda, 0x80, 0xae, 0xc0, 0xd0, 0x7e,
  0xaf, 0xc1, 0xd1, 0x80, 0xaf, 0xc1, 0xd1, 0x80, 0xb3, 0xc5, 0xd6, 0x80,
  0xae, 0xc2, 0xcf, 0x2e, 0xb4, 0xc0, 0xd3, 0x14, 0xaf, 0xc1, 0xd1, 0x79,
  0xaf, 0xc1, 0xd0, 0x79, 0xae, 0xc0, 0xd3, 0x14, 0xb1, 0xc2, 0xd2, 0x2e,
  0xb3, 0xc5, 0xd6, 0x80, 0xaf, 0xc1, 0xd1, 0x80, 0xaf, 0xc1, 0xd1, 0x80,
  0xae, 0xc0, 0xd0, 0x7e, 0xb7, 0xc9, 0xda, 0x80, 0xaf, 0xc1, 0xd0, 0x4c,
  0x00, 0x00, 0x00, 0x00, 0x00, 0x00, 0x00, 0x00, 0x00, 0x00, 0x00, 0x00,
  0x00, 0x00, 0x00, 0x00, 0x00, 0x00, 0x00, 0x00, 0x00, 0x00, 0x00, 0x00,
  0xaf, 0xc1, 0xd0, 0x4c, 0xb7, 0xc9, 0xda, 0x80, 0xae, 0xc0, 0xd0, 0x7e,
  0xaf, 0xc1, 0xd1, 0x80, 0xae, 0xc0, 0xd0, 0x7f, 0xb2, 0xc4, 0xd5, 0x80,
  0xae, 0xc1, 0xd1, 0x77, 0xab, 0xc3, 0xcf, 0x15, 0xb0, 0xc2, 0xd4, 0x30,
  0xb0, 0xc2, 0xd2, 0x30, 0xb1, 0xc3, 0xd5, 0x15, 0xae, 0xc1, 0xd1, 0x77,
  0xb2, 0xc4, 0xd4, 0x80, 0xae, 0xc0, 0xd0, 0x7f, 0xaf, 0xc1, 0xd1, 0x80,
  0xae, 0xc0, 0xd0, 0x7e, 0xb7, 0xc9, 0xda, 0x80, 0xaf, 0xc1, 0xd0, 0x4c,
  0x00, 0x00, 0x00, 0x00, 0x00, 0x00, 0x00, 0x00, 0x00, 0x00, 0x00, 0x00,
  0x00, 0x00, 0x00, 0x00, 0x00, 0x00, 0x00, 0x00, 0x00, 0x00, 0x00, 0x00,
  0xaf, 0xc1, 0xd0, 0x4c, 0xb7, 0xc9, 0xda, 0x80, 0xae, 0xc0, 0xd0, 0x7e,
  0xaf, 0xc1, 0xd1, 0x80, 0xaf, 0xc1, 0xd1, 0x80, 0xaf, 0xc1, 0xd1, 0x7e,
  0xb6, 0xc8, 0xd9, 0x80, 0xae, 0xc0, 0xd0, 0x65, 0xa3, 0xb6, 0xc8, 0x07,
  0xb6, 0xb6, 0xc8, 0x07, 0xae, 0xc0, 0xd0, 0x65, 0xb6, 0xc8, 0xd9, 0x80,
  0xaf, 0xc1, 0xd1, 0x7e, 0xaf, 0xc1, 0xd1, 0x80, 0xaf, 0xc1, 0xd1, 0x80,
  0xae, 0xc0, 0xd0, 0x7e, 0xb7, 0xc9, 0xda, 0x80, 0xaf, 0xc1, 0xd0, 0x4c,
  0x00, 0x00, 0x00, 0x00, 0x00, 0x00, 0x00, 0x00, 0x00, 0x00, 0x00, 0x00,
  0x00, 0x00, 0x00, 0x00, 0x00, 0x00, 0x00, 0x00, 0x00, 0x00, 0x00, 0x00,
  0xaf, 0xc1, 0xd0, 0x4c, 0xb7, 0xc9, 0xda, 0x80, 0xae, 0xc0, 0xd0, 0x7e,
  0xaf, 0xc1, 0xd1, 0x80, 0xaf, 0xc1, 0xd1, 0x80, 0xaf, 0xc1, 0xd1, 0x7e,
  0xb6, 0xc9, 0xd9, 0x80, 0xaf, 0xc1, 0xd1, 0x65, 0xa3, 0xb6, 0xc8, 0x07,
  0xb6, 0xb6, 0xc8, 0x07, 0xaf, 0xc1, 0xd1, 0x65, 0xb6, 0xc9, 0xd9, 0x80,
  0xaf, 0xc1, 0xd1, 0x7e, 0xaf, 0xc1, 0xd1, 0x80, 0xaf, 0xc1, 0xd1, 0x80,
  0xae, 0xc0, 0xd0, 0x7e, 0xb7, 0xc9, 0xda, 0x80, 0xaf, 0xc1, 0xd0, 0x4c,
  0x00, 0x00, 0x00, 0x00, 0x00, 0x00, 0x00, 0x00, 0x00, 0x00, 0x00, 0x00,
  0x00, 0x00, 0x00, 0x00, 0x00, 0x00, 0x00, 0x00, 0x00, 0x00, 0x00, 0x00,
  0xaf, 0xc1, 0xd0, 0x4c, 0xb7, 0xc9, 0xda, 0x80, 0xae, 0xc0, 0xd0, 0x7e,
  0xaf, 0xc1, 0xd1, 0x80, 0xaf, 0xc1, 0xd1, 0x7e, 0xb2, 0xc4, 0xd5, 0x80,
  0xae, 0xc1, 0xd1, 0x77, 0xab, 0xbd, 0xcf, 0x15, 0xae, 0xc0, 0xd2, 0x31,
  0xae, 0xc0, 0xd0, 0x31, 0xb1, 0xbd, 0xd5, 0x15, 0xae, 0xc1, 0xd1, 0x77,
  0xb2, 0xc4, 0xd4, 0x80, 0xaf, 0xc1, 0xd1, 0x7e, 0xaf, 0xc1, 0xd1, 0x80,
  0xae, 0xc0, 0xd0, 0x7e, 0xb7, 0xc9, 0xda, 0x80, 0xaf, 0xc1, 0xd0, 0x4c,
  0x00, 0x00, 0x00, 0x00, 0x00, 0x00, 0x00, 0x00, 0x00, 0x00, 0x00, 0x00,
  0x00, 0x00, 0x00, 0x00, 0x00, 0x00, 0x00, 0x00, 0x00, 0x00, 0x00, 0x00,
  0xaf, 0xc1, 0xd0, 0x4c, 0xb7, 0xc9, 0xda, 0x80, 0xae, 0xc0, 0xd0, 0x7e,
  0xaf, 0xc1, 0xd1, 0x80, 0xaf, 0xc1, 0xd1, 0x80, 0xb3, 0xc5, 0xd6, 0x80,
  0xae, 0xbf, 0xcf, 0x2e, 0xb0, 0xc2, 0xce, 0x15, 0xae, 0xc1, 0xd1, 0x7a,
  0xae, 0xc1, 0xcf, 0x7a, 0xaa, 0xc2, 0xce, 0x15, 0xb1, 0xbf, 0xd2, 0x2e,
  0xb3, 0xc5, 0xd6, 0x80, 0xaf, 0xc1, 0xd1, 0x80, 0xaf, 0xc1, 0xd1, 0x80,
  0xae, 0xc0, 0xd0, 0x7e, 0xb7, 0xc9, 0xda, 0x80, 0xaf, 0xc1, 0xd0, 0x4c,
  0x00, 0x00, 0x00, 0x00, 0x00, 0x00, 0x00, 0x00, 0x00, 0x00, 0x00, 0x00,
  0x00, 0x00, 0x00, 0x00, 0x00, 0x00, 0x00, 0x00, 0x00, 0x00, 0x00, 0x00,
  0xaf, 0xc1, 0xd0, 0x4c, 0xb7, 0xc9, 0xda, 0x80, 0xae, 0xc0, 0xd0, 0x7e,
  0xae, 0xc0, 0xd0, 0x7e, 0xb8, 0xcb, 0xdb, 0x80, 0xaf, 0xc0, 0xd2, 0x4a,
  0xbb, 0xcc, 0xdd, 0x07, 0xaf, 0xc0, 0xd1, 0x64, 0xb4, 0xc6, 0xd7, 0x80,
  0xb4, 0xc6, 0xd7, 0x80, 0xaf, 0xc0, 0xd0, 0x64, 0xaa, 0xcc, 0xcc, 0x07,
  0xb1, 0xc0, 0xd2, 0x4a, 0xb8, 0xcb, 0xdb, 0x80, 0xae, 0xc0, 0xd0, 0x7e,
  0xae, 0xc0, 0xd0, 0x7e, 0xb7, 0xc9, 0xda, 0x80, 0xaf, 0xc1, 0xd0, 0x4c,
  0x00, 0x00, 0x00, 0x00, 0x00, 0x00, 0x00, 0x00, 0x00, 0x00, 0x00, 0x00,
  0x00, 0x00, 0x00, 0x00, 0x00, 0x00, 0x00, 0x00, 0x00, 0x00, 0x00, 0x00,
  0xaf, 0xc0, 0xcd, 0x26, 0xaf, 0xc1, 0xd0, 0x42, 0xaf, 0xc1, 0xd0, 0x3e,
  0xad, 0xbf, 0xcf, 0x40, 0xaf, 0xc0, 0xd1, 0x3b, 0xa5, 0xc3, 0xd2, 0x08,
  0xae, 0xc1, 0xd0, 0x4a, 0xb7, 0xca, 0xdb, 0x80, 0xae, 0xc0, 0xd0, 0x7e,
  0xae, 0xc0, 0xd0, 0x7e, 0xb7, 0xca, 0xdb, 0x80, 0xae, 0xc1, 0xcf, 0x4a,
  0xa5, 0xc3, 0xd2, 0x08, 0xad, 0xbe, 0xcf, 0x3b, 0xaf, 0xc1, 0xd1, 0x40,
  0xaf, 0xc1, 0xd0, 0x3e, 0xaf, 0xc1, 0xd0, 0x42, 0xaf, 0xc0, 0xcd, 0x26,
  0x00, 0x00, 0x00, 0x00, 0x00, 0x00, 0x00, 0x00, 0x00, 0x00, 0x00, 0x00,
  0x00, 0x00, 0x00, 0x00, 0x00, 0x00, 0x00, 0x00, 0x00, 0x00, 0x00, 0x00,
  0x00, 0x00, 0x00, 0x00, 0x00, 0x00, 0x00, 0x00, 0x00, 0x00, 0x00, 0x00,
  0x7f, 0x7f, 0x7f, 0x01, 0x00, 0x00, 0x00, 0x00, 0xae, 0xbe, 0xce, 0x27,
  0xaf, 0xc1, 0xd1, 0x80, 0xaf, 0xc2, 0xd2, 0x80, 0xaf, 0xc1, 0xd1, 0x80,
  0xaf, 0xc1, 0xd1, 0x80, 0xaf, 0xc2, 0xd2, 0x80, 0xaf, 0xc1, 0xd1, 0x80,
  0xb0, 0xc0, 0xd1, 0x27, 0x00, 0x00, 0x00, 0x00, 0x7f, 0x7f, 0x7f, 0x01,
  0x00, 0x00, 0x00, 0x00, 0x00, 0x00, 0x00, 0x00, 0x00, 0x00, 0x00, 0x00,
  0x00, 0x00, 0x00, 0x00, 0x00, 0x00, 0x00, 0x00, 0x00, 0x00, 0x00, 0x00,
  0x00, 0x00, 0x00, 0x00, 0x00, 0x00, 0x00, 0x00, 0x00, 0x00, 0x00, 0x00,
  0x00, 0x00, 0x00, 0x00, 0x00, 0x00, 0x00, 0x00, 0x00, 0x00, 0x00, 0x00,
  0xff, 0xff, 0xff, 0x01, 0x00, 0x00, 0x00, 0x00, 0xaf, 0xc0, 0xcf, 0x33,
  0xb1, 0xc3, 0xd3, 0x80, 0xaf, 0xc1, 0xd1, 0x80, 0xaf, 0xc1, 0xd1, 0x80,
  0xaf, 0xc1, 0xd1, 0x80, 0xaf, 0xc1, 0xd1, 0x80, 0xb1, 0xc3, 0xd3, 0x80,
  0xaf, 0xc0, 0xcf, 0x33, 0x00, 0x00, 0x00, 0x00, 0xff, 0xff, 0xff, 0x01,
  0x00, 0x00, 0x00, 0x00, 0x00, 0x00, 0x00, 0x00, 0x00, 0x00, 0x00, 0x00,
  0x00, 0x00, 0x00, 0x00, 0x00, 0x00, 0x00, 0x00, 0x00, 0x00, 0x00, 0x00,
  0x00, 0x00, 0x00, 0x00, 0x00, 0x00, 0x00, 0x00, 0x00, 0x00, 0x00, 0x00,
  0x00, 0x00, 0x00, 0x00, 0x00, 0x00, 0x00, 0x00, 0x00, 0x00, 0x00, 0x00,
  0xff, 0xff, 0xff, 0x01, 0x00, 0x00, 0x00, 0x00, 0xaf, 0xc0, 0xcf, 0x33,
  0xb1, 0xc3, 0xd3, 0x80, 0xaf, 0xc1, 0xd1, 0x80, 0xaf, 0xc1, 0xd1, 0x80,
  0xaf, 0xc1, 0xd1, 0x80, 0xaf, 0xc1, 0xd1, 0x80, 0xb1, 0xc3, 0xd3, 0x80,
  0xaf, 0xc0, 0xcf, 0x33, 0x00, 0x00, 0x00, 0x00, 0xff, 0xff, 0xff, 0x01,
  0x00, 0x00, 0x00, 0x00, 0x00, 0x00, 0x00, 0x00, 0x00, 0x00, 0x00, 0x00,
  0x00, 0x00, 0x00, 0x00, 0x00, 0x00, 0x00, 0x00, 0x00, 0x00, 0x00, 0x00,
  0x00, 0x00, 0x00, 0x00, 0x00, 0x00, 0x00, 0x00, 0x00, 0x00, 0x00, 0x00,
  0x00, 0x00, 0x00, 0x00, 0x00, 0x00, 0x00, 0x00, 0x00, 0x00, 0x00, 0x00,
  0xff, 0xff, 0xff, 0x01, 0x00, 0x00, 0x00, 0x00, 0xaf, 0xc0, 0xcf, 0x33,
  0xb1, 0xc3, 0xd3, 0x80, 0xaf, 0xc1, 0xd1, 0x80, 0xaf, 0xc1, 0xd1, 0x80,
  0xaf, 0xc1, 0xd1, 0x80, 0xaf, 0xc1, 0xd1, 0x80, 0xb1, 0xc3, 0xd3, 0x80,
  0xaf, 0xc0, 0xcf, 0x33, 0x00, 0x00, 0x00, 0x00, 0xff, 0xff, 0xff, 0x01,
  0x00, 0x00, 0x00, 0x00, 0x00, 0x00, 0x00, 0x00, 0x00, 0x00, 0x00, 0x00,
  0x00, 0x00, 0x00, 0x00, 0x00, 0x00, 0x00, 0x00, 0x00, 0x00, 0x00, 0x00,
  0x00, 0x00, 0x00, 0x00, 0x00, 0x00, 0x00, 0x00, 0x00, 0x00, 0x00, 0x00,
  0x00, 0x00, 0x00, 0x00, 0x00, 0x00, 0x00, 0x00, 0x00, 0x00, 0x00, 0x00,
  0xff, 0xff, 0xff, 0x01, 0x00, 0x00, 0x00, 0x00, 0xaf, 0xc0, 0xcf, 0x33,
  0xb1, 0xc3, 0xd3, 0x80, 0xaf, 0xc1, 0xd1, 0x80, 0xaf, 0xc1, 0xd1, 0x80,
  0xaf, 0xc1, 0xd1, 0x80, 0xaf, 0xc1, 0xd1, 0x80, 0xb1, 0xc3, 0xd3, 0x80,
  0xaf, 0xc0, 0xcf, 0x33, 0x00, 0x00, 0x00, 0x00, 0xff, 0xff, 0xff, 0x01,
  0x00, 0x00, 0x00, 0x00, 0x00, 0x00, 0x00, 0x00, 0x00, 0x00, 0x00, 0x00,
  0x00, 0x00, 0x00, 0x00, 0x00, 0x00, 0x00, 0x00, 0x00, 0x00, 0x00, 0x00,
  0x00, 0x00, 0x00, 0x00, 0x00, 0x00, 0x00, 0x00, 0x00, 0x00, 0x00, 0x00,
  0x00, 0x00, 0x00, 0x00, 0x00, 0x00, 0x00, 0x00, 0x00, 0x00, 0x00, 0x00,
  0xff, 0xff, 0xff, 0x01, 0x00, 0x00, 0x00, 0x00, 0xaf, 0xc0, 0xcf, 0x33,
  0xb1, 0xc3, 0xd3, 0x80, 0xaf, 0xc1, 0xd1, 0x80, 0xaf, 0xc1, 0xd1, 0x80,
  0xaf, 0xc1, 0xd1, 0x80, 0xaf, 0xc1, 0xd1, 0x80, 0xb1, 0xc3, 0xd3, 0x80,
  0xaf, 0xc0, 0xcf, 0x33, 0x00, 0x00, 0x00, 0x00, 0xff, 0xff, 0xff, 0x01,
  0x00, 0x00, 0x00, 0x00, 0x00, 0x00, 0x00, 0x00, 0x00, 0x00, 0x00, 0x00,
  0x00, 0x00, 0x00, 0x00, 0x00, 0x00, 0x00, 0x00, 0x00, 0x00, 0x00, 0x00,
  0x00, 0x00, 0x00, 0x00, 0x00, 0x00, 0x00, 0x00, 0x00, 0x00, 0x00, 0x00,
  0x00, 0x00, 0x00, 0x00, 0x00, 0x00, 0x00, 0x00, 0x00, 0x00, 0x00, 0x00,
  0xff, 0xff, 0xff, 0x00, 0x00, 0x00, 0x00, 0x00, 0xaf, 0xbe, 0xd2, 0x19,
  0xaf, 0xc1, 0xd1, 0x40, 0xae, 0xc0, 0xd0, 0x3f, 0xae, 0xc0, 0xd0, 0x3f,
  0xae, 0xc0, 0xd0, 0x3f, 0xae, 0xc0, 0xd0, 0x3f, 0xaf, 0xc1, 0xd1, 0x40,
  0xaf, 0xbe, 0xd2, 0x19, 0x00, 0x00, 0x00, 0x00, 0xff, 0xff, 0xff, 0x00,
  0x00, 0x00, 0x00, 0x00, 0x00, 0x00, 0x00, 0x00, 0x00, 0x00, 0x00, 0x00,
  0x00, 0x00, 0x00, 0x00, 0x00, 0x00, 0x00, 0x00, 0x00, 0x00, 0x00, 0x00,
  0x00, 0x00, 0x00, 0x00, 0x00, 0x00, 0x00, 0x00, 0x00, 0x00, 0x00, 0x00,
  0x00, 0x00, 0x00, 0x00, 0x00, 0x00, 0x00, 0x00, 0x00, 0x00, 0x00, 0x00,
  0x00, 0x00, 0x00, 0x00, 0x00, 0x00, 0x00, 0x00, 0x00, 0x00, 0x00, 0x00,
  0x00, 0x00, 0x00, 0x00, 0x00, 0x00, 0x00, 0x00, 0x00, 0x00, 0x00, 0x00,
  0x00, 0x00, 0x00, 0x00, 0x00, 0x00, 0x00, 0x00, 0x00, 0x00, 0x00, 0x00,
  0x00, 0x00, 0x00, 0x00, 0x00, 0x00, 0x00, 0x00, 0x00, 0x00, 0x00, 0x00,
  0x00, 0x00, 0x00, 0x00, 0x00, 0x00, 0x00, 0x00, 0x00, 0x00, 0x00, 0x00,
  0x00, 0x00, 0x00, 0x00, 0x00, 0x00, 0x00, 0x00, 0x00, 0x00, 0x00, 0x00,
  0x00, 0x00, 0x00, 0x00, 0x00, 0x00, 0x00, 0x00, 0x00, 0x00, 0x00, 0x00,
  0x00, 0x00, 0x00, 0x00, 0x00, 0x00, 0x00, 0x00, 0x00, 0x00, 0x00, 0x00,
  0x00, 0x00, 0x00, 0x00, 0x00, 0x00, 0x00, 0x00, 0x00, 0x00, 0x00, 0x00,
  0x00, 0x00, 0x00, 0x00, 0x00, 0x00, 0x00, 0x00, 0x00, 0x00, 0x00, 0x00,
  0x00, 0x00, 0x00, 0x00, 0x00, 0x00, 0x00, 0x00, 0x00, 0x00, 0x00, 0x00,
  0x00, 0x00, 0x00, 0x00, 0x00, 0x00, 0x00, 0x00, 0x00, 0x00, 0x00, 0x00,
  0x00, 0x00, 0x00, 0x00, 0x00, 0x00, 0x00, 0x00, 0x00, 0x00, 0x00, 0x00,
  0x00, 0x00, 0x00, 0x00, 0x00, 0x00, 0x00, 0x00, 0x00, 0x00, 0x00, 0x00,
  0x00, 0x00, 0x00, 0x00, 0x00, 0x00, 0x00, 0x00, 0x00, 0x00, 0x00, 0x00,
  0x00, 0x00, 0x00, 0x00, 0x00, 0x00, 0x00, 0x00, 0x00, 0x00, 0x00, 0x00,
  0x00, 0x00, 0x00, 0x00, 0x00, 0x00, 0x00, 0x00, 0x00, 0x00, 0x00, 0x00,
  0x00, 0x00, 0x00, 0x00, 0x00, 0x00, 0x00, 0x00, 0x00, 0x00, 0x00, 0x00,
  0x00, 0x00, 0x00, 0x00, 0x00, 0x00, 0x00, 0x00, 0x00, 0x00, 0x00, 0x00,
  0x00, 0x00, 0x00, 0x00, 0x00, 0x00, 0x00, 0x00, 0x00, 0x00, 0x00, 0x00,
  0x00, 0x00, 0x00, 0x00, 0x00, 0x00, 0x00, 0x00, 0x00, 0x00, 0x00, 0x00,
  0x00, 0x00, 0x00, 0x00, 0x00, 0x00, 0x00, 0x00, 0x00, 0x00, 0x00, 0x00,
  0x00, 0x00, 0x00, 0x00, 0x00, 0x00, 0x00, 0x00, 0x00, 0x00, 0x00, 0x00,
  0x00, 0x00, 0x00, 0x00, 0x00, 0x00, 0x00, 0x00, 0x00, 0x00, 0x00, 0x00,
  0x00, 0x00, 0x00, 0x00, 0x00, 0x00, 0x00, 0x00, 0x00, 0x00, 0x00, 0x00,
  0x00, 0x00, 0x00, 0x00, 0x00, 0x00, 0x00, 0x00, 0x00, 0x00, 0x00, 0x00,
  0x00, 0x00, 0x00, 0x00, 0x00, 0x00, 0x00, 0x00, 0x00, 0x00, 0x00, 0x00,
  0x00, 0x00, 0x00, 0x00, 0x00, 0x00, 0x00, 0x00, 0x00, 0x00, 0x00, 0x00,
  0x00, 0x00, 0x00, 0x00, 0x00, 0x00, 0x00, 0x00, 0x00, 0x00, 0x00, 0x00,
  0x00, 0x00, 0x00, 0x00, 0x00, 0x00, 0x00, 0x00, 0x00, 0x00, 0x00, 0x00,
};

static unsigned char sprite_top_data[] = {
  0x00, 0x00, 0x00, 0x00, 0x00, 0x00, 0x00, 0x00, 0x00, 0x00, 0x00, 0x00,
  0x00, 0x00, 0x00, 0x00, 0x00, 0x00, 0x00, 0x00, 0x00, 0x00, 0x00, 0x00,
  0x00, 0x00, 0x00, 0x00, 0x00, 0x00, 0x00, 0x00, 0x00, 0x00, 0x00, 0x00,
  0x00, 0x00, 0x00, 0x00, 0x00, 0x00, 0x00, 0x00, 0x00, 0x00, 0x00, 0x00,
  0x00, 0x00, 0x00, 0x00, 0x00, 0x00, 0x00, 0x00, 0x00, 0x00, 0x00, 0x00,
  0x00, 0x00, 0x00, 0x00, 0x00, 0x00, 0x00, 0x00, 0x00, 0x00, 0x00, 0x00,
  0x00, 0x00, 0x00, 0x00, 0x00, 0x00, 0x00, 0x00, 0x00, 0x00, 0x00, 0x00,
  0x00, 0x00, 0x00, 0x00, 0x00, 0x00, 0x00, 0x00, 0x00, 0x00, 0x00, 0x00,
  0x00, 0x00, 0x00, 0x00, 0x00, 0x00, 0x00, 0x00, 0x00, 0x00, 0x00, 0x00,
  0x00, 0x00, 0x00, 0x00, 0x00, 0x00, 0x00, 0x00, 0x00, 0x00, 0x00, 0x00,
  0x00, 0x00, 0x00, 0x00, 0x00, 0x00, 0x00, 0x00, 0x00, 0x00, 0x00, 0x00,
  0x00, 0x00, 0x00, 0x00, 0x00, 0x00, 0x00, 0x00, 0x00, 0x00, 0x00, 0x00,
  0x00, 0x00, 0x00, 0x00, 0x00, 0x00, 0x00, 0x00, 0x00, 0x00, 0x00, 0x00,
  0x00, 0x00, 0x00, 0x00, 0x00, 0x00, 0x00, 0x00, 0x00, 0x00, 0x00, 0x00,
  0x00, 0x00, 0x00, 0x00, 0x00, 0x00, 0x00, 0x00, 0x00, 0x00, 0x00, 0x00,
  0x00, 0x00, 0x00, 0x00, 0x00, 0x00, 0x00, 0x00, 0x00, 0x00, 0x00, 0x00,
  0x00, 0x00, 0x00, 0x00, 0x00, 0x00, 0x00, 0x00, 0x00, 0x00, 0x00, 0x00,
  0x00, 0x00, 0x00, 0x00, 0x00, 0x00, 0x00, 0x00, 0x00, 0x00, 0x00, 0x00,
  0x00, 0x00, 0x00, 0x00, 0x00, 0x00, 0x00, 0x00, 0x00, 0x00, 0x00, 0x00,
  0x00, 0x00, 0x00, 0x00, 0x00, 0x00, 0x00, 0x00, 0x00, 0x00, 0x00, 0x00,
  0x00, 0x00, 0x00, 0x00, 0x00, 0x00, 0x00, 0x00, 0x00, 0x00, 0x00, 0x00,
  0x00, 0x00, 0x00, 0x00, 0x00, 0x00, 0x00, 0x00, 0x00, 0x00, 0x00, 0x00,
  0x00, 0x00, 0x00, 0x00, 0x00, 0x00, 0x00, 0x00, 0x00, 0x00, 0x00, 0x00,
  0x00, 0x00, 0x00, 0x00, 0x00, 0x00, 0x00, 0x00, 0x00, 0x00, 0x00, 0x00,
  0x00, 0x00, 0x00, 0x00, 0x00, 0x00, 0x00, 0x00, 0x00, 0x00, 0x00, 0x00,
  0x00, 0x00, 0x00, 0x00, 0x00, 0x00, 0x00, 0x00, 0x00, 0x00, 0x00, 0x00,
  0x00, 0x00, 0x00, 0x00, 0x00, 0x00, 0x00, 0x00, 0x00, 0x00, 0x00, 0x00,
  0x00, 0x00, 0x00, 0x00, 0x00, 0x00, 0x00, 0x00, 0x00, 0x00, 0x00, 0x00,
  0x00, 0x00, 0x00, 0x00, 0x00, 0x00, 0x00, 0x00, 0x00, 0x00, 0x00, 0x00,
  0x00, 0x00, 0x00, 0x00, 0x00, 0x00, 0x00, 0x00, 0x00, 0x00, 0x00, 0x00,
  0x00, 0x00, 0x00, 0x00, 0x00, 0x00, 0x00, 0x00, 0x00, 0x00, 0x00, 0x00,
  0x00, 0x00, 0x00, 0x00, 0x00, 0x00, 0x00, 0x00, 0x00, 0x00, 0x00, 0x00,
  0x00, 0x00, 0x00, 0x00, 0x00, 0x00, 0x00, 0x00, 0x00, 0x00, 0x00, 0x00,
  0x00, 0x00, 0x00, 0x00, 0x00, 0x00, 0x00, 0x00, 0x00, 0x00, 0x00, 0x00,
  0x00, 0x00, 0x00, 0x00, 0x00, 0x00, 0x00, 0x00, 0x00, 0x00, 0x00, 0x00,
  0x00, 0x00, 0x00, 0x00, 0x00, 0x00, 0x00, 0x00, 0x00, 0x00, 0x00, 0x00,
  0x00, 0x00, 0x00, 0x00, 0x00, 0x00, 0x00, 0x00, 0x00, 0x00, 0x00, 0x00,
  0x00, 0x00, 0x00, 0x00, 0x00, 0x00, 0x00, 0x00, 0x00, 0x00, 0x00, 0x00,
  0x00, 0x00, 0x00, 0x00, 0x00, 0x00, 0x00, 0x00, 0x00, 0x00, 0x00, 0x00,
  0x00, 0x00, 0x00, 0x00, 0x00, 0x00, 0x00, 0x00, 0x00, 0x00, 0x00, 0x00,
  0x00, 0x00, 0x00, 0x00, 0x00, 0x00, 0x00, 0x00, 0x00, 0x00, 0x00, 0x00,
  0x00, 0x00, 0x00, 0x00, 0x00, 0x00, 0x00, 0x00, 0x00, 0x00, 0x00, 0x00,
  0x00, 0x00, 0x00, 0x00, 0x00, 0x00, 0x00, 0x00, 0x00, 0x00, 0x00, 0x00,
  0x00, 0x00, 0x00, 0x00, 0x00, 0x00, 0x00, 0x00, 0x00, 0x00, 0x00, 0x00,
  0x00, 0x00, 0x00, 0x00, 0x00, 0x00, 0x00, 0x00, 0x00, 0x00, 0x00, 0x00,
  0x00, 0x00, 0x00, 0x00, 0x00, 0x00, 0x00, 0x00, 0x00, 0x00, 0x00, 0x00,
  0x00, 0x00, 0x00, 0x00, 0x00, 0x00, 0x00, 0x00, 0x00, 0x00, 0x00, 0x00,
  0x00, 0x00, 0x00, 0x00, 0x00, 0x00, 0x00, 0x00, 0x00, 0x00, 0x00, 0x00,
  0x00, 0x00, 0x00, 0x00, 0x00, 0x00, 0x00, 0x00, 0x00, 0x00, 0x00, 0x00,
  0x00, 0x00, 0x00, 0x00, 0x00, 0x00, 0x00, 0x00, 0xff, 0xff, 0xff, 0x00,
  0x00, 0x00, 0x00, 0x00, 0xb6, 0xbf, 0xd1, 0x0e, 0xaf, 0xc0, 0xce, 0x35,
  0xaf, 0xc1, 0xd1, 0x53, 0xae, 0xc1, 0xd1, 0x70, 0xae, 0xc0, 0xd0, 0x7f,
  0xae, 0xc0, 0xd0, 0x7f, 0xaf, 0xc1, 0xd1, 0x70, 0xaf, 0xc2, 0xd1, 0x5a,
  0xaf, 0xc0, 0xcf, 0x33, 0xae, 0xbb, 0xc9, 0x09, 0x00, 0x00, 0x00, 0x00,
  0xff, 0xff, 0xff, 0x00, 0x00, 0x00, 0x00, 0x00, 0x00, 0x00, 0x00, 0x00,
  0x00, 0x00, 0x00, 0x00, 0x00, 0x00, 0x00, 0x00, 0x00, 0x00, 0x00, 0x00,
  0x00, 0x00, 0x00, 0x00, 0x00, 0x00, 0x00, 0x00, 0x00, 0x00, 0x00, 0x00,
  0x00, 0x00, 0x00, 0x00, 0xff, 0xff, 0xff, 0x00, 0x00, 0x00, 0x00, 0x00,
  0xad, 0xc1, 0xcf, 0x2d, 0xae, 0xc1, 0xd1, 0x79, 0xb0, 0xc2, 0xd3, 0x80,
  0xae, 0xc0, 0xd0, 0x7f, 0xaf, 0xc1, 0xd1, 0x80, 0xaf, 0xc1, 0xd1, 0x80,
  0xaf, 0xc1, 0xd1, 0x80, 0xaf, 0xc1, 0xd1, 0x80, 0xae, 0xc0, 0xd0, 0x7f,
  0xaf, 0xc1, 0xd1, 0x80, 0xae, 0xc1, 0xd1, 0x7d, 0xac, 0xbf, 0xcf, 0x36,
  0x00, 0x00, 0x00, 0x00, 0xff, 0xff, 0xff, 0x00, 0x00, 0x00, 0x00, 0x00,
  0x00, 0x00, 0x00, 0x00, 0x00, 0x00, 0x00, 0x00, 0x00, 0x00, 0x00, 0x00,
  0x00, 0x00, 0x00, 0x00, 0x00, 0x00, 0x00, 0x00, 0x00, 0x00, 0x00, 0x00,
  0x00, 0x00, 0x00, 0x00, 0x00, 0x00, 0x00, 0x00, 0xaa, 0xc6, 0xc6, 0x04,
  0xaf, 0xc0, 0xd1, 0x7b, 0xb1, 0xc3, 0xd3, 0x80, 0xaf, 0xc1, 0xd1, 0x80,
  0xaf, 0xc1, 0xd1, 0x80, 0xaf, 0xc1, 0xd1, 0x80, 0xaf, 0xc1, 0xd1, 0x80,
  0xaf, 0xc1, 0xd1, 0x80, 0xaf, 0xc1, 0xd1, 0x80, 0xaf, 0xc1, 0xd1, 0x80,
  0xaf, 0xc1, 0xd1, 0x7f, 0xb2, 0xc4, 0xd4, 0x80, 0xae, 0xc1, 0xd0, 0x75,
  0xb6, 0xda, 0xda, 0x03, 0x00, 0x00, 0x00, 0x00, 0x00, 0x00, 0x00, 0x00,
  0x00, 0x00, 0x00, 0x00, 0x00, 0x00, 0x00, 0x00, 0x00, 0x00, 0x00, 0x00,
  0x00, 0x00, 0x00, 0x00, 0x00, 0x00, 0x00, 0x00, 0x00, 0x00, 0x00, 0x00,
  0x00, 0x00, 0x00, 0x00, 0x00, 0x00, 0x00, 0x00, 0xaa, 0xc6, 0xc6, 0x04,
  0xaf, 0xc0, 0xd1, 0x7b, 0xb1, 0xc3, 0xd3, 0x80, 0xaf, 0xc1, 0xd1, 0x80,
  0xaf, 0xc1, 0xd1, 0x80, 0xaf, 0xc1, 0xd1, 0x80, 0xaf, 0xc1, 0xd1, 0x80,
  0xaf, 0xc1, 0xd1, 0x80, 0xaf, 0xc1, 0xd1, 0x80, 0xaf, 0xc1, 0xd1, 0x80,
  0xaf, 0xc1, 0xd1, 0x80, 0xb1, 0xc3, 0xd3, 0x80, 0xaf, 0xc0, 0xd1, 0x7b,
  0xaa, 0xc6, 0xc6, 0x04, 0x00, 0x00, 0x00, 0x00, 0x00, 0x00, 0x00, 0x00,
  0x00, 0x00, 0x00, 0x00, 0x00, 0x00, 0x00, 0x00, 0x00, 0x00, 0x00, 0x00,
  0x00, 0x00, 0x00, 0x00, 0x00, 0x00, 0x00, 0x00, 0x00, 0x00, 0x00, 0x00,
  0x00, 0x00, 0x00, 0x00, 0x00, 0x00, 0x00, 0x00, 0xaa, 0xc6, 0xc6, 0x04,
  0xaf, 0xc0, 0xd1, 0x7b, 0xb1, 0xc3, 0xd3, 0x80, 0xaf, 0xc1, 0xd1, 0x80,
  0xaf, 0xc1, 0xd1, 0x80, 0xaf, 0xc1, 0xd1, 0x80, 0xaf, 0xc1, 0xd1, 0x80,
  0xaf, 0xc1, 0xd1, 0x80, 0xaf, 0xc1, 0xd1, 0x80, 0xaf, 0xc1, 0xd1, 0x80,
  0xaf, 0xc1, 0xd1, 0x80, 0xb1, 0xc3, 0xd3, 0x80, 0xaf, 0xc0, 0xd1, 0x7b,
  0xaa, 0xc6, 0xc6, 0x04, 0x00, 0x00, 0x00, 0x00, 0x00, 0x00, 0x00, 0x00,
  0x00, 0x00, 0x00, 0x00, 0x00, 0x00, 0x00, 0x00, 0x00, 0x00, 0x00, 0x00,
  0x00, 0x00, 0x00, 0x00, 0x00, 0x00, 0x00, 0x00, 0x00, 0x00, 0x00, 0x00,
  0x00, 0x00, 0x00, 0x00, 0x00, 0x00, 0x00, 0x00, 0xaa, 0xc6, 0xc6, 0x04,
  0xaf, 0xc0, 0xd1, 0x7b, 0xb1, 0xc3, 0xd3, 0x80, 0xaf, 0xc1, 0xd1, 0x80,
  0xae, 0xc0, 0xd0, 0x80, 0xb4, 0xc6, 0xd6, 0x80, 0x82, 0x90, 0x9e, 0x80,
  0x88, 0x96, 0xa5, 0x80, 0xb3, 0xc6, 0xd6, 0x80, 0xae, 0xc0, 0xd0, 0x80,
  0xaf, 0xc1, 0xd1, 0x80, 0xb1, 0xc3, 0xd3, 0x80, 0xaf, 0xc0, 0xd1, 0x7b,
  0xaa, 0xc6, 0xc6, 0x04, 0x00, 0x00, 0x00, 0x00, 0x00, 0x00, 0x00, 0x00,
  0x00, 0x00, 0x00, 0x00, 0x00, 0x00, 0x00, 0x00, 0x00, 0x00, 0x00, 0x00,
  0x00, 0x00, 0x00, 0x00, 0x00, 0x00, 0x00, 0x00, 0x00, 0x00, 0x00, 0x00,
  0x00, 0x00, 0x00, 0x00, 0x00, 0x00, 0x00, 0x00, 0xaa, 0xc6, 0xc6, 0x04,
  0xaf, 0xc0, 0xd1, 0x7b, 0xb1, 0xc3, 0xd3, 0x80, 0xae, 0xc0, 0xd0, 0x80,
  0xaf, 0xc1, 0xd1, 0x80, 0xaf, 0xc1, 0xd2, 0x80, 0x3f, 0x45, 0x52, 0x80,
  0x3d, 0x43, 0x50, 0x80, 0xb5, 0xc8, 0xd8, 0x80, 0xae, 0xc0, 0xd0, 0x80,
  0xaf, 0xc1, 0xd0, 0x80, 0xb1, 0xc3, 0xd3, 0x80, 0xaf, 0xc0, 0xd1, 0x7b,
  0xaa, 0xc6, 0xc6, 0x04, 0x00, 0x00, 0x00, 0x00, 0x00, 0x00, 0x00, 0x00,
  0x00, 0x00, 0x00, 0x00, 0x00, 0x00, 0x00, 0x00, 0x00, 0x00, 0x00, 0x00,
  0x00, 0x00, 0x00, 0x00, 0x00, 0x00, 0x00, 0x00, 0x00, 0x00, 0x00, 0x00,
  0x00, 0x00, 0x00, 0x00, 0x00, 0x00, 0x00, 0x00, 0xaa, 0xc6, 0xc6, 0x04,
  0xaf, 0xc0, 0xd1, 0x7b, 0xb1, 0xc3, 0xd3, 0x80, 0xad, 0xbe, 0xce, 0x80,
  0xb7, 0xca, 0xda, 0x80, 0x86, 0x93, 0xa2, 0x80, 0x20, 0x23, 0x2e, 0x80,
  0x1c, 0x1f, 0x2a, 0x80, 0x81, 0x8d, 0x9c, 0x80, 0xb8, 0xcb, 0xdb, 0x80,
  0xac, 0xbe, 0xce, 0x80, 0xb1, 0xc3, 0xd3, 0x80, 0xaf, 0xc0, 0xd1, 0x7b,
  0xaa, 0xc6, 0xc6, 0x04, 0x00, 0x00, 0x00, 0x00, 0x00, 0x00, 0x00, 0x00,
  0x00, 0x00, 0x00, 0x00, 0x00, 0x00, 0x00, 0x00, 0x00, 0x00, 0x00, 0x00,
  0x00, 0x00, 0x00, 0x00, 0x00, 0x00, 0x00, 0x00, 0x00, 0x00, 0x00, 0x00,
  0x00, 0x00, 0x00, 0x00, 0x00, 0x00, 0x00, 0x00, 0xaa, 0xc6, 0xc6, 0x04,
  0xaf, 0xc0, 0xd1, 0x7b, 0xb0, 0xc2, 0xd3, 0x80, 0xb0, 0xc2, 0xd2, 0x80,
  0xaa, 0xbc, 0xcc, 0x80, 0x45, 0x4d, 0x59, 0x80, 0x17, 0x19, 0x24, 0x80,
  0x15, 0x18, 0x22, 0x80, 0x4b, 0x53, 0x60, 0x80, 0xae, 0xbf, 0xd0, 0x80,
  0xaf, 0xc1, 0xd1, 0x80, 0xb0, 0xc3, 0xd3, 0x80, 0xaf, 0xc0, 0xd1, 0x7b,
  0xaa, 0xc6, 0xc6, 0x04, 0x00, 0x00, 0x00, 0x00, 0x00, 0x00, 0x00, 0x00,
  0x00, 0x00, 0x00, 0x00, 0x00, 0x00, 0x00, 0x00, 0x00, 0x00, 0x00, 0x00,
  0x00, 0x00, 0x00, 0x00, 0x00, 0x00, 0x00, 0x00, 0x00, 0x00, 0x00, 0x00,
  0x00, 0x00, 0x00, 0x00, 0x00, 0x00, 0x00, 0x00, 0xaa, 0xc6, 0xc6, 0x04,
  0xaf, 0xc0, 0xd1, 0x7b, 0xb0, 0xc2, 0xd3, 0x80, 0xb2, 0xc4, 0xd4, 0x80,
  0xa4, 0xb5, 0xc4, 0x80, 0x6a, 0x75, 0x83, 0x80, 0x64, 0x6f, 0x7c, 0x80,
  0x66, 0x71, 0x7e, 0x80, 0x65, 0x70, 0x7d, 0x80, 0xa1, 0xb1, 0xc1, 0x80,
  0xb2, 0xc5, 0xd5, 0x80, 0xb0, 0xc2, 0xd2, 0x80, 0xaf, 0xc0, 0xd1, 0x7b,
  0xaa, 0xc6, 0xc6, 0x04, 0x00, 0x00, 0x00, 0x00, 0x00, 0x00, 0x00, 0x00,
  0x00, 0x00, 0x00, 0x00, 0x00, 0x00, 0x00, 0x00, 0x00, 0x00, 0x00, 0x00,
  0x00, 0x00, 0x00, 0x00, 0x00, 0x00, 0x00, 0x00, 0x00, 0x00, 0x00, 0x00,
  0x00, 0x00, 0x00, 0x00, 0x00, 0x00, 0x00, 0x00, 0xaa, 0xc6, 0xc6, 0x04,
  0xaf, 0xc0, 0xd1, 0x7b, 0xb1, 0xc3, 0xd3, 0x80, 0xaf, 0xc1, 0xd1, 0x80,
  0xaf, 0xc1, 0xd1, 0x80, 0xaf, 0xc1, 0xd1, 0x80, 0xaf, 0xc1, 0xd1, 0x80,
  0xaf, 0xc1, 0xd1, 0x80, 0xaf, 0xc1, 0xd1, 0x80, 0xaf, 0xc1, 0xd1, 0x80,
  0xaf, 0xc1, 0xd1, 0x80, 0xb1, 0xc3, 0xd3, 0x80, 0xaf, 0xc0, 0xd1, 0x7b,
  0xaa, 0xc6, 0xc6, 0x04, 0x00, 0x00, 0x00, 0x00, 0x00, 0x00, 0x00, 0x00,
  0x00, 0x00, 0x00, 0x00, 0x00, 0x00, 0x00, 0x00, 0x00, 0x00, 0x00, 0x00,
  0x00, 0x00, 0x00, 0x00, 0x00, 0x00, 0x00, 0x00, 0x00, 0x00, 0x00, 0x00,
  0x00, 0x00, 0x00, 0x00, 0x00, 0x00, 0x00, 0x00, 0xaa, 0xc6, 0xc6, 0x04,
  0xaf, 0xc0, 0xd1, 0x7b, 0xb1, 0xc3, 0xd3, 0x80, 0xaf, 0xc1, 0xd1, 0x80,
  0xaf, 0xc1, 0xd1, 0x80, 0xaf, 0xc1, 0xd1, 0x80, 0xaf, 0xc1, 0xd1, 0x80,
  0xaf, 0xc1, 0xd1, 0x80, 0xaf, 0xc1, 0xd1, 0x80, 0xaf, 0xc1, 0xd1, 0x80,
  0xaf, 0xc1, 0xd1, 0x80, 0xb1, 0xc3, 0xd3, 0x80, 0xaf, 0xc0, 0xd1, 0x7b,
  0xaa, 0xc6, 0xc6, 0x04, 0x00, 0x00, 0x00, 0x00, 0x00, 0x00, 0x00, 0x00,
  0x00, 0x00, 0x00, 0x00, 0x00, 0x00, 0x00, 0x00, 0x00, 0x00, 0x00, 0x00,
  0x00, 0x00, 0x00, 0x00, 0x00, 0x00, 0x00, 0x00, 0x00, 0x00, 0x00, 0x00,
  0x00, 0x00, 0x00, 0x00, 0x00, 0x00, 0x00, 0x00, 0xaa, 0xc6, 0xc6, 0x04,
  0xaf, 0xc0, 0xd1, 0x7b, 0xb1, 0xc3, 0xd3, 0x80, 0xaf, 0xc1, 0xd1, 0x80,
  0xaf, 0xc1, 0xd1, 0x80, 0xaf, 0xc1, 0xd1, 0x80, 0xaf, 0xc1, 0xd1, 0x80,
  0xaf, 0xc1, 0xd1, 0x80, 0xaf, 0xc1, 0xd1, 0x80, 0xaf, 0xc1, 0xd1, 0x80,
  0xaf, 0xc1, 0xd1, 0x80, 0xb1, 0xc3, 0xd3, 0x80, 0xaf, 0xc0, 0xd1, 0x7b,
  0xaa, 0xc6, 0xc6, 0x04, 0x00, 0x00, 0x00, 0x00, 0x00, 0x00, 0x00, 0x00,
  0x00, 0x00, 0x00, 0x00, 0x00, 0x00, 0x00, 0x00, 0x00, 0x00, 0x00, 0x00,
  0x00, 0x00, 0x00, 0x00, 0x00, 0x00, 0x00, 0x00, 0x00, 0x00, 0x00, 0x00,
  0x00, 0x00, 0x00, 0x00, 0x00, 0x00, 0x00, 0x00, 0x00, 0x00, 0x00, 0x00,
  0xaf, 0xc1, 0xd2, 0x4c, 0xb7, 0xc9, 0xda, 0x80, 0xae, 0xc0, 0xd0, 0x7e,
  0xaf, 0xc1, 0xd1, 0x80, 0xaf, 0xc1, 0xd1, 0x80, 0xaf, 0xc1, 0xd1, 0x80,
  0xaf, 0xc1, 0xd1, 0x80, 0xaf, 0xc1, 0xd1, 0x80, 0xaf, 0xc1, 0xd1, 0x80,
  0xaf, 0xc1, 0xd1, 0x7e, 0xb7, 0xca, 0xdb, 0x80, 0xaf, 0xc1, 0xd1, 0x46,
  0x00, 0x00, 0x00, 0x00, 0x00, 0x00, 0x00, 0x00, 0x00, 0x00, 0x00, 0x00,
  0x00, 0x00, 0x00, 0x00, 0x00, 0x00, 0x00, 0x00, 0x00, 0x00, 0x00, 0x00,
  0x00, 0x00, 0x00, 0x00, 0x00, 0x00, 0x00, 0x00, 0x00, 0x00, 0x00, 0x00,
  0x00, 0x00, 0x00, 0x00, 0xff, 0xff, 0xff, 0x00, 0x00, 0x00, 0x00, 0x00,
  0xbf, 0xbf, 0xbf, 0x02, 0xaf, 0xc0, 0xd0, 0x52, 0xb6, 0xc9, 0xd9, 0x80,
  0xaf, 0xc1, 0xd1, 0x7e, 0xaf, 0xc1, 0xd1, 0x80, 0xaf, 0xc1, 0xd1, 0x80,
  0xaf, 0xc1, 0xd1, 0x80, 0xaf, 0xc1, 0xd1, 0x80, 0xae, 0xc0, 0xd0, 0x7e,
  0xb5, 0xc7, 0xd8, 0x80, 0xaf, 0xc1, 0xd1, 0x56, 0xaa, 0xc6, 0xc6, 0x04,
  0x00, 0x00, 0x00, 0x00, 0xff, 0xff, 0xff, 0x00, 0x00, 0x00, 0x00, 0x00,
  0x00, 0x00, 0x00, 0x00, 0x00, 0x00, 0x00, 0x00, 0x00, 0x00, 0x00, 0x00,
  0x00, 0x00, 0x00, 0x00, 0x00, 0x00, 0x00, 0x00, 0x00, 0x00, 0x00, 0x00,
  0x00, 0x00, 0x00, 0x00, 0x00, 0x00, 0x00, 0x00, 0xff, 0xff, 0xff, 0x00,
  0x00, 0x00, 0x00, 0x00, 0xb2, 0xcc, 0xcc, 0x05, 0xaf, 0xc1, 0xd2, 0x5d,
  0xb4, 0xc7, 0xd7, 0x80, 0xaf, 0xc1, 0xd1, 0x7e, 0xaf, 0xc1, 0xd1, 0x80,
  0xaf, 0xc1, 0xd1, 0x80, 0xaf, 0xc1, 0xd1, 0x7e, 0xb4, 0xc7, 0xd7, 0x80,
  0xaf, 0xc1, 0xd2, 0x5d, 0xb2, 0xcc, 0xcc, 0x05, 0x00, 0x00, 0x00, 0x00,
  0xff, 0xff, 0xff, 0x00, 0x00, 0x00, 0x00, 0x00, 0x00, 0x00, 0x00, 0x00,
  0x00, 0x00, 0x00, 0x00, 0x00, 0x00, 0x00, 0x00, 0x00, 0x00, 0x00, 0x00,
  0x00, 0x00, 0x00, 0x00, 0x00, 0x00, 0x00, 0x00, 0x00, 0x00, 0x00, 0x00,
  0x00, 0x00, 0x00, 0x00, 0x00, 0x00, 0x00, 0x00, 0x00, 0x00, 0x00, 0x00,
  0xff, 0xff, 0xff, 0x00, 0x00, 0x00, 0x00, 0x00, 0xaf, 0xc1, 0xd3, 0x0e,
  0xae, 0xc0, 0xd0, 0x71, 0xb2, 0xc4, 0xd4, 0x80, 0xae, 0xc0, 0xd0, 0x7f,
  0xae, 0xc0, 0xd0, 0x7f, 0xb2, 0xc4, 0xd4, 0x80, 0xae, 0xc0, 0xd0, 0x71,
  0xaf, 0xc1, 0xd3, 0x0e, 0x00, 0x00, 0x00, 0x00, 0xff, 0xff, 0xff, 0x00,
  0x00, 0x00, 0x00, 0x00, 0x00, 0x00, 0x00, 0x00, 0x00, 0x00, 0x00, 0x00,
  0x00, 0x00, 0x00, 0x00, 0x00, 0x00, 0x00, 0x00, 0x00, 0x00, 0x00, 0x00,
  0x00, 0x00, 0x00, 0x00, 0x00, 0x00, 0x00, 0x00, 0x00, 0x00, 0x00, 0x00,
  0x00, 0x00, 0x00, 0x00, 0x00, 0x00, 0x00, 0x00, 0x00, 0x00, 0x00, 0x00,
  0x00, 0x00, 0x00, 0x00, 0x7f, 0x7f, 0x7f, 0x01, 0x00, 0x00, 0x00, 0x00,
  0xac, 0xbf, 0xce, 0x22, 0xae, 0xc0, 0xd1, 0x7a, 0xaf, 0xc1, 0xd1, 0x80,
  0xaf, 0xc1, 0xd1, 0x80, 0xae, 0xc0, 0xd1, 0x7a, 0xac, 0xbf, 0xce, 0x22,
  0x00, 0x00, 0x00, 0x00, 0x7f, 0x7f, 0x7f, 0x01, 0x00, 0x00, 0x00, 0x00,
  0x00, 0x00, 0x00, 0x00, 0x00, 0x00, 0x00, 0x00, 0x00, 0x00, 0x00, 0x00,
  0x00, 0x00, 0x00, 0x00, 0x00, 0x00, 0x00, 0x00, 0x00, 0x00, 0x00, 0x00,
  0x00, 0x00, 0x00, 0x00, 0x00, 0x00, 0x00, 0x00, 0x00, 0x00, 0x00, 0x00,
  0x00, 0x00, 0x00, 0x00, 0x00, 0x00, 0x00, 0x00, 0x00, 0x00, 0x00, 0x00,
  0x00, 0x00, 0x00, 0x00, 0x00, 0x00, 0x00, 0x00, 0xff, 0xff, 0xff, 0x01,
  0x00, 0x00, 0x00, 0x00, 0xad, 0xc0, 0xcf, 0x28, 0xae, 0xc1, 0xd0, 0x7c,
  0xae, 0xc0, 0xd0, 0x7c, 0xaf, 0xc2, 0xd2, 0x28, 0x00, 0x00, 0x00, 0x00,
  0xff, 0xff, 0xff, 0x01, 0x00, 0x00, 0x00, 0x00, 0x00, 0x00, 0x00, 0x00,
  0x00, 0x00, 0x00, 0x00, 0x00, 0x00, 0x00, 0x00, 0x00, 0x00, 0x00, 0x00,
  0x00, 0x00, 0x00, 0x00, 0x00, 0x00, 0x00, 0x00, 0x00, 0x00, 0x00, 0x00,
  0x00, 0x00, 0x00, 0x00, 0x00, 0x00, 0x00, 0x00, 0x00, 0x00, 0x00, 0x00,
  0x00, 0x00, 0x00, 0x00, 0x00, 0x00, 0x00, 0x00, 0x00, 0x00, 0x00, 0x00,
  0x00, 0x00, 0x00, 0x00, 0x00, 0x00, 0x00, 0x00, 0x00, 0x00, 0x00, 0x00,
  0x7f, 0xff, 0xff, 0x01, 0x00, 0x00, 0x00, 0x00, 0xb0, 0xc1, 0xd2, 0x34,
  0xb0, 0xc1, 0xd2, 0x34, 0x00, 0x00, 0x00, 0x00, 0x7f, 0xff, 0xff, 0x01,
  0x00, 0x00, 0x00, 0x00, 0x00, 0x00, 0x00, 0x00, 0x00, 0x00, 0x00, 0x00,
  0x00, 0x00, 0x00, 0x00, 0x00, 0x00, 0x00, 0x00, 0x00, 0x00, 0x00, 0x00,
  0x00, 0x00, 0x00, 0x00, 0x00, 0x00, 0x00, 0x00, 0x00, 0x00, 0x00, 0x00,
  0x00, 0x00, 0x00, 0x00, 0x00, 0x00, 0x00, 0x00, 0x00, 0x00, 0x00, 0x00,
  0x00, 0x00, 0x00, 0x00, 0x00, 0x00, 0x00, 0x00, 0x00, 0x00, 0x00, 0x00,
  0x00, 0x00, 0x00, 0x00, 0x00, 0x00, 0x00, 0x00, 0x00, 0x00, 0x00, 0x00,
  0x00, 0x00, 0x00, 0x00, 0x00, 0x00, 0x00, 0x00, 0x00, 0x00, 0x00, 0x00,
  0x00, 0x00, 0x00, 0x00, 0x00, 0x00, 0x00, 0x00, 0x00, 0x00, 0x00, 0x00,
  0x00, 0x00, 0x00, 0x00, 0x00, 0x00, 0x00, 0x00, 0x00, 0x00, 0x00, 0x00,
  0x00, 0x00, 0x00, 0x00, 0x00, 0x00, 0x00, 0x00, 0x00, 0x00, 0x00, 0x00,
  0x00, 0x00, 0x00, 0x00, 0x00, 0x00, 0x00, 0x00, 0x00, 0x00, 0x00, 0x00,
  0x00, 0x00, 0x00, 0x00, 0x00, 0x00, 0x00, 0x00, 0x00, 0x00, 0x00, 0x00,
  0x00, 0x00, 0x00, 0x00, 0x00, 0x00, 0x00, 0x00, 0x00, 0x00, 0x00, 0x00,
  0x00, 0x00, 0x00, 0x00, 0x00, 0x00, 0x00, 0x00, 0x00, 0x00, 0x00, 0x00,
  0x00, 0x00, 0x00, 0x00, 0x00, 0x00, 0x00, 0x00, 0x00, 0x00, 0x00, 0x00,
  0x00, 0x00, 0x00, 0x00, 0x00, 0x00, 0x00, 0x00, 0x00, 0x00, 0x00, 0x00,
  0x00, 0x00, 0x00, 0x00, 0x00, 0x00, 0x00, 0x00, 0x00, 0x00, 0x00, 0x00,
  0x00, 0x00, 0x00, 0x00, 0x00, 0x00, 0x00, 0x00, 0x00, 0x00, 0x00, 0x00,
  0x00, 0x00, 0x00, 0x00, 0x00, 0x00, 0x00, 0x00, 0x00, 0x00, 0x00, 0x00,
  0x00, 0x00, 0x00, 0x00, 0x00, 0x00, 0x00, 0x00, 0x00, 0x00, 0x00, 0x00,
  0x00, 0x00, 0x00, 0x00, 0x00, 0x00, 0x00, 0x00, 0x00, 0x00, 0x00, 0x00,
  0x00, 0x00, 0x00, 0x00, 0x00, 0x00, 0x00, 0x00, 0x00, 0x00, 0x00, 0x00,
  0x00, 0x00, 0x00, 0x00, 0x00, 0x00, 0x00, 0x00, 0x00, 0x00, 0x00, 0x00,
  0x00, 0x00, 0x00, 0x00, 0x00, 0x00, 0x00, 0x00, 0x00, 0x00, 0x00, 0x00,
  0x00, 0x00, 0x00, 0x00, 0x00, 0x00, 0x00, 0x00, 0x00, 0x00, 0x00, 0x00,
  0x00, 0x00, 0x00, 0x00, 0x00, 0x00, 0x00, 0x00, 0x00, 0x00, 0x00, 0x00,
  0x00, 0x00, 0x00, 0x00, 0x00, 0x00, 0x00, 0x00, 0x00, 0x00, 0x00, 0x00,
  0x00, 0x00, 0x00, 0x00, 0x00, 0x00, 0x00, 0x00, 0x00, 0x00, 0x00, 0x00,
  0x00, 0x00, 0x00, 0x00, 0x00, 0x00, 0x00, 0x00, 0x00, 0x00, 0x00, 0x00,
  0x00, 0x00, 0x00, 0x00, 0x00, 0x00, 0x00, 0x00, 0x00, 0x00, 0x00, 0x00,
  0x00, 0x00, 0x00, 0x00, 0x00, 0x00, 0x00, 0x00, 0x00, 0x00, 0x00, 0x00,
  0x00, 0x00, 0x00, 0x00, 0x00, 0x00, 0x00, 0x00, 0x00, 0x00, 0x00, 0x00,
  0x00, 0x00, 0x00, 0x00, 0x00, 0x00, 0x00, 0x00, 0x00, 0x00, 0x00, 0x00,
  0x00, 0x00, 0x00, 0x00, 0x00, 0x00, 0x00, 0x00, 0x00, 0x00, 0x00, 0x00,
  0x00, 0x00, 0x00, 0x00, 0x00, 0x00, 0x00, 0x00, 0x00, 0x00, 0x00, 0x00,
  0x00, 0x00, 0x00, 0x00, 0x00, 0x00, 0x00, 0x00, 0x00, 0x00, 0x00, 0x00,
  0x00, 0x00, 0x00, 0x00, 0x00, 0x00, 0x00, 0x00, 0x00, 0x00, 0x00, 0x00,
  0x00, 0x00, 0x00, 0x00, 0x00, 0x00, 0x00, 0x00, 0x00, 0x00, 0x00, 0x00,
  0x00, 0x00, 0x00, 0x00, 0x00, 0x00, 0x00, 0x00, 0x00, 0x00, 0x00, 0x00,
  0x00, 0x00, 0x00, 0x00, 0x00, 0x00, 0x00, 0x00, 0x00, 0x00, 0x00, 0x00,
  0x00, 0x00, 0x00, 0x00, 0x00, 0x00, 0x00, 0x00, 0x00, 0x00, 0x00, 0x00,
  0x00, 0x00, 0x00, 0x00, 0x00, 0x00, 0x00, 0x00, 0x00, 0x00, 0x00, 0x00,
  0x00, 0x00, 0x00, 0x00, 0x00, 0x00, 0x00, 0x00, 0x00, 0x00, 0x00, 0x00,
  0x00, 0x00, 0x00, 0x00, 0x00, 0x00, 0x00, 0x00, 0x00, 0x00, 0x00, 0x00,
  0x00, 0x00, 0x00, 0x00, 0x00, 0x00, 0x00, 0x00, 0x00, 0x00, 0x00, 0x00,
  0x00, 0x00, 0x00, 0x00, 0x00, 0x00, 0x00, 0x00, 0x00, 0x00, 0x00, 0x00,
  0x00, 0x00, 0x00, 0x00, 0x00, 0x00, 0x00, 0x00, 0x00, 0x00, 0x00, 0x00,
  0x00, 0x00, 0x00, 0x00, 0x00, 0x00, 0x00, 0x00, 0x00, 0x00, 0x00, 0x00,
  0x00, 0x00, 0x00, 0x00, 0x00, 0x00, 0x00, 0x00, 0x00, 0x00, 0x00, 0x00,
  0x00, 0x00, 0x00, 0x00, 0x00, 0x00, 0x00, 0x00, 0x00, 0x00, 0x00, 0x00,
  0x00, 0x00, 0x00, 0x00, 0x00, 0x00, 0x00, 0x00, 0x00, 0x00, 0x00, 0x00,
};

static unsigned char sprite_bottom_data[] = {
  0x00, 0x00, 0x00, 0x00, 0x00, 0x00, 0x00, 0x00, 0x00, 0x00, 0x00, 0x00,
  0x00, 0x00, 0x00, 0x00, 0x00, 0x00, 0x00, 0x00, 0x00, 0x00, 0x00, 0x00,
  0x00, 0x00, 0x00, 0x00, 0x00, 0x00, 0x00, 0x00, 0x00, 0x00, 0x00, 0x00,
  0x00, 0x00, 0x00, 0x00, 0x00, 0x00, 0x00, 0x00, 0x00, 0x00, 0x00, 0x00,
  0x00, 0x00, 0x00, 0x00, 0x00, 0x00, 0x00, 0x00, 0x00, 0x00, 0x00, 0x00,
  0x00, 0x00, 0x00, 0x00, 0x00, 0x00, 0x00, 0x00, 0x00, 0x00, 0x00, 0x00,
  0x00, 0x00, 0x00, 0x00, 0x00, 0x00, 0x00, 0x00, 0x00, 0x00, 0x00, 0x00,
  0x00, 0x00, 0x00, 0x00, 0x00, 0x00, 0x00, 0x00, 0x00, 0x00, 0x00, 0x00,
  0x00, 0x00, 0x00, 0x00, 0x00, 0x00, 0x00, 0x00, 0x00, 0x00, 0x00, 0x00,
  0x00, 0x00, 0x00, 0x00, 0x00, 0x00, 0x00, 0x00, 0x00, 0x00, 0x00, 0x00,
  0x00, 0x00, 0x00, 0x00, 0x00, 0x00, 0x00, 0x00, 0x00, 0x00, 0x00, 0x00,
  0x00, 0x00, 0x00, 0x00, 0x00, 0x00, 0x00, 0x00, 0x00, 0x00, 0x00, 0x00,
  0x00, 0x00, 0x00, 0x00, 0x00, 0x00, 0x00, 0x00, 0x00, 0x00, 0x00, 0x00,
  0x00, 0x00, 0x00, 0x00, 0x00, 0x00, 0x00, 0x00, 0x00, 0x00, 0x00, 0x00,
  0x00, 0x00, 0x00, 0x00, 0x00, 0x00, 0x00, 0x00, 0x00, 0x00, 0x00, 0x00,
  0x00, 0x00, 0x00, 0x00, 0x00, 0x00, 0x00, 0x00, 0x00, 0x00, 0x00, 0x00,
  0x00, 0x00, 0x00, 0x00, 0x00, 0x00, 0x00, 0x00, 0x00, 0x00, 0x00, 0x00,
  0x00, 0x00, 0x00, 0x00, 0x00, 0x00, 0x00, 0x00, 0x00, 0x00, 0x00, 0x00,
  0x00, 0x00, 0x00, 0x00, 0x00, 0x00, 0x00, 0x00, 0x00, 0x00, 0x00, 0x00,
  0x00, 0x00, 0x00, 0x00, 0x00, 0x00, 0x00, 0x00, 0x00, 0x00, 0x00, 0x00,
  0x00, 0x00, 0x00, 0x00, 0x00, 0x00, 0x00, 0x00, 0x00, 0x00, 0x00, 0x00,
  0x00, 0x00, 0x00, 0x00, 0x00, 0x00, 0x00, 0x00, 0x00, 0x00, 0x00, 0x00,
  0x00, 0x00, 0x00, 0x00, 0x00, 0x00, 0x00, 0x00, 0x00, 0x00, 0x00, 0x00,
  0x00, 0x00, 0x00, 0x00, 0x00, 0x00, 0x00, 0x00, 0x00, 0x00, 0x00, 0x00,
  0x00, 0x00, 0x00, 0x00, 0x00, 0x00, 0x00, 0x00, 0x00, 0x00, 0x00, 0x00,
  0x00, 0x00, 0x00, 0x00, 0x00, 0x00, 0x00, 0x00, 0x00, 0x00, 0x00, 0x00,
  0x00, 0x00, 0x00, 0x00, 0x00, 0x00, 0x00, 0x00, 0x00, 0x00, 0x00, 0x00,
  0x00, 0x00, 0x00, 0x00, 0x00, 0x00, 0x00, 0x00, 0x00, 0x00, 0x00, 0x00,
  0x00, 0x00, 0x00, 0x00, 0x00, 0x00, 0x00, 0x00, 0x00, 0x00, 0x00, 0x00,
  0x00, 0x00, 0x00, 0x00, 0x00, 0x00, 0x00, 0x00, 0x00, 0x00, 0x00, 0x00,
  0x00, 0x00, 0x00, 0x00, 0x00, 0x00, 0x00, 0x00, 0x00, 0x00, 0x00, 0x00,
  0x00, 0x00, 0x00, 0x00, 0x00, 0x00, 0x00, 0x00, 0x00, 0x00, 0x00, 0x00,
  0x00, 0x00, 0x00, 0x00, 0x00, 0x00, 0x00, 0x00, 0x00, 0x00, 0x00, 0x00,
  0x00, 0x00, 0x00, 0x00, 0x00, 0x00, 0x00, 0x00, 0x00, 0x00, 0x00, 0x00,
  0x00, 0x00, 0x00, 0x00, 0x00, 0x00, 0x00, 0x00, 0x00, 0x00, 0x00, 0x00,
  0x00, 0x00, 0x00, 0x00, 0x00, 0x00, 0x00, 0x00, 0x00, 0x00, 0x00, 0x00,
  0x00, 0x00, 0x00, 0x00, 0x00, 0x00, 0x00, 0x00, 0x00, 0x00, 0x00, 0x00,
  0x00, 0x00, 0x00, 0x00, 0x00, 0x00, 0x00, 0x00, 0x00, 0x00, 0x00, 0x00,
  0x00, 0x00, 0x00, 0x00, 0x00, 0x00, 0x00, 0x00, 0x00, 0x00, 0x00, 0x00,
  0x00, 0x00, 0x00, 0x00, 0x00, 0x00, 0x00, 0x00, 0x00, 0x00, 0x00, 0x00,
  0x00, 0x00, 0x00, 0x00, 0x00, 0x00, 0x00, 0x00, 0x00, 0x00, 0x00, 0x00,
  0x00, 0x00, 0x00, 0x00, 0x00, 0x00, 0x00, 0x00, 0x00, 0x00, 0x00, 0x00,
  0x00, 0x00, 0x00, 0x00, 0x00, 0x00, 0x00, 0x00, 0x00, 0x00, 0x00, 0x00,
  0x00, 0x00, 0x00, 0x00, 0x00, 0x00, 0x00, 0x00, 0x00, 0x00, 0x00, 0x00,
  0x00, 0x00, 0x00, 0x00, 0x00, 0x00, 0x00, 0x00, 0x00, 0x00, 0x00, 0x00,
  0x00, 0x00, 0x00, 0x00, 0x00, 0x00, 0x00, 0x00, 0x00, 0x00, 0x00, 0x00,
  0x00, 0x00, 0x00, 0x00, 0x00, 0x00, 0x00, 0x00, 0x00, 0x00, 0x00, 0x00,
  0x00, 0x00, 0x00, 0x00, 0x00, 0x00, 0x00, 0x00, 0x00, 0x00, 0x00, 0x00,
  0x00, 0x00, 0x00, 0x00, 0x00, 0x00, 0x00, 0x00, 0x00, 0x00, 0x00, 0x00,
  0x00, 0x00, 0x00, 0x00, 0x00, 0x00, 0x00, 0x00, 0x00, 0x00, 0x00, 0x00,
  0x00, 0x00, 0x00, 0x00, 0x00, 0x00, 0x00, 0x00, 0x00, 0x00, 0x00, 0x00,
  0x7f, 0xff, 0xff, 0x01, 0x00, 0x00, 0x00, 0x00, 0xae, 0xc2, 0xd0, 0x34,
  0xae, 0xc2, 0xd0, 0x34, 0x00, 0x00, 0x00, 0x00, 0x7f, 0xff, 0xff, 0x01,
  0x00, 0x00, 0x00, 0x00, 0x00, 0x00, 0x00, 0x00, 0x00, 0x00, 0x00, 0x00,
  0x00, 0x00, 0x00, 0x00, 0x00, 0x00, 0x00, 0x00, 0x00, 0x00, 0x00, 0x00,
  0x00, 0x00, 0x00, 0x00, 0x00, 0x00, 0x00, 0x00, 0x00, 0x00, 0x00, 0x00,
  0x00, 0x00, 0x00, 0x00, 0x00, 0x00, 0x00, 0x00, 0x00, 0x00, 0x00, 0x00,
  0x00, 0x00, 0x00, 0x00, 0x00, 0x00, 0x00, 0x00, 0x00, 0x00, 0x00, 0x00,
  0x00, 0x00, 0x00, 0x00, 0x00, 0x00, 0x00, 0x00, 0xff, 0xff, 0xff, 0x01,
  0x00, 0x00, 0x00, 0x00, 0xad, 0xc0, 0xcf, 0x28, 0xae, 0xc1, 0xd0, 0x7c,
  0xae, 0xc1, 0xd0, 0x7c, 0xaf, 0xc2, 0xd2, 0x28, 0x00, 0x00, 0x00, 0x00,
  0xff, 0xff, 0xff, 0x01, 0x00, 0x00, 0x00, 0x00, 0x00, 0x00, 0x00, 0x00,
  0x00, 0x00, 0x00, 0x00, 0x00, 0x00, 0x00, 0x00, 0x00, 0x00, 0x00, 0x00,
  0x00, 0x00, 0x00, 0x00, 0x00, 0x00, 0x00, 0x00, 0x00, 0x00, 0x00, 0x00,
  0x00, 0x00, 0x00, 0x00, 0x00, 0x00, 0x00, 0x00, 0x00, 0x00, 0x00, 0x00,
  0x00, 0x00, 0x00, 0x00, 0x00, 0x00, 0x00, 0x00, 0x00, 0x00, 0x00, 0x00,
  0x00, 0x00, 0x00, 0x00, 0x7f, 0xff, 0xff, 0x01, 0x00, 0x00, 0x00, 0x00,
  0xad, 0xbf, 0xd1, 0x1c, 0xae, 0xc0, 0xd0, 0x7b, 0xaf, 0xc1, 0xd1, 0x80,
  0xaf, 0xc1, 0xd1, 0x80, 0xae, 0xc0, 0xd1, 0x7a, 0xac, 0xbf, 0xce, 0x22,
  0x00, 0x00, 0x00, 0x00, 0x7f, 0x7f, 0x7f, 0x01, 0x00, 0x00, 0x00, 0x00,
  0x00, 0x00, 0x00, 0x00, 0x00, 0x00, 0x00, 0x00, 0x00, 0x00, 0x00, 0x00,
  0x00, 0x00, 0x00, 0x00, 0x00, 0x00, 0x00, 0x00, 0x00, 0x00, 0x00, 0x00,
  0x00, 0x00, 0x00, 0x00, 0x00, 0x00, 0x00, 0x00, 0x00, 0x00, 0x00, 0x00,
  0x00, 0x00, 0x00, 0x00, 0x00, 0x00, 0x00, 0x00, 0x00, 0x00, 0x00, 0x00,
  0xff, 0xff, 0xff, 0x00, 0x00, 0x00, 0x00, 0x00, 0xaf, 0xc1, 0xd3, 0x0e,
  0xae, 0xc0, 0xd0, 0x71, 0xb2, 0xc4, 0xd4, 0x80, 0xae, 0xc0, 0xd0, 0x7f,
  0xae, 0xc0, 0xd0, 0x7f, 0xb2, 0xc4, 0xd4, 0x80, 0xae, 0xc0, 0xd0, 0x71,
  0xaf, 0xc1, 0xd3, 0x0e, 0x00, 0x00, 0x00, 0x00, 0xff, 0xff, 0xff, 0x00,
  0x00, 0x00, 0x00, 0x00, 0x00, 0x00, 0x00, 0x00, 0x00, 0x00, 0x00, 0x00,
  0x00, 0x00, 0x00, 0x00, 0x00, 0x00, 0x00, 0x00, 0x00, 0x00, 0x00, 0x00,
  0x00, 0x00, 0x00, 0x00, 0x00, 0x00, 0x00, 0x00, 0x00, 0x00, 0x00, 0x00,
  0x00, 0x00, 0x00, 0x00, 0x00, 0x00, 0x00, 0x00, 0xff, 0xff, 0xff, 0x00,
  0x00, 0x00, 0x00, 0x00, 0xb2, 0xcc, 0xcc, 0x05, 0xaf, 0xc1, 0xd2, 0x5d,
  0xb4, 0xc7, 0xd7, 0x80, 0xaf, 0xc1, 0xd1, 0x7e, 0xaf, 0xc1, 0xd1, 0x80,
  0xaf, 0xc1, 0xd1, 0x80, 0xaf, 0xc1, 0xd1, 0x7e, 0xb4, 0xc7, 0xd7, 0x80,
  0xaf, 0xc1, 0xd2, 0x5d, 0xb2, 0xcc, 0xcc, 0x05, 0x00, 0x00, 0x00, 0x00,
  0xff, 0xff, 0xff, 0x00, 0x00, 0x00, 0x00, 0x00, 0x00, 0x00, 0x00, 0x00,
  0x00, 0x00, 0x00, 0x00, 0x00, 0x00, 0x00, 0x00, 0x00, 0x00, 0x00, 0x00,
  0x00, 0x00, 0x00, 0x00, 0x00, 0x00, 0x00, 0x00, 0x00, 0x00, 0x00, 0x00,
  0x00, 0x00, 0x00, 0x00, 0xff, 0xff, 0xff, 0x00, 0x00, 0x00, 0x00, 0x00,
  0xaa, 0xc6, 0xc6, 0x04, 0xae, 0xc1, 0xd0, 0x57, 0xb5, 0xc7, 0xd8, 0x80,
  0xae, 0xc0, 0xd0, 0x7e, 0xaf, 0xc1, 0xd1, 0x80, 0xaf, 0xc1, 0xd1, 0x80,
  0xaf, 0xc1, 0xd1, 0x80, 0xaf, 0xc1, 0xd1, 0x80, 0xaf, 0xc1, 0xd1, 0x7e,
  0xb6, 0xc9, 0xd9, 0x80, 0xae, 0xc0, 0xd0, 0x52, 0xbf, 0xbf, 0xbf, 0x02,
  0x00, 0x00, 0x00, 0x00, 0xff, 0xff, 0xff, 0x00, 0x00, 0x00, 0x00, 0x00,
  0x00, 0x00, 0x00, 0x00, 0x00, 0x00, 0x00, 0x00, 0x00, 0x00, 0x00, 0x00,
  0x00, 0x00, 0x00, 0x00, 0x00, 0x00, 0x00, 0x00, 0x00, 0x00, 0x00, 0x00,
  0x00, 0x00, 0x00, 0x00, 0x00, 0x00, 0x00, 0x00, 0x00, 0x00, 0x00, 0x00,
  0xae, 0xc0, 0xd0, 0x47, 0xb7, 0xca, 0xdb, 0x80, 0xaf, 0xc1, 0xd1, 0x7e,
  0xaf, 0xc1, 0xd1, 0x80, 0xaf, 0xc1, 0xd1, 0x80, 0xaf, 0xc1, 0xd1, 0x80,
  0xaf, 0xc1, 0xd1, 0x80, 0xaf, 0xc1, 0xd1, 0x80, 0xaf, 0xc1, 0xd1, 0x80,
  0xae, 0xc0, 0xd0, 0x7e, 0xb7, 0xc9, 0xda, 0x80, 0xaf, 0xc1, 0xd0, 0x4c,
  0x00, 0x00, 0x00, 0x00, 0x00, 0x00, 0x00, 0x00, 0x00, 0x00, 0x00, 0x00,
  0x00, 0x00, 0x00, 0x00, 0x00, 0x00, 0x00, 0x00, 0x00, 0x00, 0x00, 0x00,
  0x00, 0x00, 0x00, 0x00, 0x00, 0x00, 0x00, 0x00, 0x00, 0x00, 0x00, 0x00,
  0x00, 0x00, 0x00, 0x00, 0x00, 0x00, 0x00, 0x00, 0xaa, 0xc6, 0xc6, 0x04,
  0xaf, 0xc0, 0xd1, 0x7b, 0xb1, 0xc3, 0xd3, 0x80, 0xaf, 0xc1, 0xd1, 0x80,
  0xaf, 0xc1, 0xd1, 0x80, 0xaf, 0xc1, 0xd1, 0x80, 0xaf, 0xc1, 0xd1, 0x80,
  0xaf, 0xc1, 0xd1, 0x80, 0xaf, 0xc1, 0xd1, 0x80, 0xaf, 0xc1, 0xd1, 0x80,
  0xaf, 0xc1, 0xd1, 0x80, 0xb1, 0xc3, 0xd3, 0x80, 0xaf, 0xc0, 0xd1, 0x7b,
  0xaa, 0xc6, 0xc6, 0x04, 0x00, 0x00, 0x00, 0x00, 0x00, 0x00, 0x00, 0x00,
  0x00, 0x00, 0x00, 0x00, 0x00, 0x00, 0x00, 0x00, 0x00, 0x00, 0x00, 0x00,
  0x00, 0x00, 0x00, 0x00, 0x00, 0x00, 0x00, 0x00, 0x00, 0x00, 0x00, 0x00,
  0x00, 0x00, 0x00, 0x00, 0x00, 0x00, 0x00, 0x00, 0xaa, 0xc6, 0xc6, 0x04,
  0xaf, 0xc0, 0xd1, 0x7b, 0xb1, 0xc3, 0xd3, 0x80, 0xaf, 0xc1, 0xd1, 0x80,
  0xaf, 0xc1, 0xd1, 0x80, 0xaf, 0xc1, 0xd1, 0x80, 0xaf, 0xc1, 0xd1, 0x80,
  0xaf, 0xc1, 0xd1, 0x80, 0xaf, 0xc1, 0xd1, 0x80, 0xaf, 0xc1, 0xd1, 0x80,
  0xaf, 0xc1, 0xd1, 0x80, 0xb1, 0xc3, 0xd3, 0x80, 0xaf, 0xc0, 0xd1, 0x7b,
  0xaa, 0xc6, 0xc6, 0x04, 0x00, 0x00, 0x00, 0x00, 0x00, 0x00, 0x00, 0x00,
  0x00, 0x00, 0x00, 0x00, 0x00, 0x00, 0x00, 0x00, 0x00, 0x00, 0x00, 0x00,
  0x00, 0x00, 0x00, 0x00, 0x00, 0x00, 0x00, 0x00, 0x00, 0x00, 0x00, 0x00,
  0x00, 0x00, 0x00, 0x00, 0x00, 0x00, 0x00, 0x00, 0xaa, 0xc6, 0xc6, 0x04,
  0xaf, 0xc0, 0xd1, 0x7b, 0xb1, 0xc3, 0xd3, 0x80, 0xaf, 0xc1, 0xd1, 0x80,
  0xaf, 0xc1, 0xd1, 0x80, 0xaf, 0xc1, 0xd1, 0x80, 0xaf, 0xc1, 0xd1, 0x80,
  0xaf, 0xc1, 0xd1, 0x80, 0xaf, 0xc1, 0xd1, 0x80, 0xaf, 0xc1, 0xd1, 0x80,
  0xaf, 0xc1, 0xd1, 0x80, 0xb1, 0xc3, 0xd3, 0x80, 0xaf, 0xc0, 0xd1, 0x7b,
  0xaa, 0xc6, 0xc6, 0x04, 0x00, 0x00, 0x00, 0x00, 0x00, 0x00, 0x00, 0x00,
  0x00, 0x00, 0x00, 0x00, 0x00, 0x00, 0x00, 0x00, 0x00, 0x00, 0x00, 0x00,
  0x00, 0x00, 0x00, 0x00, 0x00, 0x00, 0x00, 0x00, 0x00, 0x00, 0x00, 0x00,
  0x00, 0x00, 0x00, 0x00, 0x00, 0x00, 0x00, 0x00, 0xaa, 0xc6, 0xc6, 0x04,
  0xaf, 0xc0, 0xd1, 0x7b, 0xb1, 0xc3, 0xd3, 0x80, 0xaf, 0xc1, 0xd1, 0x80,
  0xa3, 0xb5, 0xc5, 0x80, 0x9b, 0xac, 0xbb, 0x80, 0x9c, 0xad, 0xbc, 0x80,
  0x9c, 0xad, 0xbc, 0x80, 0x9b, 0xac, 0xbb, 0x80, 0xa3, 0xb5, 0xc5, 0x80,
  0xaf, 0xc1, 0xd1, 0x80, 0xb1, 0xc3, 0xd3, 0x80, 0xaf, 0xc0, 0xd1, 0x7b,
  0xaa, 0xc6, 0xc6, 0x04, 0x00, 0x00, 0x00, 0x00, 0x00, 0x00, 0x00, 0x00,
  0x00, 0x00, 0x00, 0x00, 0x00, 0x00, 0x00, 0x00, 0x00, 0x00, 0x00, 0x00,
  0x00, 0x00, 0x00, 0x00, 0x00, 0x00, 0x00, 0x00, 0x00, 0x00, 0x00, 0x00,
  0x00, 0x00, 0x00, 0x00, 0x00, 0x00, 0x00, 0x00, 0xaa, 0xc6, 0xc6, 0x04,
  0xaf, 0xc0, 0xd1, 0x7b, 0xb0, 0xc2, 0xd2, 0x80, 0xb5, 0xc7, 0xd7, 0x80,
  0x8c, 0x9a, 0xa9, 0x80, 0x1c, 0x1f, 0x2a, 0x80, 0x1d, 0x20, 0x2b, 0x80,
  0x1d, 0x20, 0x2b, 0x80, 0x1c, 0x1f, 0x2a, 0x80, 0x8c, 0x9a, 0xa9, 0x80,
  0xb5, 0xc7, 0xd8, 0x80, 0xb0, 0xc2, 0xd2, 0x80, 0xaf, 0xc0, 0xd1, 0x7b,
  0xaa, 0xc6, 0xc6, 0x04, 0x00, 0x00, 0x00, 0x00, 0x00, 0x00, 0x00, 0x00,
  0x00, 0x00, 0x00, 0x00, 0x00, 0x00, 0x00, 0x00, 0x00, 0x00, 0x00, 0x00,
  0x00, 0x00, 0x00, 0x00, 0x00, 0x00, 0x00, 0x00, 0x00, 0x00, 0x00, 0x00,
  0x00, 0x00, 0x00, 0x00, 0x00, 0x00, 0x00, 0x00, 0xaa, 0xc6, 0xc6, 0x04,
  0xaf, 0xc0, 0xd1, 0x7b, 0xb1, 0xc3, 0xd3, 0x80, 0xad, 0xbf, 0xcf, 0x80,
  0xb6, 0xc9, 0xd9, 0x80, 0x60, 0x6a, 0x77, 0x80, 0x15, 0x18, 0x22, 0x80,
  0x16, 0x18, 0x22, 0x80, 0x61, 0x6a, 0x77, 0x80, 0xb6, 0xc9, 0xd9, 0x80,
  0xad, 0xbf, 0xcf, 0x80, 0xb1, 0xc3, 0xd3, 0x80, 0xaf, 0xc0, 0xd1, 0x7b,
  0xaa, 0xc6, 0xc6, 0x04, 0x00, 0x00, 0x00, 0x00, 0x00, 0x00, 0x00, 0x00,
  0x00, 0x00, 0x00, 0x00, 0x00, 0x00, 0x00, 0x00, 0x00, 0x00, 0x00, 0x00,
  0x00, 0x00, 0x00, 0x00, 0x00, 0x00, 0x00, 0x00, 0x00, 0x00, 0x00, 0x00,
  0x00, 0x00, 0x00, 0x00, 0x00, 0x00, 0x00, 0x00, 0xaa, 0xc6, 0xc6, 0x04,
  0xaf, 0xc0, 0xd1, 0x7b, 0xb1, 0xc3, 0xd3, 0x80, 0xad, 0xbf, 0xcf, 0x80,
  0xb4, 0xc6, 0xd6, 0x80, 0x96, 0xa5, 0xb5, 0x80, 0x26, 0x2a, 0x36, 0x80,
  0x26, 0x2a, 0x36, 0x80, 0x96, 0xa5, 0xb5, 0x80, 0xb4, 0xc6, 0xd6, 0x80,
  0xad, 0xbf, 0xcf, 0x80, 0xb1, 0xc3, 0xd3, 0x80, 0xaf, 0xc0, 0xd1, 0x7b,
  0xaa, 0xc6, 0xc6, 0x04, 0x00, 0x00, 0x00, 0x00, 0x00, 0x00, 0x00, 0x00,
  0x00, 0x00, 0x00, 0x00, 0x00, 0x00, 0x00, 0x00, 0x00, 0x00, 0x00, 0x00,
  0x00, 0x00, 0x00, 0x00, 0x00, 0x00, 0x00, 0x00, 0x00, 0x00, 0x00, 0x00,
  0x00, 0x00, 0x00, 0x00, 0x00, 0x00, 0x00, 0x00, 0xaa, 0xc6, 0xc6, 0x04,
  0xaf, 0xc0, 0xd1, 0x7b, 0xb1, 0xc3, 0xd3, 0x80, 0xaf, 0xc1, 0xd1, 0x80,
  0xae, 0xbf, 0xcf, 0x80, 0xb6, 0xc9, 0xd9, 0x80, 0x6b, 0x76, 0x84, 0x80,
  0x6c, 0x76, 0x84, 0x80, 0xb6, 0xc9, 0xd9, 0x80, 0xae, 0xbf, 0xcf, 0x80,
  0xaf, 0xc1, 0xd1, 0x80, 0xb1, 0xc3, 0xd3, 0x80, 0xaf, 0xc0, 0xd1, 0x7b,
  0xaa, 0xc6, 0xc6, 0x04, 0x00, 0x00, 0x00, 0x00, 0x00, 0x00, 0x00, 0x00,
  0x00, 0x00, 0x00, 0x00, 0x00, 0x00, 0x00, 0x00, 0x00, 0x00, 0x00, 0x00,
  0x00, 0x00, 0x00, 0x00, 0x00, 0x00, 0x00, 0x00, 0x00, 0x00, 0x00, 0x00,
  0x00, 0x00, 0x00, 0x00, 0x00, 0x00, 0x00, 0x00, 0xaa, 0xc6, 0xc6, 0x04,
  0xaf, 0xc0, 0xd1, 0x7b, 0xb1, 0xc3, 0xd3, 0x80, 0xaf, 0xc1, 0xd1, 0x80,
  0xaf, 0xc1, 0xd1, 0x80, 0xb0, 0xc2, 0xd2, 0x80, 0xa8, 0xba, 0xc9, 0x80,
  0xae, 0xc0, 0xd0, 0x80, 0xaf, 0xc1, 0xd1, 0x80, 0xaf, 0xc1, 0xd1, 0x80,
  0xaf, 0xc1, 0xd1, 0x80, 0xb1, 0xc3, 0xd3, 0x80, 0xaf, 0xc0, 0xd1, 0x7b,
  0xaa, 0xc6, 0xc6, 0x04, 0x00, 0x00, 0x00, 0x00, 0x00, 0x00, 0x00, 0x00,
  0x00, 0x00, 0x00, 0x00, 0x00, 0x00, 0x00, 0x00, 0x00, 0x00, 0x00, 0x00,
  0x00, 0x00, 0x00, 0x00, 0x00, 0x00, 0x00, 0x00, 0x00, 0x00, 0x00, 0x00,
  0x00, 0x00, 0x00, 0x00, 0x00, 0x00, 0x00, 0x00, 0xaa, 0xc6, 0xc6, 0x04,
  0xaf, 0xc0, 0xd1, 0x7b, 0xb1, 0xc3, 0xd3, 0x80, 0xaf, 0xc1, 0xd1, 0x80,
  0xaf, 0xc1, 0xd1, 0x80, 0xaf, 0xc1, 0xd1, 0x80, 0xaf, 0xc1, 0xd1, 0x80,
  0xaf, 0xc1, 0xd1, 0x80, 0xaf, 0xc1, 0xd1, 0x80, 0xaf, 0xc1, 0xd1, 0x80,
  0xaf, 0xc1, 0xd1, 0x80, 0xb1, 0xc3, 0xd3, 0x80, 0xaf, 0xc0, 0xd1, 0x7b,
  0xaa, 0xc6, 0xc6, 0x04, 0x00, 0x00, 0x00, 0x00, 0x00, 0x00, 0x00, 0x00,
  0x00, 0x00, 0x00, 0x00, 0x00, 0x00, 0x00, 0x00, 0x00, 0x00, 0x00, 0x00,
  0x00, 0x00, 0x00, 0x00, 0x00, 0x00, 0x00, 0x00, 0x00, 0x00, 0x00, 0x00,
  0x00, 0x00, 0x00, 0x00, 0x00, 0x00, 0x00, 0x00, 0xb6, 0xda, 0xda, 0x03,
  0xae, 0xc1, 0xd0, 0x75, 0xb2, 0xc4, 0xd4, 0x80, 0xaf, 0xc1, 0xd1, 0x7f,
  0xaf, 0xc1, 0xd1, 0x80, 0xaf, 0xc1, 0xd1, 0x80, 0xaf, 0xc1, 0xd1, 0x80,
  0xaf, 0xc1, 0xd1, 0x80, 0xaf, 0xc1, 0xd1, 0x80, 0xaf, 0xc1, 0xd1, 0x80,
  0xaf, 0xc1, 0xd1, 0x80, 0xb1, 0xc3, 0xd3, 0x80, 0xaf, 0xc0, 0xd1, 0x7b,
  0xaa, 0xc6, 0xc6, 0x04, 0x00, 0x00, 0x00, 0x00, 0x00, 0x00, 0x00, 0x00,
  0x00, 0x00, 0x00, 0x00, 0x00, 0x00, 0x00, 0x00, 0x00, 0x00, 0x00, 0x00,
  0x00, 0x00, 0x00, 0x00, 0x00, 0x00, 0x00, 0x00, 0x00, 0x00, 0x00, 0x00,
  0x00, 0x00, 0x00, 0x00, 0xff, 0xff, 0xff, 0x00, 0x00, 0x00, 0x00, 0x00,
  0xae, 0xbf, 0xcf, 0x36, 0xae, 0xc1, 0xd1, 0x7d, 0xaf, 0xc1, 0xd1, 0x80,
  0xae, 0xc0, 0xd0, 0x7f, 0xaf, 0xc1, 0xd1, 0x80, 0xaf, 0xc1, 0xd1, 0x80,
  0xaf, 0xc1, 0xd1, 0x80, 0xaf, 0xc1, 0xd1, 0x80, 0xae, 0xc0, 0xd0, 0x7f,
  0xb0, 0xc3, 0xd3, 0x80, 0xae, 0xc0, 0xd0, 0x79, 0xaf, 0xc0, 0xd1, 0x2d,
  0x00, 0x00, 0x00, 0x00, 0xff, 0xff, 0xff, 0x00, 0x00, 0x00, 0x00, 0x00,
  0x00, 0x00, 0x00, 0x00, 0x00, 0x00, 0x00, 0x00, 0x00, 0x00, 0x00, 0x00,
  0x00, 0x00, 0x00, 0x00, 0x00, 0x00, 0x00, 0x00, 0x00, 0x00, 0x00, 0x00,
  0x00, 0x00, 0x00, 0x00, 0x00, 0x00, 0x00, 0x00, 0xff, 0xff, 0xff, 0x00,
  0x00, 0x00, 0x00, 0x00, 0xae, 0xbb, 0xc9, 0x09, 0xaf, 0xc0, 0xcf, 0x33,
  0xae, 0xc0, 0xd1, 0x5a, 0xaf, 0xc0, 0xd0, 0x70, 0xae, 0xc0, 0xd0, 0x7f,
  0xae, 0xc0, 0xd0, 0x7f, 0xaf, 0xc0, 0xd0, 0x70, 0xaf, 0xc0, 0xd1, 0x53,
  0xae, 0xc2, 0xd0, 0x34, 0xad, 0xbf, 0xd1, 0x0e, 0x00, 0x00, 0x00, 0x00,
  0xff, 0xff, 0xff, 0x00, 0x00, 0x00, 0x00, 0x00, 0x00, 0x00, 0x00, 0x00,
  0x00, 0x00, 0x00, 0x00, 0x00, 0x00, 0x00, 0x00, 0x00, 0x00, 0x00, 0x00,
  0x00, 0x00, 0x00, 0x00, 0x00, 0x00, 0x00, 0x00, 0x00, 0x00, 0x00, 0x00,
  0x00, 0x00, 0x00, 0x00, 0x00, 0x00, 0x00, 0x00, 0x00, 0x00, 0x00, 0x00,
  0x00, 0x00, 0x00, 0x00, 0x00, 0x00, 0x00, 0x00, 0x00, 0x00, 0x00, 0x00,
  0x00, 0x00, 0x00, 0x00, 0x00, 0x00, 0x00, 0x00, 0x00, 0x00, 0x00, 0x00,
  0x00, 0x00, 0x00, 0x00, 0x00, 0x00, 0x00, 0x00, 0x00, 0x00, 0x00, 0x00,
  0x00, 0x00, 0x00, 0x00, 0x00, 0x00, 0x00, 0x00, 0x00, 0x00, 0x00, 0x00,
  0x00, 0x00, 0x00, 0x00, 0x00, 0x00, 0x00, 0x00, 0x00, 0x00, 0x00, 0x00,
  0x00, 0x00, 0x00, 0x00, 0x00, 0x00, 0x00, 0x00, 0x00, 0x00, 0x00, 0x00,
  0x00, 0x00, 0x00, 0x00, 0x00, 0x00, 0x00, 0x00, 0x00, 0x00, 0x00, 0x00,
  0x00, 0x00, 0x00, 0x00, 0x00, 0x00, 0x00, 0x00, 0x00, 0x00, 0x00, 0x00,
  0x00, 0x00, 0x00, 0x00, 0x00, 0x00, 0x00, 0x00, 0x00, 0x00, 0x00, 0x00,
  0x00, 0x00, 0x00, 0x00, 0x00, 0x00, 0x00, 0x00, 0x00, 0x00, 0x00, 0x00,
  0x00, 0x00, 0x00, 0x00, 0x00, 0x00, 0x00, 0x00, 0x00, 0x00, 0x00, 0x00,
  0x00, 0x00, 0x00, 0x00, 0x00, 0x00, 0x00, 0x00, 0x00, 0x00, 0x00, 0x00,
  0x00, 0x00, 0x00, 0x00, 0x00, 0x00, 0x00, 0x00, 0x00, 0x00, 0x00, 0x00,
  0x00, 0x00, 0x00, 0x00, 0x00, 0x00, 0x00, 0x00, 0x00, 0x00, 0x00, 0x00,
  0x00, 0x00, 0x00, 0x00, 0x00, 0x00, 0x00, 0x00, 0x00, 0x00, 0x00, 0x00,
  0x00, 0x00, 0x00, 0x00, 0x00, 0x00, 0x00, 0x00, 0x00, 0x00, 0x00, 0x00,
  0x00, 0x00, 0x00, 0x00, 0x00, 0x00, 0x00, 0x00, 0x00, 0x00, 0x00, 0x00,
  0x00, 0x00, 0x00, 0x00, 0x00, 0x00, 0x00, 0x00, 0x00, 0x00, 0x00, 0x00,
  0x00, 0x00, 0x00, 0x00, 0x00, 0x00, 0x00, 0x00, 0x00, 0x00, 0x00, 0x00,
  0x00, 0x00, 0x00, 0x00, 0x00, 0x00, 0x00, 0x00, 0x00, 0x00, 0x00, 0x00,
  0x00, 0x00, 0x00, 0x00, 0x00, 0x00, 0x00, 0x00, 0x00, 0x00, 0x00, 0x00,
  0x00, 0x00, 0x00, 0x00, 0x00, 0x00, 0x00, 0x00, 0x00, 0x00, 0x00, 0x00,
  0x00, 0x00, 0x00, 0x00, 0x00, 0x00, 0x00, 0x00, 0x00, 0x00, 0x00, 0x00,
  0x00, 0x00, 0x00, 0x00, 0x00, 0x00, 0x00, 0x00, 0x00, 0x00, 0x00, 0x00,
  0x00, 0x00, 0x00, 0x00, 0x00, 0x00, 0x00, 0x00, 0x00, 0x00, 0x00, 0x00,
  0x00, 0x00, 0x00, 0x00, 0x00, 0x00, 0x00, 0x00, 0x00, 0x00, 0x00, 0x00,
  0x00, 0x00, 0x00, 0x00, 0x00, 0x00, 0x00, 0x00, 0x00, 0x00, 0x00, 0x00,
  0x00, 0x00, 0x00, 0x00, 0x00, 0x00, 0x00, 0x00, 0x00, 0x00, 0x00, 0x00,
  0x00, 0x00, 0x00, 0x00, 0x00, 0x00, 0x00, 0x00, 0x00, 0x00, 0x00, 0x00,
  0x00, 0x00, 0x00, 0x00, 0x00, 0x00, 0x00, 0x00, 0x00, 0x00, 0x00, 0x00,
  0x00, 0x00, 0x00, 0x00, 0x00, 0x00, 0x00, 0x00, 0x00, 0x00, 0x00, 0x00,
  0x00, 0x00, 0x00, 0x00, 0x00, 0x00, 0x00, 0x00, 0x00, 0x00, 0x00, 0x00,
  0x00, 0x00, 0x00, 0x00, 0x00, 0x00, 0x00, 0x00, 0x00, 0x00, 0x00, 0x00,
  0x00, 0x00, 0x00, 0x00, 0x00, 0x00, 0x00, 0x00, 0x00, 0x00, 0x00, 0x00,
  0x00, 0x00, 0x00, 0x00, 0x00, 0x00, 0x00, 0x00, 0x00, 0x00, 0x00, 0x00,
  0x00, 0x00, 0x00, 0x00, 0x00, 0x00, 0x00, 0x00, 0x00, 0x00, 0x00, 0x00,
  0x00, 0x00, 0x00, 0x00, 0x00, 0x00, 0x00, 0x00, 0x00, 0x00, 0x00, 0x00,
  0x00, 0x00, 0x00, 0x00, 0x00, 0x00, 0x00, 0x00, 0x00, 0x00, 0x00, 0x00,
  0x00, 0x00, 0x00, 0x00, 0x00, 0x00, 0x00, 0x00, 0x00, 0x00, 0x00, 0x00,
  0x00, 0x00, 0x00, 0x00, 0x00, 0x00, 0x00, 0x00, 0x00, 0x00, 0x00, 0x00,
  0x00, 0x00, 0x00, 0x00, 0x00, 0x00, 0x00, 0x00, 0x00, 0x00, 0x00, 0x00,
  0x00, 0x00, 0x00, 0x00, 0x00, 0x00, 0x00, 0x00, 0x00, 0x00, 0x00, 0x00,
  0x00, 0x00, 0x00, 0x00, 0x00, 0x00, 0x00, 0x00, 0x00, 0x00, 0x00, 0x00,
  0x00, 0x00, 0x00, 0x00, 0x00, 0x00, 0x00, 0x00, 0x00, 0x00, 0x00, 0x00,
  0x00, 0x00, 0x00, 0x00, 0x00, 0x00, 0x00, 0x00, 0x00, 0x00, 0x00, 0x00,
  0x00, 0x00, 0x00, 0x00, 0x00, 0x00, 0x00, 0x00, 0x00, 0x00, 0x00, 0x00,
};

static unsigned char sprite_left_data[] = {
  0x00, 0x00, 0x00, 0x00, 0x00, 0x00, 0x00, 0x00, 0x00, 0x00, 0x00, 0x00,
  0x00, 0x00, 0x00, 0x00, 0x00, 0x00, 0x00, 0x00, 0x00, 0x00, 0x00, 0x00,
  0x00, 0x00, 0x00, 0x00, 0x00, 0x00, 0x00, 0x00, 0x00, 0x00, 0x00, 0x00,
  0x00, 0x00, 0x00, 0x00, 0x00, 0x00, 0x00, 0x00, 0x00, 0x00, 0x00, 0x00,
  0x00, 0x00, 0x00, 0x00, 0x00, 0x00, 0x00, 0x00, 0x00, 0x00, 0x00, 0x00,
  0x00, 0x00, 0x00, 0x00, 0x00, 0x00, 0x00, 0x00, 0x00, 0x00, 0x00, 0x00,
  0x00, 0x00, 0x00, 0x00, 0x00, 0x00, 0x00, 0x00, 0x00, 0x00, 0x00, 0x00,
  0x00, 0x00, 0x00, 0x00, 0x00, 0x00, 0x00, 0x00, 0x00, 0x00, 0x00, 0x00,
  0x00, 0x00, 0x00, 0x00, 0x00, 0x00, 0x00, 0x00, 0x00, 0x00, 0x00, 0x00,
  0x00, 0x00, 0x00, 0x00, 0x00, 0x00, 0x00, 0x00, 0x00, 0x00, 0x00, 0x00,
  0x00, 0x00, 0x00, 0x00, 0x00, 0x00, 0x00, 0x00, 0x00, 0x00, 0x00, 0x00,
  0x00, 0x00, 0x00, 0x00, 0x00, 0x00, 0x00, 0x00, 0x00, 0x00, 0x00, 0x00,
  0x00, 0x00, 0x00, 0x00, 0x00, 0x00, 0x00, 0x00, 0x00, 0x00, 0x00, 0x00,
  0x00, 0x00, 0x00, 0x00, 0x00, 0x00, 0x00, 0x00, 0x00, 0x00, 0x00, 0x00,
  0x00, 0x00, 0x00, 0x00, 0x00, 0x00, 0x00, 0x00, 0x00, 0x00, 0x00, 0x00,
  0x00, 0x00, 0x00, 0x00, 0x00, 0x00, 0x00, 0x00, 0x00, 0x00, 0x00, 0x00,
  0x00, 0x00, 0x00, 0x00, 0x00, 0x00, 0x00, 0x00, 0x00, 0x00, 0x00, 0x00,
  0x00, 0x00, 0x00, 0x00, 0x00, 0x00, 0x00, 0x00, 0x00, 0x00, 0x00, 0x00,
  0x00, 0x00, 0x00, 0x00, 0x00, 0x00, 0x00, 0x00, 0x00, 0x00, 0x00, 0x00,
  0x00, 0x00, 0x00, 0x00, 0x00, 0x00, 0x00, 0x00, 0x00, 0x00, 0x00, 0x00,
  0x00, 0x00, 0x00, 0x00, 0x00, 0x00, 0x00, 0x00, 0x00, 0x00, 0x00, 0x00,
  0x00, 0x00, 0x00, 0x00, 0x00, 0x00, 0x00, 0x00, 0x00, 0x00, 0x00, 0x00,
  0x00, 0x00, 0x00, 0x00, 0x00, 0x00, 0x00, 0x00, 0x00, 0x00, 0x00, 0x00,
  0x00, 0x00, 0x00, 0x00, 0x00, 0x00, 0x00, 0x00, 0x00, 0x00, 0x00, 0x00,
  0x00, 0x00, 0x00, 0x00, 0x00, 0x00, 0x00, 0x00, 0x00, 0x00, 0x00, 0x00,
  0x00, 0x00, 0x00, 0x00, 0x00, 0x00, 0x00, 0x00, 0x00, 0x00, 0x00, 0x00,
  0x00, 0x00, 0x00, 0x00, 0x00, 0x00, 0x00, 0x00, 0x00, 0x00, 0x00, 0x00,
  0x00, 0x00, 0x00, 0x00, 0x00, 0x00, 0x00, 0x00, 0x00, 0x00, 0x00, 0x00,
  0x00, 0x00, 0x00, 0x00, 0x00, 0x00, 0x00, 0x00, 0x00, 0x00, 0x00, 0x00,
  0x00, 0x00, 0x00, 0x00, 0x00, 0x00, 0x00, 0x00, 0x00, 0x00, 0x00, 0x00,
  0x00, 0x00, 0x00, 0x00, 0x00, 0x00, 0x00, 0x00, 0x00, 0x00, 0x00, 0x00,
  0x00, 0x00, 0x00, 0x00, 0x00, 0x00, 0x00, 0x00, 0x00, 0x00, 0x00, 0x00,
  0x00, 0x00, 0x00, 0x00, 0x00, 0x00, 0x00, 0x00, 0x00, 0x00, 0x00, 0x00,
  0x00, 0x00, 0x00, 0x00, 0x00, 0x00, 0x00, 0x00, 0x00, 0x00, 0x00, 0x00,
  0x00, 0x00, 0x00, 0x00, 0x00, 0x00, 0x00, 0x00, 0x00, 0x00, 0x00, 0x00,
  0x00, 0x00, 0x00, 0x00, 0x00, 0x00, 0x00, 0x00, 0x00, 0x00, 0x00, 0x00,
  0x00, 0x00, 0x00, 0x00, 0x00, 0x00, 0x00, 0x00, 0x00, 0x00, 0x00, 0x00,
  0x00, 0x00, 0x00, 0x00, 0x00, 0x00, 0x00, 0x00, 0x00, 0x00, 0x00, 0x00,
  0x00, 0x00, 0x00, 0x00, 0x00, 0x00, 0x00, 0x00, 0x00, 0x00, 0x00, 0x00,
  0x00, 0x00, 0x00, 0x00, 0x00, 0x00, 0x00, 0x00, 0x00, 0x00, 0x00, 0x00,
  0x00, 0x00, 0x00, 0x00, 0x00, 0x00, 0x00, 0x00, 0x00, 0x00, 0x00, 0x00,
  0x00, 0x00, 0x00, 0x00, 0x00, 0x00, 0x00, 0x00, 0x00, 0x00, 0x00, 0x00,
  0x00, 0x00, 0x00, 0x00, 0x00, 0x00, 0x00, 0x00, 0x00, 0x00, 0x00, 0x00,
  0x00, 0x00, 0x00, 0x00, 0x00, 0x00, 0x00, 0x00, 0x00, 0x00, 0x00, 0x00,
  0x00, 0x00, 0x00, 0x00, 0x00, 0x00, 0x00, 0x00, 0x00, 0x00, 0x00, 0x00,
  0x00, 0x00, 0x00, 0x00, 0x00, 0x00, 0x00, 0x00, 0x00, 0x00, 0x00, 0x00,
  0x00, 0x00, 0x00, 0x00, 0x00, 0x00, 0x00, 0x00, 0x00, 0x00, 0x00, 0x00,
  0x00, 0x00, 0x00, 0x00, 0x00, 0x00, 0x00, 0x00, 0x00, 0x00, 0x00, 0x00,
  0x00, 0x00, 0x00, 0x00, 0x00, 0x00, 0x00, 0x00, 0x00, 0x00, 0x00, 0x00,
  0x00, 0x00, 0x00, 0x00, 0x00, 0x00, 0x00, 0x00, 0x00, 0x00, 0x00, 0x00,
  0x00, 0x00, 0x00, 0x00, 0x00, 0x00, 0x00, 0x00, 0x00, 0x00, 0x00, 0x00,
  0x00, 0x00, 0x00, 0x00, 0x00, 0x00, 0x00, 0x00, 0x00, 0x00, 0x00, 0x00,
  0x00, 0x00, 0x00, 0x00, 0x00, 0x00, 0x00, 0x00, 0x00, 0x00, 0x00, 0x00,
  0x00, 0x00, 0x00, 0x00, 0x00, 0x00, 0x00, 0x00, 0x00, 0x00, 0x00, 0x00,
  0x00, 0x00, 0x00, 0x00, 0x00, 0x00, 0x00, 0x00, 0x00, 0x00, 0x00, 0x00,
  0x00, 0x00, 0x00, 0x00, 0x00, 0x00, 0x00, 0x00, 0x00, 0x00, 0x00, 0x00,
  0x00, 0x00, 0x00, 0x00, 0x00, 0x00, 0x00, 0x00, 0x00, 0x00, 0x00, 0x00,
  0x00, 0x00, 0x00, 0x00, 0x00, 0x00, 0x00, 0x00, 0x00, 0x00, 0x00, 0x00,
  0x00, 0x00, 0x00, 0x00, 0x00, 0x00, 0x00, 0x00, 0x00, 0x00, 0x00, 0x00,
  0x00, 0x00, 0x00, 0x00, 0x00, 0x00, 0x00, 0x00, 0x00, 0x00, 0x00, 0x00,
  0x00, 0x00, 0x00, 0x00, 0x00, 0x00, 0x00, 0x00, 0x00, 0x00, 0x00, 0x00,
  0x00, 0x00, 0x00, 0x00, 0x00, 0x00, 0x00, 0x00, 0x00, 0x00, 0x00, 0x00,
  0x00, 0x00, 0x00, 0x00, 0x00, 0x00, 0x00, 0x00, 0x00, 0x00, 0x00, 0x00,
  0x00, 0x00, 0x00, 0x00, 0x00, 0x00, 0x00, 0x00, 0x00, 0x00, 0x00, 0x00,
  0x00, 0x00, 0x00, 0x00, 0x00, 0x00, 0x00, 0x00, 0x00, 0x00, 0x00, 0x00,
  0x00, 0x00, 0x00, 0x00, 0xff, 0xff, 0xff, 0x00, 0x00, 0x00, 0x00, 0x00,
  0xb0, 0xbf, 0xcf, 0x38, 0xb2, 0xc5, 0xd5, 0x80, 0xae, 0xc0, 0xd0, 0x7f,
  0xaf, 0xc1, 0xd1, 0x80, 0xaf, 0xc1, 0xd1, 0x80, 0xaf, 0xc1, 0xd1, 0x80,
  0xaf, 0xc1, 0xd1, 0x80, 0xaf, 0xc1, 0xd1, 0x80, 0xb0, 0xc2, 0xd2, 0x80,
  0xad, 0xbe, 0xcf, 0x2d, 0x00, 0x00, 0x00, 0x00, 0x7f, 0xff, 0xff, 0x01,
  0x00, 0x00, 0x00, 0x00, 0x00, 0x00, 0x00, 0x00, 0x00, 0x00, 0x00, 0x00,
  0x00, 0x00, 0x00, 0x00, 0x00, 0x00, 0x00, 0x00, 0x00, 0x00, 0x00, 0x00,
  0x00, 0x00, 0x00, 0x00, 0x00, 0x00, 0x00, 0x00, 0x00, 0x00, 0x00, 0x00,
  0x00, 0x00, 0x00, 0x00, 0x00, 0x00, 0x00, 0x00, 0xaa, 0xaa, 0xd4, 0x03,
  0xae, 0xc1, 0xd1, 0x6f, 0xb2, 0xc5, 0xd5, 0x80, 0xae, 0xc0, 0xd0, 0x7f,
  0xaf, 0xc1, 0xd1, 0x80, 0xaf, 0xc1, 0xd1, 0x80, 0xaf, 0xc1, 0xd1, 0x80,
  0xaf, 0xc1, 0xd1, 0x80, 0xaf, 0xc1, 0xd0, 0x7e, 0xb4, 0xc6, 0xd7, 0x80,
  0xb0, 0xc0, 0xd1, 0x71, 0xb6, 0xc4, 0xd3, 0x11, 0x00, 0x00, 0x00, 0x00,
  0xff, 0xff, 0xff, 0x01, 0x00, 0x00, 0x00, 0x00, 0x00, 0x00, 0x00, 0x00,
  0x00, 0x00, 0x00, 0x00, 0x00, 0x00, 0x00, 0x00, 0x00, 0x00, 0x00, 0x00,
  0x00, 0x00, 0x00, 0x00, 0x00, 0x00, 0x00, 0x00, 0x00, 0x00, 0x00, 0x00,
  0xff, 0xff, 0xff, 0x00, 0x00, 0x00, 0x00, 0x00, 0xad, 0xbf, 0xd0, 0x16,
  0xae, 0xc1, 0xd0, 0x7d, 0xb0, 0xc2, 0xd2, 0x80, 0xaf, 0xc1, 0xd1, 0x80,
  0xaf, 0xc1, 0xd1, 0x80, 0xaf, 0xc1, 0xd1, 0x80, 0xaf, 0xc1, 0xd1, 0x80,
  0xaf, 0xc1, 0xd1, 0x80, 0xaf, 0xc1, 0xd1, 0x80, 0xaf, 0xc0, 0xd0, 0x7e,
  0xb8, 0xcb, 0xdc, 0x80, 0xae, 0xc0, 0xcf, 0x49, 0x00, 0x00, 0x00, 0x00,
  0x7f, 0x7f, 0x7f, 0x01, 0x00, 0x00, 0x00, 0x00, 0x00, 0x00, 0x00, 0x00,
  0x00, 0x00, 0x00, 0x00, 0x00, 0x00, 0x00, 0x00, 0x00, 0x00, 0x00, 0x00,
  0x00, 0x00, 0x00, 0x00, 0x00, 0x00, 0x00, 0x00, 0x00, 0x00, 0x00, 0x00,
  0x7f, 0xff, 0xff, 0x01, 0x00, 0x00, 0x00, 0x00, 0xaf, 0xc0, 0xd1, 0x2d,
  0xb0, 0xc2, 0xd2, 0x80, 0xaf, 0xc1, 0xd1, 0x80, 0xaf, 0xc1, 0xd1, 0x80,
  0xaf, 0xc1, 0xd1, 0x80, 0xaf, 0xc1, 0xd1, 0x80, 0xaf, 0xc1, 0xd1, 0x80,
  0xaf, 0xc1, 0xd1, 0x80, 0xaf, 0xc1, 0xd1, 0x80, 0xae, 0xc0, 0xd0, 0x7f,
  0xaf, 0xc1, 0xd1, 0x80, 0xae, 0xc0, 0xd0, 0x7f, 0xae, 0xc0, 0xd1, 0x24,
  0x00, 0x00, 0x00, 0x00, 0x7f, 0x7f, 0xff, 0x01, 0x00, 0x00, 0x00, 0x00,
  0x00, 0x00, 0x00, 0x00, 0x00, 0x00, 0x00, 0x00, 0x00, 0x00, 0x00, 0x00,
  0x00, 0x00, 0x00, 0x00, 0x00, 0x00, 0x00, 0x00, 0x00, 0x00, 0x00, 0x00,
  0xaa, 0xaa, 0xff, 0x01, 0x00, 0x00, 0x00, 0x00, 0xae, 0xc1, 0xd0, 0x44,
  0xb4, 0xc6, 0xd7, 0x80, 0xae, 0xc0, 0xd0, 0x7f, 0xaf, 0xc1, 0xd1, 0x80,
  0xaf, 0xc1, 0xd1, 0x80, 0xb0, 0xc2, 0xd2, 0x80, 0xa7, 0xb9, 0xc9, 0x80,
  0xa8, 0xb9, 0xc9, 0x80, 0xb0, 0xc2, 0xd2, 0x80, 0xaf, 0xc1, 0xd1, 0x80,
  0xae, 0xc0, 0xd0, 0x7f, 0xb2, 0xc4, 0xd4, 0x80, 0xae, 0xc0, 0xd0, 0x71,
  0xaf, 0xc1, 0xd3, 0x0e, 0x00, 0x00, 0x00, 0x00, 0xff, 0xff, 0xff, 0x00,
  0x00, 0x00, 0x00, 0x00, 0x00, 0x00, 0x00, 0x00, 0x00, 0x00, 0x00, 0x00,
  0x00, 0x00, 0x00, 0x00, 0x00, 0x00, 0x00, 0x00, 0x00, 0x00, 0x00, 0x00,
  0x7f, 0xbf, 0xbf, 0x02, 0x00, 0x00, 0x00, 0x00, 0xaf, 0xc0, 0xd0, 0x50,
  0xb6, 0xc9, 0xd9, 0x80, 0xaf, 0xc1, 0xd0, 0x7e, 0xae, 0xc0, 0xd0, 0x80,
  0xb0, 0xc2, 0xd2, 0x80, 0xa8, 0xb9, 0xc8, 0x80, 0x46, 0x4d, 0x5a, 0x80,
  0x98, 0xa8, 0xb7, 0x80, 0xb3, 0xc5, 0xd5, 0x80, 0xaf, 0xc0, 0xd0, 0x80,
  0xaf, 0xc1, 0xd1, 0x80, 0xaf, 0xc1, 0xd1, 0x7e, 0xb5, 0xc8, 0xd8, 0x80,
  0xae, 0xc1, 0xd2, 0x52, 0x00, 0x00, 0x00, 0x00, 0x7f, 0x7f, 0x7f, 0x01,
  0x00, 0x00, 0x00, 0x00, 0x00, 0x00, 0x00, 0x00, 0x00, 0x00, 0x00, 0x00,
  0x00, 0x00, 0x00, 0x00, 0x00, 0x00, 0x00, 0x00, 0x00, 0x00, 0x00, 0x00,
  0xbf, 0xbf, 0xbf, 0x02, 0x00, 0x00, 0x00, 0x00, 0xaf, 0xc1, 0xd1, 0x5b,
  0xb8, 0xcb, 0xdc, 0x80, 0xae, 0xc0, 0xd0, 0x7e, 0xb1, 0xc3, 0xd3, 0x80,
  0xa7, 0xb8, 0xc7, 0x80, 0x44, 0x4c, 0x57, 0x80, 0x1c, 0x1f, 0x2a, 0x80,
  0x9d, 0xae, 0xbd, 0x80, 0xb2, 0xc4, 0xd4, 0x80, 0xaf, 0xc0, 0xd0, 0x80,
  0xaf, 0xc1, 0xd1, 0x80, 0xae, 0xc0, 0xd0, 0x7f, 0xb0, 0xc2, 0xd2, 0x80,
  0xaf, 0xc1, 0xd1, 0x7b, 0xb1, 0xc2, 0xd4, 0x24, 0x00, 0x00, 0x00, 0x00,
  0x7f, 0xbf, 0xbf, 0x02, 0x00, 0x00, 0x00, 0x00, 0x00, 0x00, 0x00, 0x00,
  0x00, 0x00, 0x00, 0x00, 0x00, 0x00, 0x00, 0x00, 0x00, 0x00, 0x00, 0x00,
  0xbf, 0xbf, 0xff, 0x02, 0x00, 0x00, 0x00, 0x00, 0xaf, 0xc1, 0xd1, 0x61,
  0xb9, 0xcc, 0xdd, 0x80, 0xb0, 0xc2, 0xd1, 0x7e, 0xa8, 0xbb, 0xcb, 0x80,
  0x4f, 0x57, 0x64, 0x80, 0x15, 0x18, 0x22, 0x80, 0x20, 0x24, 0x2f, 0x80,
  0x9c, 0xad, 0xbc, 0x80, 0xb2, 0xc4, 0xd4, 0x80, 0xaf, 0xc0, 0xd0, 0x80,
  0xaf, 0xc1, 0xd1, 0x80, 0xaf, 0xc1, 0xd1, 0x80, 0xaf, 0xc1, 0xd1, 0x7e,
  0xb6, 0xc8, 0xd9, 0x80, 0xaf, 0xc0, 0xd0, 0x64, 0xaa, 0xc6, 0xd4, 0x09,
  0x00, 0x00, 0x00, 0x00, 0xff, 0xff, 0xff, 0x00, 0x00, 0x00, 0x00, 0x00,
  0x00, 0x00, 0x00, 0x00, 0x00, 0x00, 0x00, 0x00, 0x00, 0x00, 0x00, 0x00,
  0xbf, 0xbf, 0xff, 0x02, 0x00, 0x00, 0x00, 0x00, 0xaf, 0xc1, 0xd1, 0x61,
  0xb9, 0xcc, 0xdd, 0x80, 0xaf, 0xc1, 0xd1, 0x7e, 0xb0, 0xc2, 0xd2, 0x80,
  0x50, 0x59, 0x65, 0x80, 0x15, 0x17, 0x22, 0x80, 0x20, 0x24, 0x2f, 0x80,
  0x9c, 0xad, 0xbc, 0x80, 0xb2, 0xc4, 0xd4, 0x80, 0xaf, 0xc0, 0xd0, 0x80,
  0xaf, 0xc1, 0xd1, 0x80, 0xaf, 0xc1, 0xd1, 0x80, 0xaf, 0xc1, 0xd1, 0x7e,
  0xb6, 0xc9, 0xd9, 0x80, 0xaf, 0xc0, 0xd0, 0x64, 0xaa, 0xb8, 0xd4, 0x09,
  0x00, 0x00, 0x00, 0x00, 0xff, 0xff, 0xff, 0x00, 0x00, 0x00, 0x00, 0x00,
  0x00, 0x00, 0x00, 0x00, 0x00, 0x00, 0x00, 0x00, 0x00, 0x00, 0x00, 0x00,
  0xbf, 0xbf, 0xbf, 0x02, 0x00, 0x00, 0x00, 0x00, 0xaf, 0xc1, 0xd1, 0x5b,
  0xb8, 0xcb, 0xdc, 0x80, 0xae, 0xc0, 0xd0, 0x7e, 0xb1, 0xc3, 0xd3, 0x80,
  0xa7, 0xb8, 0xc8, 0x80, 0x45, 0x4c, 0x58, 0x80, 0x1c, 0x1f, 0x29, 0x80,
  0x9d, 0xae, 0xbd, 0x80, 0xb2, 0xc4, 0xd4, 0x80, 0xaf, 0xc0, 0xd0, 0x80,
  0xaf, 0xc1, 0xd1, 0x80, 0xae, 0xc0, 0xd0, 0x7f, 0xb0, 0xc2, 0xd2, 0x80,
  0xaf, 0xc1, 0xd1, 0x7b, 0xb1, 0xc2, 0xd4, 0x24, 0x00, 0x00, 0x00, 0x00,
  0x7f, 0xbf, 0xbf, 0x02, 0x00, 0x00, 0x00, 0x00, 0x00, 0x00, 0x00, 0x00,
  0x00, 0x00, 0x00, 0x00, 0x00, 0x00, 0x00, 0x00, 0x00, 0x00, 0x00, 0x00,
  0x7f, 0xbf, 0xbf, 0x02, 0x00, 0x00, 0x00, 0x00, 0xaf, 0xc0, 0xd0, 0x50,
  0xb6, 0xc9, 0xd9, 0x80, 0xaf, 0xc1, 0xd0, 0x7e, 0xaf, 0xc0, 0xd0, 0x80,
  0xaf, 0xc1, 0xd1, 0x80, 0xad, 0xbf, 0xcf, 0x80, 0x4a, 0x51, 0x5d, 0x80,
  0x97, 0xa7, 0xb6, 0x80, 0xb3, 0xc5, 0xd5, 0x80, 0xaf, 0xc0, 0xd0, 0x80,
  0xaf, 0xc1, 0xd1, 0x80, 0xaf, 0xc1, 0xd1, 0x7e, 0xb5, 0xc8, 0xd8, 0x80,
  0xae, 0xc1, 0xd2, 0x52, 0x00, 0x00, 0x00, 0x00, 0x7f, 0x7f, 0x7f, 0x01,
  0x00, 0x00, 0x00, 0x00, 0x00, 0x00, 0x00, 0x00, 0x00, 0x00, 0x00, 0x00,
  0x00, 0x00, 0x00, 0x00, 0x00, 0x00, 0x00, 0x00, 0x00, 0x00, 0x00, 0x00,
  0xaa, 0xaa, 0xaa, 0x01, 0x00, 0x00, 0x00, 0x00, 0xaf, 0xbf, 0xd0, 0x3e,
  0xb3, 0xc5, 0xd6, 0x80, 0xae, 0xc0, 0xd0, 0x7f, 0xaf, 0xc1, 0xd1, 0x80,
  0xaf, 0xc1, 0xd1, 0x80, 0xb0, 0xc2, 0xd2, 0x80, 0xa8, 0xb9, 0xc8, 0x80,
  0xa8, 0xb9, 0xc9, 0x80, 0xb0, 0xc2, 0xd2, 0x80, 0xaf, 0xc1, 0xd1, 0x80,
  0xae, 0xc0, 0xd0, 0x7f, 0xb2, 0xc4, 0xd4, 0x80, 0xae, 0xc0, 0xd0, 0x71,
  0xaf, 0xc1, 0xd3, 0x0e, 0x00, 0x00, 0x00, 0x00, 0xff, 0xff, 0xff, 0x00,
  0x00, 0x00, 0x00, 0x00, 0x00, 0x00, 0x00, 0x00, 0x00, 0x00, 0x00, 0x00,
  0x00, 0x00, 0x00, 0x00, 0x00, 0x00, 0x00, 0x00, 0x00, 0x00, 0x00, 0x00,
  0x7f, 0xff, 0xff, 0x01, 0x00, 0x00, 0x00, 0x00, 0xaf, 0xc0, 0xd1, 0x2d,
  0xb0, 0xc2, 0xd2, 0x80, 0xaf, 0xc1, 0xd1, 0x80, 0xaf, 0xc1, 0xd1, 0x80,
  0xaf, 0xc1, 0xd1, 0x80, 0xaf, 0xc1, 0xd1, 0x80, 0xaf, 0xc1, 0xd1, 0x80,
  0xaf, 0xc1, 0xd1, 0x80, 0xaf, 0xc1, 0xd1, 0x80, 0xae, 0xc0, 0xd0, 0x7f,
  0xaf, 0xc1, 0xd1, 0x80, 0xae, 0xc0, 0xd0, 0x7f, 0xae, 0xc0, 0xd1, 0x24,
  0x00, 0x00, 0x00, 0x00, 0x7f, 0x7f, 0xff, 0x01, 0x00, 0x00, 0x00, 0x00,
  0x00, 0x00, 0x00, 0x00, 0x00, 0x00, 0x00, 0x00, 0x00, 0x00, 0x00, 0x00,
  0x00, 0x00, 0x00, 0x00, 0x00, 0x00, 0x00, 0x00, 0x00, 0x00, 0x00, 0x00,
  0xff, 0xff, 0xff, 0x00, 0x00, 0x00, 0x00, 0x00, 0xb0, 0xc2, 0xd0, 0x1b,
  0xaf, 0xc1, 0xd1, 0x7e, 0xb0, 0xc2, 0xd2, 0x80, 0xaf, 0xc1, 0xd1, 0x80,
  0xaf, 0xc1, 0xd1, 0x80, 0xaf, 0xc1, 0xd1, 0x80, 0xaf, 0xc1, 0xd1, 0x80,
  0xaf, 0xc1, 0xd1, 0x80, 0xaf, 0xc1, 0xd1, 0x80, 0xaf, 0xc0, 0xd0, 0x7e,
  0xb8, 0xcb, 0xdc, 0x80, 0xae, 0xc0, 0xcf, 0x49, 0x00, 0x00, 0x00, 0x00,
  0x7f, 0x7f, 0x7f, 0x01, 0x00, 0x00, 0x00, 0x00, 0x00, 0x00, 0x00, 0x00,
  0x00, 0x00, 0x00, 0x00, 0x00, 0x00, 0x00, 0x00, 0x00, 0x00, 0x00, 0x00,
  0x00, 0x00, 0x00, 0x00, 0x00, 0x00, 0x00, 0x00, 0x00, 0x00, 0x00, 0x00,
  0x00, 0x00, 0x00, 0x00, 0x00, 0x00, 0x00, 0x00, 0xbf, 0xbf, 0xff, 0x02,
  0xaf, 0xc1, 0xd1, 0x69, 0xb3, 0xc5, 0xd6, 0x80, 0xae, 0xc0, 0xd0, 0x7f,
  0xaf, 0xc1, 0xd1, 0x80, 0xaf, 0xc1, 0xd1, 0x80, 0xaf, 0xc1, 0xd1, 0x80,
  0xaf, 0xc1, 0xd1, 0x80, 0xaf, 0xc0, 0xd0, 0x7e, 0xb5, 0xc7, 0xd8, 0x80,
  0xaf, 0xc0, 0xd0, 0x6e, 0xaa, 0xbc, 0xcf, 0x0d, 0x00, 0x00, 0x00, 0x00,
  0x7f, 0x7f, 0x7f, 0x01, 0x00, 0x00, 0x00, 0x00, 0x00, 0x00, 0x00, 0x00,
  0x00, 0x00, 0x00, 0x00, 0x00, 0x00, 0x00, 0x00, 0x00, 0x00, 0x00, 0x00,
  0x00, 0x00, 0x00, 0x00, 0x00, 0x00, 0x00, 0x00, 0x00, 0x00, 0x00, 0x00,
  0x00, 0x00, 0x00, 0x00, 0x7f, 0x7f, 0x7f, 0x01, 0x00, 0x00, 0x00, 0x00,
  0xad, 0xbe, 0xcf, 0x35, 0xb9, 0xcc, 0xdd, 0x80, 0xaf, 0xc1, 0xd0, 0x7e,
  0xaf, 0xc1, 0xd1, 0x80, 0xaf, 0xc1, 0xd1, 0x80, 0xaf, 0xc1, 0xd1, 0x80,
  0xaf, 0xc1, 0xd1, 0x80, 0xaf, 0xc1, 0xd1, 0x80, 0xb1, 0xc3, 0xd3, 0x80,
  0xaf, 0xc0, 0xcf, 0x33, 0x00, 0x00, 0x00, 0x00, 0xff, 0xff, 0xff, 0x01,
  0x00, 0x00, 0x00, 0x00, 0x00, 0x00, 0x00, 0x00, 0x00, 0x00, 0x00, 0x00,
  0x00, 0x00, 0x00, 0x00, 0x00, 0x00, 0x00, 0x00, 0x00, 0x00, 0x00, 0x00,
  0x00, 0x00, 0x00, 0x00, 0x00, 0x00, 0x00, 0x00, 0x00, 0x00, 0x00, 0x00,
  0x00, 0x00, 0x00, 0x00, 0x00, 0x00, 0x00, 0x00, 0x00, 0x00, 0x00, 0x00,
  0x00, 0x00, 0x00, 0x00, 0x00, 0x00, 0x00, 0x00, 0x00, 0x00, 0x00, 0x00,
  0x00, 0x00, 0x00, 0x00, 0x00, 0x00, 0x00, 0x00, 0x00, 0x00, 0x00, 0x00,
  0x00, 0x00, 0x00, 0x00, 0x00, 0x00, 0x00, 0x00, 0x00, 0x00, 0x00, 0x00,
  0x00, 0x00, 0x00, 0x00, 0x00, 0x00, 0x00, 0x00, 0x00, 0x00, 0x00, 0x00,
  0x00, 0x00, 0x00, 0x00, 0x00, 0x00, 0x00, 0x00, 0x00, 0x00, 0x00, 0x00,
  0x00, 0x00, 0x00, 0x00, 0x00, 0x00, 0x00, 0x00, 0x00, 0x00, 0x00, 0x00,
  0x00, 0x00, 0x00, 0x00, 0x00, 0x00, 0x00, 0x00, 0x00, 0x00, 0x00, 0x00,
  0x00, 0x00, 0x00, 0x00, 0x00, 0x00, 0x00, 0x00, 0x00, 0x00, 0x00, 0x00,
  0x00, 0x00, 0x00, 0x00, 0x00, 0x00, 0x00, 0x00, 0x00, 0x00, 0x00, 0x00,
  0x00, 0x00, 0x00, 0x00, 0x00, 0x00, 0x00, 0x00, 0x00, 0x00, 0x00, 0x00,
  0x00, 0x00, 0x00, 0x00, 0x00, 0x00, 0x00, 0x00, 0x00, 0x00, 0x00, 0x00,
  0x00, 0x00, 0x00, 0x00, 0x00, 0x00, 0x00, 0x00, 0x00, 0x00, 0x00, 0x00,
  0x00, 0x00, 0x00, 0x00, 0x00, 0x00, 0x00, 0x00, 0x00, 0x00, 0x00, 0x00,
  0x00, 0x00, 0x00, 0x00, 0x00, 0x00, 0x00, 0x00, 0x00, 0x00, 0x00, 0x00,
  0x00, 0x00, 0x00, 0x00, 0x00, 0x00, 0x00, 0x00, 0x00, 0x00, 0x00, 0x00,
  0x00, 0x00, 0x00, 0x00, 0x00, 0x00, 0x00, 0x00, 0x00, 0x00, 0x00, 0x00,
  0x00, 0x00, 0x00, 0x00, 0x00, 0x00, 0x00, 0x00, 0x00, 0x00, 0x00, 0x00,
  0x00, 0x00, 0x00, 0x00, 0x00, 0x00, 0x00, 0x00, 0x00, 0x00, 0x00, 0x00,
  0x00, 0x00, 0x00, 0x00, 0x00, 0x00, 0x00, 0x00, 0x00, 0x00, 0x00, 0x00,
  0x00, 0x00, 0x00, 0x00, 0x00, 0x00, 0x00, 0x00, 0x00, 0x00, 0x00, 0x00,
  0x00, 0x00, 0x00, 0x00, 0x00, 0x00, 0x00, 0x00, 0x00, 0x00, 0x00, 0x00,
  0x00, 0x00, 0x00, 0x00, 0x00, 0x00, 0x00, 0x00, 0x00, 0x00, 0x00, 0x00,
  0x00, 0x00, 0x00, 0x00, 0x00, 0x00, 0x00, 0x00, 0x00, 0x00, 0x00, 0x00,
  0x00, 0x00, 0x00, 0x00, 0x00, 0x00, 0x00, 0x00, 0x00, 0x00, 0x00, 0x00,
  0x00, 0x00, 0x00, 0x00, 0x00, 0x00, 0x00, 0x00, 0x00, 0x00, 0x00, 0x00,
  0x00, 0x00, 0x00, 0x00, 0x00, 0x00, 0x00, 0x00, 0x00, 0x00, 0x00, 0x00,
  0x00, 0x00, 0x00, 0x00, 0x00, 0x00, 0x00, 0x00, 0x00, 0x00, 0x00, 0x00,
  0x00, 0x00, 0x00, 0x00, 0x00, 0x00, 0x00, 0x00, 0x00, 0x00, 0x00, 0x00,
  0x00, 0x00, 0x00, 0x00, 0x00, 0x00, 0x00, 0x00, 0x00, 0x00, 0x00, 0x00,
  0x00, 0x00, 0x00, 0x00, 0x00, 0x00, 0x00, 0x00, 0x00, 0x00, 0x00, 0x00,
  0x00, 0x00, 0x00, 0x00, 0x00, 0x00, 0x00, 0x00, 0x00, 0x00, 0x00, 0x00,
  0x00, 0x00, 0x00, 0x00, 0x00, 0x00, 0x00, 0x00, 0x00, 0x00, 0x00, 0x00,
  0x00, 0x00, 0x00, 0x00, 0x00, 0x00, 0x00, 0x00, 0x00, 0x00, 0x00, 0x00,
  0x00, 0x00, 0x00, 0x00, 0x00, 0x00, 0x00, 0x00, 0x00, 0x00, 0x00, 0x00,
  0x00, 0x00, 0x00, 0x00, 0x00, 0x00, 0x00, 0x00, 0x00, 0x00, 0x00, 0x00,
  0x00, 0x00, 0x00, 0x00, 0x00, 0x00, 0x00, 0x00, 0x00, 0x00, 0x00, 0x00,
  0x00, 0x00, 0x00, 0x00, 0x00, 0x00, 0x00, 0x00, 0x00, 0x00, 0x00, 0x00,
  0x00, 0x00, 0x00, 0x00, 0x00, 0x00, 0x00, 0x00, 0x00, 0x00, 0x00, 0x00,
  0x00, 0x00, 0x00, 0x00, 0x00, 0x00, 0x00, 0x00, 0x00, 0x00, 0x00, 0x00,
  0x00, 0x00, 0x00, 0x00, 0x00, 0x00, 0x00, 0x00, 0x00, 0x00, 0x00, 0x00,
  0x00, 0x00, 0x00, 0x00, 0x00, 0x00, 0x00, 0x00, 0x00, 0x00, 0x00, 0x00,
  0x00, 0x00, 0x00, 0x00, 0x00, 0x00, 0x00, 0x00, 0x00, 0x00, 0x00, 0x00,
  0x00, 0x00, 0x00, 0x00, 0x00, 0x00, 0x00, 0x00, 0x00, 0x00, 0x00, 0x00,
  0x00, 0x00, 0x00, 0x00, 0x00, 0x00, 0x00, 0x00, 0x00, 0x00, 0x00, 0x00,
  0x00, 0x00, 0x00, 0x00, 0x00, 0x00, 0x00, 0x00, 0x00, 0x00, 0x00, 0x00,
  0x00, 0x00, 0x00, 0x00, 0x00, 0x00, 0x00, 0x00, 0x00, 0x00, 0x00, 0x00,
  0x00, 0x00, 0x00, 0x00, 0x00, 0x00, 0x00, 0x00, 0x00, 0x00, 0x00, 0x00,
  0x00, 0x00, 0x00, 0x00, 0x00, 0x00, 0x00, 0x00, 0x00, 0x00, 0x00, 0x00,
  0x00, 0x00, 0x00, 0x00, 0x00, 0x00, 0x00, 0x00, 0x00, 0x00, 0x00, 0x00,
  0x00, 0x00, 0x00, 0x00, 0x00, 0x00, 0x00, 0x00, 0x00, 0x00, 0x00, 0x00,
  0x00, 0x00, 0x00, 0x00, 0x00, 0x00, 0x00, 0x00, 0x00, 0x00, 0x00, 0x00,
  0x00, 0x00, 0x00, 0x00, 0x00, 0x00, 0x00, 0x00, 0x00, 0x00, 0x00, 0x00,
  0x00, 0x00, 0x00, 0x00, 0x00, 0x00, 0x00, 0x00, 0x00, 0x00, 0x00, 0x00,
  0x00, 0x00, 0x00, 0x00, 0x00, 0x00, 0x00, 0x00, 0x00, 0x00, 0x00, 0x00,
  0x00, 0x00, 0x00, 0x00, 0x00, 0x00, 0x00, 0x00, 0x00, 0x00, 0x00, 0x00,
  0x00, 0x00, 0x00, 0x00, 0x00, 0x00, 0x00, 0x00, 0x00, 0x00, 0x00, 0x00,
  0x00, 0x00, 0x00, 0x00, 0x00, 0x00, 0x00, 0x00, 0x00, 0x00, 0x00, 0x00,
  0x00, 0x00, 0x00, 0x00, 0x00, 0x00, 0x00, 0x00, 0x00, 0x00, 0x00, 0x00,
  0x00, 0x00, 0x00, 0x00, 0x00, 0x00, 0x00, 0x00, 0x00, 0x00, 0x00, 0x00,
  0x00, 0x00, 0x00, 0x00, 0x00, 0x00, 0x00, 0x00, 0x00, 0x00, 0x00, 0x00,
  0x00, 0x00, 0x00, 0x00, 0x00, 0x00, 0x00, 0x00, 0x00, 0x00, 0x00, 0x00,
  0x00, 0x00, 0x00, 0x00, 0x00, 0x00, 0x00, 0x00, 0x00, 0x00, 0x00, 0x00,
};

static unsigned char sprite_right_data[] = {
  0x00, 0x00, 0x00, 0x00, 0x00, 0x00, 0x00, 0x00, 0x00, 0x00, 0x00, 0x00,
  0x00, 0x00, 0x00, 0x00, 0x00, 0x00, 0x00, 0x00, 0x00, 0x00, 0x00, 0x00,
  0x00, 0x00, 0x00, 0x00, 0x00, 0x00, 0x00, 0x00, 0x00, 0x00, 0x00, 0x00,
  0x00, 0x00, 0x00, 0x00, 0x00, 0x00, 0x00, 0x00, 0x00, 0x00, 0x00, 0x00,
  0x00, 0x00, 0x00, 0x00, 0x00, 0x00, 0x00, 0x00, 0x00, 0x00, 0x00, 0x00,
  0x00, 0x00, 0x00, 0x00, 0x00, 0x00, 0x00, 0x00, 0x00, 0x00, 0x00, 0x00,
  0x00, 0x00, 0x00, 0x00, 0x00, 0x00, 0x00, 0x00, 0x00, 0x00, 0x00, 0x00,
  0x00, 0x00, 0x00, 0x00, 0x00, 0x00, 0x00, 0x00, 0x00, 0x00, 0x00, 0x00,
  0x00, 0x00, 0x00, 0x00, 0x00, 0x00, 0x00, 0x00, 0x00, 0x00, 0x00, 0x00,
  0x00, 0x00, 0x00, 0x00, 0x00, 0x00, 0x00, 0x00, 0x00, 0x00, 0x00, 0x00,
  0x00, 0x00, 0x00, 0x00, 0x00, 0x00, 0x00, 0x00, 0x00, 0x00, 0x00, 0x00,
  0x00, 0x00, 0x00, 0x00, 0x00, 0x00, 0x00, 0x00, 0x00, 0x00, 0x00, 0x00,
  0x00, 0x00, 0x00, 0x00, 0x00, 0x00, 0x00, 0x00, 0x00, 0x00, 0x00, 0x00,
  0x00, 0x00, 0x00, 0x00, 0x00, 0x00, 0x00, 0x00, 0x00, 0x00, 0x00, 0x00,
  0x00, 0x00, 0x00, 0x00, 0x00, 0x00, 0x00, 0x00, 0x00, 0x00, 0x00, 0x00,
  0x00, 0x00, 0x00, 0x00, 0x00, 0x00, 0x00, 0x00, 0x00, 0x00, 0x00, 0x00,
  0x00, 0x00, 0x00, 0x00, 0x00, 0x00, 0x00, 0x00, 0x00, 0x00, 0x00, 0x00,
  0x00, 0x00, 0x00, 0x00, 0x00, 0x00, 0x00, 0x00, 0x00, 0x00, 0x00, 0x00,
  0x00, 0x00, 0x00, 0x00, 0x00, 0x00, 0x00, 0x00, 0x00, 0x00, 0x00, 0x00,
  0x00, 0x00, 0x00, 0x00, 0x00, 0x00, 0x00, 0x00, 0x00, 0x00, 0x00, 0x00,
  0x00, 0x00, 0x00, 0x00, 0x00, 0x00, 0x00, 0x00, 0x00, 0x00, 0x00, 0x00,
  0x00, 0x00, 0x00, 0x00, 0x00, 0x00, 0x00, 0x00, 0x00, 0x00, 0x00, 0x00,
  0x00, 0x00, 0x00, 0x00, 0x00, 0x00, 0x00, 0x00, 0x00, 0x00, 0x00, 0x00,
  0x00, 0x00, 0x00, 0x00, 0x00, 0x00, 0x00, 0x00, 0x00, 0x00, 0x00, 0x00,
  0x00, 0x00, 0x00, 0x00, 0x00, 0x00, 0x00, 0x00, 0x00, 0x00, 0x00, 0x00,
  0x00, 0x00, 0x00, 0x00, 0x00, 0x00, 0x00, 0x00, 0x00, 0x00, 0x00, 0x00,
  0x00, 0x00, 0x00, 0x00, 0x00, 0x00, 0x00, 0x00, 0x00, 0x00, 0x00, 0x00,
  0x00, 0x00, 0x00, 0x00, 0x00, 0x00, 0x00, 0x00, 0x00, 0x00, 0x00, 0x00,
  0x00, 0x00, 0x00, 0x00, 0x00, 0x00, 0x00, 0x00, 0x00, 0x00, 0x00, 0x00,
  0x00, 0x00, 0x00, 0x00, 0x00, 0x00, 0x00, 0x00, 0x00, 0x00, 0x00, 0x00,
  0x00, 0x00, 0x00, 0x00, 0x00, 0x00, 0x00, 0x00, 0x00, 0x00, 0x00, 0x00,
  0x00, 0x00, 0x00, 0x00, 0x00, 0x00, 0x00, 0x00, 0x00, 0x00, 0x00, 0x00,
  0x00, 0x00, 0x00, 0x00, 0x00, 0x00, 0x00, 0x00, 0x00, 0x00, 0x00, 0x00,
  0x00, 0x00, 0x00, 0x00, 0x00, 0x00, 0x00, 0x00, 0x00, 0x00, 0x00, 0x00,
  0x00, 0x00, 0x00, 0x00, 0x00, 0x00, 0x00, 0x00, 0x00, 0x00, 0x00, 0x00,
  0x00, 0x00, 0x00, 0x00, 0x00, 0x00, 0x00, 0x00, 0x00, 0x00, 0x00, 0x00,
  0x00, 0x00, 0x00, 0x00, 0x00, 0x00, 0x00, 0x00, 0x00, 0x00, 0x00, 0x00,
  0x00, 0x00, 0x00, 0x00, 0x00, 0x00, 0x00, 0x00, 0x00, 0x00, 0x00, 0x00,
  0x00, 0x00, 0x00, 0x00, 0x00, 0x00, 0x00, 0x00, 0x00, 0x00, 0x00, 0x00,
  0x00, 0x00, 0x00, 0x00, 0x00, 0x00, 0x00, 0x00, 0x00, 0x00, 0x00, 0x00,
  0x00, 0x00, 0x00, 0x00, 0x00, 0x00, 0x00, 0x00, 0x00, 0x00, 0x00, 0x00,
  0x00, 0x00, 0x00, 0x00, 0x00, 0x00, 0x00, 0x00, 0x00, 0x00, 0x00, 0x00,
  0x00, 0x00, 0x00, 0x00, 0x00, 0x00, 0x00, 0x00, 0x00, 0x00, 0x00, 0x00,
  0x00, 0x00, 0x00, 0x00, 0x00, 0x00, 0x00, 0x00, 0x00, 0x00, 0x00, 0x00,
  0x00, 0x00, 0x00, 0x00, 0x00, 0x00, 0x00, 0x00, 0x00, 0x00, 0x00, 0x00,
  0x00, 0x00, 0x00, 0x00, 0x00, 0x00, 0x00, 0x00, 0x00, 0x00, 0x00, 0x00,
  0x00, 0x00, 0x00, 0x00, 0x00, 0x00, 0x00, 0x00, 0x00, 0x00, 0x00, 0x00,
  0x00, 0x00, 0x00, 0x00, 0x00, 0x00, 0x00, 0x00, 0x00, 0x00, 0x00, 0x00,
  0x00, 0x00, 0x00, 0x00, 0x00, 0x00, 0x00, 0x00, 0x00, 0x00, 0x00, 0x00,
  0x00, 0x00, 0x00, 0x00, 0x00, 0x00, 0x00, 0x00, 0x00, 0x00, 0x00, 0x00,
  0x00, 0x00, 0x00, 0x00, 0x00, 0x00, 0x00, 0x00, 0x00, 0x00, 0x00, 0x00,
  0x00, 0x00, 0x00, 0x00, 0x00, 0x00, 0x00, 0x00, 0x00, 0x00, 0x00, 0x00,
  0x00, 0x00, 0x00, 0x00, 0x00, 0x00, 0x00, 0x00, 0x00, 0x00, 0x00, 0x00,
  0x00, 0x00, 0x00, 0x00, 0x00, 0x00, 0x00, 0x00, 0x00, 0x00, 0x00, 0x00,
  0x00, 0x00, 0x00, 0x00, 0x00, 0x00, 0x00, 0x00, 0x00, 0x00, 0x00, 0x00,
  0x00, 0x00, 0x00, 0x00, 0x00, 0x00, 0x00, 0x00, 0x00, 0x00, 0x00, 0x00,
  0x00, 0x00, 0x00, 0x00, 0x00, 0x00, 0x00, 0x00, 0x00, 0x00, 0x00, 0x00,
  0x00, 0x00, 0x00, 0x00, 0x00, 0x00, 0x00, 0x00, 0x00, 0x00, 0x00, 0x00,
  0x00, 0x00, 0x00, 0x00, 0x00, 0x00, 0x00, 0x00, 0x00, 0x00, 0x00, 0x00,
  0x00, 0x00, 0x00, 0x00, 0x00, 0x00, 0x00, 0x00, 0x00, 0x00, 0x00, 0x00,
  0x00, 0x00, 0x00, 0x00, 0x00, 0x00, 0x00, 0x00, 0x00, 0x00, 0x00, 0x00,
  0x00, 0x00, 0x00, 0x00, 0x00, 0x00, 0x00, 0x00, 0x00, 0x00, 0x00, 0x00,
  0x00, 0x00, 0x00, 0x00, 0x00, 0x00, 0x00, 0x00, 0x00, 0x00, 0x00, 0x00,
  0x00, 0x00, 0x00, 0x00, 0x00, 0x00, 0x00, 0x00, 0x00, 0x00, 0x00, 0x00,
  0x00, 0x00, 0x00, 0x00, 0x00, 0x00, 0x00, 0x00, 0x00, 0x00, 0x00, 0x00,
  0x00, 0x00, 0x00, 0x00, 0x00, 0x00, 0x00, 0x00, 0x00, 0x00, 0x00, 0x00,
  0x00, 0x00, 0x00, 0x00, 0x00, 0x00, 0x00, 0x00, 0x00, 0x00, 0x00, 0x00,
  0xaf, 0xc1, 0xd2, 0x4c, 0xb7, 0xc9, 0xda, 0x80, 0xae, 0xc0, 0xd0, 0x7e,
  0xaf, 0xc1, 0xd1, 0x80, 0xaf, 0xc1, 0xd1, 0x80, 0xaf, 0xc1, 0xd1, 0x80,
  0xaf, 0xc1, 0xd1, 0x80, 0xb0, 0xc2, 0xd2, 0x80, 0xaf, 0xc1, 0xd1, 0x7e,
  0xab, 0xc2, 0xd0, 0x1b, 0x00, 0x00, 0x00, 0x00, 0xff, 0xff, 0xff, 0x00,
  0x00, 0x00, 0x00, 0x00, 0x00, 0x00, 0x00, 0x00, 0x00, 0x00, 0x00, 0x00,
  0x00, 0x00, 0x00, 0x00, 0x00, 0x00, 0x00, 0x00, 0x00, 0x00, 0x00, 0x00,
  0x00, 0x00, 0x00, 0x00, 0x00, 0x00, 0x00, 0x00, 0x00, 0x00, 0x00, 0x00,
  0x7f, 0x7f, 0x7f, 0x01, 0x00, 0x00, 0x00, 0x00, 0xaf, 0xbe, 0xd1, 0x21,
  0xae, 0xc0, 0xd0, 0x7f, 0xb0, 0xc2, 0xd2, 0x80, 0xaf, 0xc1, 0xd1, 0x80,
  0xaf, 0xc1, 0xd1, 0x80, 0xaf, 0xc1, 0xd1, 0x80, 0xaf, 0xc1, 0xd1, 0x80,
  0xaf, 0xc1, 0xd1, 0x80, 0xaf, 0xc1, 0xd0, 0x7e, 0xb6, 0xc9, 0xd9, 0x80,
  0xaf, 0xc0, 0xd0, 0x50, 0x00, 0x00, 0x00, 0x00, 0x7f, 0xbf, 0xbf, 0x02,
  0x00, 0x00, 0x00, 0x00, 0x00, 0x00, 0x00, 0x00, 0x00, 0x00, 0x00, 0x00,
  0x00, 0x00, 0x00, 0x00, 0x00, 0x00, 0x00, 0x00, 0x00, 0x00, 0x00, 0x00,
  0x00, 0x00, 0x00, 0x00, 0x00, 0x00, 0x00, 0x00, 0xff, 0xff, 0xff, 0x00,
  0x00, 0x00, 0x00, 0x00, 0xc6, 0xc6, 0xe2, 0x04, 0xaf, 0xc1, 0xd0, 0x63,
  0xb5, 0xc8, 0xd9, 0x80, 0xaf, 0xc0, 0xd0, 0x7e, 0xaf, 0xc1, 0xd1, 0x80,
  0xaf, 0xc1, 0xd1, 0x80, 0xaf, 0xc1, 0xd1, 0x80, 0xaf, 0xc1, 0xd1, 0x80,
  0xaf, 0xc1, 0xd1, 0x80, 0xae, 0xc0, 0xd0, 0x7e, 0xb5, 0xc8, 0xd9, 0x80,
  0xae, 0xc0, 0xd0, 0x6c, 0xaa, 0xb8, 0xc6, 0x09, 0x00, 0x00, 0x00, 0x00,
  0xff, 0xff, 0xff, 0x00, 0x00, 0x00, 0x00, 0x00, 0x00, 0x00, 0x00, 0x00,
  0x00, 0x00, 0x00, 0x00, 0x00, 0x00, 0x00, 0x00, 0x00, 0x00, 0x00, 0x00,
  0x00, 0x00, 0x00, 0x00, 0x00, 0x00, 0x00, 0x00, 0xaa, 0xaa, 0xaa, 0x01,
  0x00, 0x00, 0x00, 0x00, 0xaf, 0xc1, 0xd1, 0x40, 0xb6, 0xc9, 0xd9, 0x80,
  0xaf, 0xc1, 0xd1, 0x7e, 0xaf, 0xc1, 0xd1, 0x80, 0xaf, 0xc1, 0xd1, 0x80,
  0xaf, 0xc1, 0xd1, 0x80, 0xaf, 0xc1, 0xd1, 0x80, 0xaf, 0xc1, 0xd1, 0x80,
  0xaf, 0xc1, 0xd1, 0x80, 0xaf, 0xc1, 0xd1, 0x7e, 0xb3, 0xc5, 0xd6, 0x80,
  0xae, 0xc0, 0xd0, 0x74, 0xaf, 0xc0, 0xd1, 0x16, 0x00, 0x00, 0x00, 0x00,
  0xaa, 0xaa, 0xaa, 0x01, 0x00, 0x00, 0x00, 0x00, 0x00, 0x00, 0x00, 0x00,
  0x00, 0x00, 0x00, 0x00, 0x00, 0x00, 0x00, 0x00, 0x00, 0x00, 0x00, 0x00,
  0x00, 0x00, 0x00, 0x00, 0x7f, 0x7f, 0xff, 0x01, 0x00, 0x00, 0x00, 0x00,
  0xae, 0xc0, 0xd1, 0x24, 0xae, 0xc0, 0xd0, 0x7f, 0xaf, 0xc1, 0xd1, 0x80,
  0xae, 0xc0, 0xd0, 0x7f, 0xaf, 0xc1, 0xd1, 0x80, 0xaf, 0xc1, 0xd1, 0x80,
  0xa5, 0xb6, 0xc6, 0x80, 0xaa, 0xbc, 0xcc, 0x80, 0xb0, 0xc2, 0xd2, 0x80,
  0xaf, 0xc1, 0xd1, 0x80, 0xae, 0xc0, 0xd0, 0x7f, 0xb0, 0xc2, 0xd3, 0x80,
  0xaf, 0xc1, 0xd1, 0x7b, 0xb1, 0xc2, 0xd0, 0x24, 0x00, 0x00, 0x00, 0x00,
  0x7f, 0xbf, 0xbf, 0x02, 0x00, 0x00, 0x00, 0x00, 0x00, 0x00, 0x00, 0x00,
  0x00, 0x00, 0x00, 0x00, 0x00, 0x00, 0x00, 0x00, 0x00, 0x00, 0x00, 0x00,
  0x00, 0x00, 0x00, 0x00, 0x00, 0x00, 0x00, 0x00, 0xaf, 0xbf, 0xcf, 0x08,
  0xae, 0xc0, 0xd1, 0x6a, 0xb3, 0xc5, 0xd6, 0x80, 0xae, 0xc0, 0xd0, 0x7f,
  0xaf, 0xc1, 0xd1, 0x80, 0xae, 0xc0, 0xd0, 0x80, 0xb7, 0xca, 0xda, 0x80,
  0x79, 0x86, 0x94, 0x80, 0x5b, 0x65, 0x72, 0x80, 0xb7, 0xca, 0xda, 0x80,
  0xae, 0xbf, 0xcf, 0x80, 0xae, 0xc0, 0xd0, 0x7f, 0xaf, 0xc0, 0xd0, 0x7e,
  0xb5, 0xc7, 0xd8, 0x80, 0xaf, 0xc1, 0xd1, 0x32, 0x00, 0x00, 0x00, 0x00,
  0x99, 0xcc, 0xcc, 0x02, 0x00, 0x00, 0x00, 0x00, 0x00, 0x00, 0x00, 0x00,
  0x00, 0x00, 0x00, 0x00, 0x00, 0x00, 0x00, 0x00, 0x00, 0x00, 0x00, 0x00,
  0xaa, 0xaa, 0xaa, 0x01, 0x00, 0x00, 0x00, 0x00, 0xae, 0xc0, 0xd0, 0x3f,
  0xb3, 0xc5, 0xd6, 0x80, 0xae, 0xc0, 0xd0, 0x7f, 0xaf, 0xc1, 0xd1, 0x80,
  0xaf, 0xc1, 0xd1, 0x80, 0xae, 0xc0, 0xd0, 0x80, 0xb6, 0xc9, 0xd9, 0x80,
  0x7f, 0x8d, 0x9b, 0x80, 0x10, 0x12, 0x1d, 0x80, 0x62, 0x6d, 0x7a, 0x80,
  0xb1, 0xc3, 0xd3, 0x80, 0xaf, 0xc1, 0xd1, 0x80, 0xaf, 0xc0, 0xd1, 0x7d,
  0xbc, 0xcf, 0xe0, 0x80, 0xaf, 0xc2, 0xd1, 0x3b, 0x00, 0x00, 0x00, 0x00,
  0xcc, 0xcc, 0xcc, 0x02, 0x00, 0x00, 0x00, 0x00, 0x00, 0x00, 0x00, 0x00,
  0x00, 0x00, 0x00, 0x00, 0x00, 0x00, 0x00, 0x00, 0xaa, 0xaa, 0xaa, 0x01,
  0x00, 0x00, 0x00, 0x00, 0xae, 0xc1, 0xd4, 0x1b, 0xaf, 0xc1, 0xd0, 0x76,
  0xb2, 0xc4, 0xd4, 0x80, 0xae, 0xc0, 0xd0, 0x7f, 0xaf, 0xc1, 0xd1, 0x80,
  0xaf, 0xc1, 0xd1, 0x80, 0xae, 0xc0, 0xd0, 0x80, 0xb6, 0xc8, 0xd9, 0x80,
  0x7f, 0x8c, 0x9a, 0x80, 0x12, 0x14, 0x1f, 0x80, 0x1c, 0x1f, 0x2a, 0x80,
  0x6d, 0x78, 0x87, 0x80, 0xb6, 0xc9, 0xd9, 0x80, 0xae, 0xbf, 0xcf, 0x7c,
  0xbf, 0xd3, 0xe5, 0x80, 0xaf, 0xc1, 0xd1, 0x40, 0x00, 0x00, 0x00, 0x00,
  0xaa, 0xaa, 0xd4, 0x03, 0x00, 0x00, 0x00, 0x00, 0x00, 0x00, 0x00, 0x00,
  0x00, 0x00, 0x00, 0x00, 0x00, 0x00, 0x00, 0x00, 0xaa, 0xaa, 0xaa, 0x01,
  0x00, 0x00, 0x00, 0x00, 0xae, 0xc1, 0xd4, 0x1b, 0xaf, 0xc0, 0xd0, 0x76,
  0xb2, 0xc4, 0xd4, 0x80, 0xaf, 0xc1, 0xd1, 0x7e, 0xaf, 0xc1, 0xd1, 0x80,
  0xaf, 0xc1, 0xd1, 0x80, 0xae, 0xc0, 0xd0, 0x80, 0xb6, 0xc8, 0xd9, 0x80,
  0x7f, 0x8c, 0x9a, 0x80, 0x12, 0x14, 0x1f, 0x80, 0x1c, 0x1f, 0x2a, 0x80,
  0x6b, 0x76, 0x83, 0x80, 0xb1, 0xc3, 0xd3, 0x80, 0xaf, 0xc0, 0xd0, 0x7c,
  0xbf, 0xd3, 0xe4, 0x80, 0xaf, 0xc1, 0xd1, 0x40, 0x00, 0x00, 0x00, 0x00,
  0xaa, 0xaa, 0xd4, 0x03, 0x00, 0x00, 0x00, 0x00, 0x00, 0x00, 0x00, 0x00,
  0x00, 0x00, 0x00, 0x00, 0x00, 0x00, 0x00, 0x00, 0x00, 0x00, 0x00, 0x00,
  0xaa, 0xaa, 0xaa, 0x01, 0x00, 0x00, 0x00, 0x00, 0xae, 0xc0, 0xd0, 0x3f,
  0xb3, 0xc5, 0xd6, 0x80, 0xae, 0xc0, 0xd0, 0x7f, 0xaf, 0xc1, 0xd1, 0x80,
  0xaf, 0xc1, 0xd1, 0x80, 0xae, 0xc0, 0xd0, 0x80, 0xb6, 0xc9, 0xd9, 0x80,
  0x7f, 0x8d, 0x9b, 0x80, 0x11, 0x12, 0x1d, 0x80, 0x63, 0x6d, 0x7a, 0x80,
  0xb1, 0xc3, 0xd3, 0x80, 0xaf, 0xc1, 0xd1, 0x80, 0xaf, 0xc0, 0xd1, 0x7d,
  0xbc, 0xcf, 0xe0, 0x80, 0xaf, 0xc2, 0xd1, 0x3b, 0x00, 0x00, 0x00, 0x00,
  0xcc, 0xcc, 0xcc, 0x02, 0x00, 0x00, 0x00, 0x00, 0x00, 0x00, 0x00, 0x00,
  0x00, 0x00, 0x00, 0x00, 0x00, 0x00, 0x00, 0x00, 0x00, 0x00, 0x00, 0x00,
  0x00, 0x00, 0x00, 0x00, 0x00, 0x00, 0x00, 0x00, 0xaf, 0xbf, 0xcf, 0x08,
  0xae, 0xc0, 0xd1, 0x6a, 0xb3, 0xc5, 0xd6, 0x80, 0xae, 0xc0, 0xd0, 0x7f,
  0xaf, 0xc1, 0xd1, 0x80, 0xae, 0xc0, 0xd0, 0x80, 0xb7, 0xca, 0xda, 0x80,
  0x79, 0x86, 0x94, 0x80, 0x5c, 0x65, 0x72, 0x80, 0xb7, 0xca, 0xda, 0x80,
  0xae, 0xbf, 0xcf, 0x80, 0xae, 0xc0, 0xd0, 0x7f, 0xaf, 0xc0, 0xd0, 0x7e,
  0xb5, 0xc7, 0xd8, 0x80, 0xaf, 0xc1, 0xd1, 0x32, 0x00, 0x00, 0x00, 0x00,
  0x99, 0xcc, 0xcc, 0x02, 0x00, 0x00, 0x00, 0x00, 0x00, 0x00, 0x00, 0x00,
  0x00, 0x00, 0x00, 0x00, 0x00, 0x00, 0x00, 0x00, 0x00, 0x00, 0x00, 0x00,
  0x00, 0x00, 0x00, 0x00, 0x7f, 0x7f, 0xff, 0x01, 0x00, 0x00, 0x00, 0x00,
  0xae, 0xc0, 0xd1, 0x24, 0xae, 0xc0, 0xd0, 0x7f, 0xaf, 0xc1, 0xd1, 0x80,
  0xae, 0xc0, 0xd0, 0x7f, 0xaf, 0xc1, 0xd1, 0x80, 0xaf, 0xc1, 0xd1, 0x80,
  0xa5, 0xb6, 0xc6, 0x80, 0xaa, 0xbc, 0xcc, 0x80, 0xb0, 0xc2, 0xd2, 0x80,
  0xaf, 0xc1, 0xd1, 0x80, 0xae, 0xc0, 0xd0, 0x7f, 0xaf, 0xc1, 0xd1, 0x80,
  0xae, 0xc0, 0xd0, 0x7e, 0xb0, 0xc0, 0xd2, 0x28, 0x00, 0x00, 0x00, 0x00,
  0xbf, 0xbf, 0xbf, 0x02, 0x00, 0x00, 0x00, 0x00, 0x00, 0x00, 0x00, 0x00,
  0x00, 0x00, 0x00, 0x00, 0x00, 0x00, 0x00, 0x00, 0x00, 0x00, 0x00, 0x00,
  0x00, 0x00, 0x00, 0x00, 0x00, 0x00, 0x00, 0x00, 0xaa, 0xaa, 0xaa, 0x01,
  0x00, 0x00, 0x00, 0x00, 0xaf, 0xc1, 0xd1, 0x40, 0xb6, 0xc9, 0xd9, 0x80,
  0xaf, 0xc1, 0xd1, 0x7e, 0xaf, 0xc1, 0xd1, 0x80, 0xaf, 0xc1, 0xd1, 0x80,
  0xaf, 0xc1, 0xd1, 0x80, 0xaf, 0xc1, 0xd1, 0x80, 0xaf, 0xc1, 0xd1, 0x80,
  0xaf, 0xc1, 0xd1, 0x80, 0xaf, 0xc1, 0xd1, 0x7e, 0xb3, 0xc5, 0xd6, 0x80,
  0xae, 0xc0, 0xd0, 0x74, 0xaf, 0xc0, 0xd1, 0x16, 0x00, 0x00, 0x00, 0x00,
  0xaa, 0xaa, 0xaa, 0x01, 0x00, 0x00, 0x00, 0x00, 0x00, 0x00, 0x00, 0x00,
  0x00, 0x00, 0x00, 0x00, 0x00, 0x00, 0x00, 0x00, 0x00, 0x00, 0x00, 0x00,
  0x00, 0x00, 0x00, 0x00, 0x00, 0x00, 0x00, 0x00, 0xff, 0xff, 0xff, 0x00,
  0x00, 0x00, 0x00, 0x00, 0xc6, 0xc6, 0xe2, 0x04, 0xaf, 0xc1, 0xd0, 0x63,
  0xb5, 0xc8, 0xd9, 0x80, 0xaf, 0xc0, 0xd0, 0x7e, 0xaf, 0xc1, 0xd1, 0x80,
  0xaf, 0xc1, 0xd1, 0x80, 0xaf, 0xc1, 0xd1, 0x80, 0xaf, 0xc1, 0xd1, 0x80,
  0xaf, 0xc1, 0xd1, 0x80, 0xae, 0xc0, 0xd0, 0x7e, 0xb6, 0xc9, 0xda, 0x80,
  0xaf, 0xc0, 0xd1, 0x69, 0xbf, 0xbf, 0xdf, 0x04, 0x00, 0x00, 0x00, 0x00,
  0xff, 0xff, 0xff, 0x00, 0x00, 0x00, 0x00, 0x00, 0x00, 0x00, 0x00, 0x00,
  0x00, 0x00, 0x00, 0x00, 0x00, 0x00, 0x00, 0x00, 0x00, 0x00, 0x00, 0x00,
  0x00, 0x00, 0x00, 0x00, 0x00, 0x00, 0x00, 0x00, 0x00, 0x00, 0x00, 0x00,
  0x7f, 0x7f, 0x7f, 0x01, 0x00, 0x00, 0x00, 0x00, 0xae, 0xbe, 0xce, 0x27,
  0xaf, 0xc1, 0xd1, 0x80, 0xaf, 0xc2, 0xd2, 0x80, 0xaf, 0xc1, 0xd1, 0x80,
  0xaf, 0xc1, 0xd1, 0x80, 0xaf, 0xc1, 0xd1, 0x80, 0xaf, 0xc1, 0xd1, 0x80,
  0xaf, 0xc1, 0xd1, 0x80, 0xae, 0xc0, 0xd0, 0x7e, 0xb7, 0xca, 0xda, 0x80,
  0xae, 0xc0, 0xd1, 0x56, 0x00, 0x00, 0x00, 0x00, 0xbf, 0xbf, 0xbf, 0x02,
  0x00, 0x00, 0x00, 0x00, 0x00, 0x00, 0x00, 0x00, 0x00, 0x00, 0x00, 0x00,
  0x00, 0x00, 0x00, 0x00, 0x00, 0x00, 0x00, 0x00, 0x00, 0x00, 0x00, 0x00,
  0x00, 0x00, 0x00, 0x00, 0x00, 0x00, 0x00, 0x00, 0x00, 0x00, 0x00, 0x00,
  0x00, 0x00, 0x00, 0x00, 0x00, 0x00, 0x00, 0x00, 0x00, 0x00, 0x00, 0x00,
  0xae, 0xc0, 0xd0, 0x47, 0xb7, 0xca, 0xdb, 0x80, 0xaf, 0xc1, 0xd1, 0x7e,
  0xaf, 0xc1, 0xd1, 0x80, 0xaf, 0xc1, 0xd1, 0x80, 0xaf, 0xc1, 0xd1, 0x80,
  0xaf, 0xc1, 0xd1, 0x80, 0xb0, 0xc3, 0xd3, 0x80, 0xae, 0xc0, 0xd0, 0x79,
  0xaa, 0xbd, 0xcc, 0x21, 0x00, 0x00, 0x00, 0x00, 0x7f, 0x7f, 0x7f, 0x01,
  0x00, 0x00, 0x00, 0x00, 0x00, 0x00, 0x00, 0x00, 0x00, 0x00, 0x00, 0x00,
  0x00, 0x00, 0x00, 0x00, 0x00, 0x00, 0x00, 0x00, 0x00, 0x00, 0x00, 0x00,
  0x00, 0x00, 0x00, 0x00, 0x00, 0x00, 0x00, 0x00, 0x00, 0x00, 0x00, 0x00,
  0x00, 0x00, 0x00, 0x00, 0x00, 0x00, 0x00, 0x00, 0x00, 0x00, 0x00, 0x00,
  0x00, 0x00, 0x00, 0x00, 0x00, 0x00, 0x00, 0x00, 0x00, 0x00, 0x00, 0x00,
  0x00, 0x00, 0x00, 0x00, 0x00, 0x00, 0x00, 0x00, 0x00, 0x00, 0x00, 0x00,
  0x00, 0x00, 0x00, 0x00, 0x00, 0x00, 0x00, 0x00, 0x00, 0x00, 0x00, 0x00,
  0x00, 0x00, 0x00, 0x00, 0x00, 0x00, 0x00, 0x00, 0x00, 0x00, 0x00, 0x00,
  0x00, 0x00, 0x00, 0x00, 0x00, 0x00, 0x00, 0x00, 0x00, 0x00, 0x00, 0x00,
  0x00, 0x00, 0x00, 0x00, 0x00, 0x00, 0x00, 0x00, 0x00, 0x00, 0x00, 0x00,
  0x00, 0x00, 0x00, 0x00, 0x00, 0x00, 0x00, 0x00, 0x00, 0x00, 0x00, 0x00,
  0x00, 0x00, 0x00, 0x00, 0x00, 0x00, 0x00, 0x00, 0x00, 0x00, 0x00, 0x00,
  0x00, 0x00, 0x00, 0x00, 0x00, 0x00, 0x00, 0x00, 0x00, 0x00, 0x00, 0x00,
  0x00, 0x00, 0x00, 0x00, 0x00, 0x00, 0x00, 0x00, 0x00, 0x00, 0x00, 0x00,
  0x00, 0x00, 0x00, 0x00, 0x00, 0x00, 0x00, 0x00, 0x00, 0x00, 0x00, 0x00,
  0x00, 0x00, 0x00, 0x00, 0x00, 0x00, 0x00, 0x00, 0x00, 0x00, 0x00, 0x00,
  0x00, 0x00, 0x00, 0x00, 0x00, 0x00, 0x00, 0x00, 0x00, 0x00, 0x00, 0x00,
  0x00, 0x00, 0x00, 0x00, 0x00, 0x00, 0x00, 0x00, 0x00, 0x00, 0x00, 0x00,
  0x00, 0x00, 0x00, 0x00, 0x00, 0x00, 0x00, 0x00, 0x00, 0x00, 0x00, 0x00,
  0x00, 0x00, 0x00, 0x00, 0x00, 0x00, 0x00, 0x00, 0x00, 0x00, 0x00, 0x00,
  0x00, 0x00, 0x00, 0x00, 0x00, 0x00, 0x00, 0x00, 0x00, 0x00, 0x00, 0x00,
  0x00, 0x00, 0x00, 0x00, 0x00, 0x00, 0x00, 0x00, 0x00, 0x00, 0x00, 0x00,
  0x00, 0x00, 0x00, 0x00, 0x00, 0x00, 0x00, 0x00, 0x00, 0x00, 0x00, 0x00,
  0x00, 0x00, 0x00, 0x00, 0x00, 0x00, 0x00, 0x00, 0x00, 0x00, 0x00, 0x00,
  0x00, 0x00, 0x00, 0x00, 0x00, 0x00, 0x00, 0x00, 0x00, 0x00, 0x00, 0x00,
  0x00, 0x00, 0x00, 0x00, 0x00, 0x00, 0x00, 0x00, 0x00, 0x00, 0x00, 0x00,
  0x00, 0x00, 0x00, 0x00, 0x00, 0x00, 0x00, 0x00, 0x00, 0x00, 0x00, 0x00,
  0x00, 0x00, 0x00, 0x00, 0x00, 0x00, 0x00, 0x00, 0x00, 0x00, 0x00, 0x00,
  0x00, 0x00, 0x00, 0x00, 0x00, 0x00, 0x00, 0x00, 0x00, 0x00, 0x00, 0x00,
  0x00, 0x00, 0x00, 0x00, 0x00, 0x00, 0x00, 0x00, 0x00, 0x00, 0x00, 0x00,
  0x00, 0x00, 0x00, 0x00, 0x00, 0x00, 0x00, 0x00, 0x00, 0x00, 0x00, 0x00,
  0x00, 0x00, 0x00, 0x00, 0x00, 0x00, 0x00, 0x00, 0x00, 0x00, 0x00, 0x00,
  0x00, 0x00, 0x00, 0x00, 0x00, 0x00, 0x00, 0x00, 0x00, 0x00, 0x00, 0x00,
  0x00, 0x00, 0x00, 0x00, 0x00, 0x00, 0x00, 0x00, 0x00, 0x00, 0x00, 0x00,
  0x00, 0x00, 0x00, 0x00, 0x00, 0x00, 0x00, 0x00, 0x00, 0x00, 0x00, 0x00,
  0x00, 0x00, 0x00, 0x00, 0x00, 0x00, 0x00, 0x00, 0x00, 0x00, 0x00, 0x00,
  0x00, 0x00, 0x00, 0x00, 0x00, 0x00, 0x00, 0x00, 0x00, 0x00, 0x00, 0x00,
  0x00, 0x00, 0x00, 0x00, 0x00, 0x00, 0x00, 0x00, 0x00, 0x00, 0x00, 0x00,
  0x00, 0x00, 0x00, 0x00, 0x00, 0x00, 0x00, 0x00, 0x00, 0x00, 0x00, 0x00,
  0x00, 0x00, 0x00, 0x00, 0x00, 0x00, 0x00, 0x00, 0x00, 0x00, 0x00, 0x00,
  0x00, 0x00, 0x00, 0x00, 0x00, 0x00, 0x00, 0x00, 0x00, 0x00, 0x00, 0x00,
  0x00, 0x00, 0x00, 0x00, 0x00, 0x00, 0x00, 0x00, 0x00, 0x00, 0x00, 0x00,
  0x00, 0x00, 0x00, 0x00, 0x00, 0x00, 0x00, 0x00, 0x00, 0x00, 0x00, 0x00,
  0x00, 0x00, 0x00, 0x00, 0x00, 0x00, 0x00, 0x00, 0x00, 0x00, 0x00, 0x00,
  0x00, 0x00, 0x00, 0x00, 0x00, 0x00, 0x00, 0x00, 0x00, 0x00, 0x00, 0x00,
  0x00, 0x00, 0x00, 0x00, 0x00, 0x00, 0x00, 0x00, 0x00, 0x00, 0x00, 0x00,
  0x00, 0x00, 0x00, 0x00, 0x00, 0x00, 0x00, 0x00, 0x00, 0x00, 0x00, 0x00,
  0x00, 0x00, 0x00, 0x00, 0x00, 0x00, 0x00, 0x00, 0x00, 0x00, 0x00, 0x00,
  0x00, 0x00, 0x00, 0x00, 0x00, 0x00, 0x00, 0x00, 0x00, 0x00, 0x00, 0x00,
  0x00, 0x00, 0x00, 0x00, 0x00, 0x00, 0x00, 0x00, 0x00, 0x00, 0x00, 0x00,
  0x00, 0x00, 0x00, 0x00, 0x00, 0x00, 0x00, 0x00, 0x00, 0x00, 0x00, 0x00,
  0x00, 0x00, 0x00, 0x00, 0x00, 0x00, 0x00, 0x00, 0x00, 0x00, 0x00, 0x00,
  0x00, 0x00, 0x00, 0x00, 0x00, 0x00, 0x00, 0x00, 0x00, 0x00, 0x00, 0x00,
  0x00, 0x00, 0x00, 0x00, 0x00, 0x00, 0x00, 0x00, 0x00, 0x00, 0x00, 0x00,
  0x00, 0x00, 0x00, 0x00, 0x00, 0x00, 0x00, 0x00, 0x00, 0x00, 0x00, 0x00,
  0x00, 0x00, 0x00, 0x00, 0x00, 0x00, 0x00, 0x00, 0x00, 0x00, 0x00, 0x00,
  0x00, 0x00, 0x00, 0x00, 0x00, 0x00, 0x00, 0x00, 0x00, 0x00, 0x00, 0x00,
  0x00, 0x00, 0x00, 0x00, 0x00, 0x00, 0x00, 0x00, 0x00, 0x00, 0x00, 0x00,
  0x00, 0x00, 0x00, 0x00, 0x00, 0x00, 0x00, 0x00, 0x00, 0x00, 0x00, 0x00,
  0x00, 0x00, 0x00, 0x00, 0x00, 0x00, 0x00, 0x00, 0x00, 0x00, 0x00, 0x00,
  0x00, 0x00, 0x00, 0x00, 0x00, 0x00, 0x00, 0x00, 0x00, 0x00, 0x00, 0x00,
  0x00, 0x00, 0x00, 0x00, 0x00, 0x00, 0x00, 0x00, 0x00, 0x00, 0x00, 0x00,
  0x00, 0x00, 0x00, 0x00, 0x00, 0x00, 0x00, 0x00, 0x00, 0x00, 0x00, 0x00,
  0x00, 0x00, 0x00, 0x00, 0x00, 0x00, 0x00, 0x00, 0x00, 0x00, 0x00, 0x00,
  0x00, 0x00, 0x00, 0x00, 0x00, 0x00, 0x00, 0x00, 0x00, 0x00, 0x00, 0x00,
};

static unsigned char sprite_l1_data[] = {
  0xaf, 0xc1, 0xcf, 0x40, 0xb0, 0xc2, 0xd2, 0x80, 0xaf, 0xc0, 0xd0, 0x7f,
  0xaf, 0xc1, 0xd1, 0x80, 0xaf, 0xc1, 0xd1, 0x80, 0xaf, 0xc1, 0xd1, 0x80,
  0xaf, 0xc1, 0xd1, 0x80, 0xaf, 0xc1, 0xd1, 0x80, 0xaf, 0xc1, 0xd1, 0x80,
  0xaf, 0xc1, 0xd1, 0x80, 0xaf, 0xc1, 0xd1, 0x80, 0xaf, 0xc1, 0xd1, 0x80,
  0xaf, 0xc1, 0xd1, 0x80, 0xaf, 0xc1, 0xd1, 0x80, 0xaf, 0xc1, 0xd1, 0x80,
  0xaf, 0xc1, 0xd1, 0x80, 0xaf, 0xc1, 0xd1, 0x80, 0xaf, 0xc1, 0xd1, 0x80,
  0xaf, 0xc1, 0xd1, 0x80, 0xaf, 0xc1, 0xd1, 0x80, 0xae, 0xc0, 0xd0, 0x7f,
  0xb0, 0xc2, 0xd2, 0x80, 0xae, 0xc1, 0xd0, 0x7b, 0xb0, 0xc0, 0xd1, 0x3d,
  0xae, 0xc1, 0xd0, 0x73, 0xb0, 0xc3, 0xd3, 0x80, 0xaf, 0xc1, 0xd1, 0x80,
  0xaf, 0xc1, 0xd1, 0x80, 0xaf, 0xc1, 0xd1, 0x80, 0xaf, 0xc1, 0xd1, 0x80,
  0xaf, 0xc1, 0xd1, 0x80, 0xaf, 0xc1, 0xd1, 0x80, 0xaf, 0xc1, 0xd1, 0x80,
  0xaf, 0xc1, 0xd1, 0x80, 0xaf, 0xc1, 0xd1, 0x80, 0xaf, 0xc1, 0xd1, 0x80,
  0xaf, 0xc1, 0xd1, 0x80, 0xaf, 0xc1, 0xd1, 0x80, 0xaf, 0xc1, 0xd1, 0x80,
  0xaf, 0xc1, 0xd1, 0x80, 0xaf, 0xc1, 0xd1, 0x80, 0xaf, 0xc1, 0xd1, 0x80,
  0xaf, 0xc1, 0xd1, 0x80, 0xaf, 0xc1, 0xd1, 0x80, 0xaf, 0xc1, 0xd1, 0x80,
  0xaf, 0xc1, 0xd1, 0x80, 0xb0, 0xc2, 0xd2, 0x80, 0xaf, 0xc1, 0xd0, 0x79,
  0xaf, 0xc1, 0xd1, 0x80, 0xaf, 0xc1, 0xd1, 0x80, 0xaf, 0xc1, 0xd1, 0x80,
  0xaf, 0xc1, 0xd1, 0x80, 0xaf, 0xc1, 0xd1, 0x80, 0xaf, 0xc1, 0xd1, 0x80,
  0xaf, 0xc1, 0xd1, 0x80, 0xaf, 0xc1, 0xd1, 0x80, 0xaf, 0xc1, 0xd1, 0x80,
  0xaf, 0xc1, 0xd1, 0x80, 0xaf, 0xc1, 0xd1, 0x80, 0xaf, 0xc1, 0xd1, 0x80,
  0xaf, 0xc1, 0xd1, 0x80, 0xaf, 0xc1, 0xd1, 0x80, 0xaf, 0xc1, 0xd1, 0x80,
  0xaf, 0xc1, 0xd1, 0x80, 0xaf, 0xc1, 0xd1, 0x80, 0xaf, 0xc1, 0xd1, 0x80,
  0xaf, 0xc1, 0xd1, 0x80, 0xaf, 0xc1, 0xd1, 0x80, 0xaf, 0xc1, 0xd1, 0x80,
  0xaf, 0xc1, 0xd1, 0x80, 0xaf, 0xc1, 0xd1, 0x80, 0xaf, 0xc1, 0xd1, 0x80,
  0xaf, 0xc1, 0xd1, 0x80, 0xaf, 0xc1, 0xd1, 0x80, 0xaf, 0xc1, 0xd1, 0x80,
  0xaf, 0xc1, 0xd1, 0x80, 0xaf, 0xc1, 0xd1, 0x80, 0xaf, 0xc1, 0xd1, 0x80,
  0xaf, 0xc1, 0xd1, 0x80, 0xaf, 0xc1, 0xd1, 0x80, 0xaf, 0xc1, 0xd1, 0x80,
  0xaf, 0xc1, 0xd1, 0x80, 0xaf, 0xc1, 0xd1, 0x80, 0xaf, 0xc1, 0xd1, 0x80,
  0xaf, 0xc1, 0xd1, 0x80, 0xaf, 0xc1, 0xd1, 0x80, 0xaf, 0xc1, 0xd1, 0x80,
  0xaf, 0xc1, 0xd1, 0x80, 0xaf, 0xc1, 0xd1, 0x80, 0xaf, 0xc1, 0xd1, 0x80,
  0xaf, 0xc1, 0xd1, 0x80, 0xaf, 0xc1, 0xd1, 0x80, 0xaf, 0xc1, 0xd1, 0x80,
  0xaf, 0xc1, 0xd1, 0x80, 0xaf, 0xc1, 0xd1, 0x80, 0xaf, 0xc1, 0xd1, 0x80,
  0xaf, 0xc1, 0xd1, 0x80, 0xaf, 0xc1, 0xd1, 0x80, 0xaf, 0xc1, 0xd1, 0x80,
  0xaf, 0xc1, 0xd1, 0x80, 0xae, 0xc0, 0xd0, 0x80, 0xb3, 0xc6, 0xd6, 0x80,
  0x94, 0xa3, 0xb1, 0x80, 0x47, 0x50, 0x5c, 0x80, 0x80, 0x8e, 0x9b, 0x80,
  0xb1, 0xc3, 0xd3, 0x80, 0xaf, 0xc1, 0xd1, 0x80, 0xaf, 0xc1, 0xd1, 0x80,
  0xae, 0xc0, 0xd0, 0x80, 0xb3, 0xc5, 0xd6, 0x80, 0x8b, 0x9a, 0xa9, 0x80,
  0x4a, 0x54, 0x5f, 0x80, 0x76, 0x83, 0x90, 0x80, 0xb2, 0xc4, 0xd4, 0x80,
  0xae, 0xc0, 0xd0, 0x80, 0xaf, 0xc1, 0xd1, 0x80, 0xaf, 0xc1, 0xd1, 0x80,
  0xaf, 0xc1, 0xd1, 0x80, 0xaf, 0xc1, 0xd1, 0x80, 0xaf, 0xc1, 0xd1, 0x80,
  0xaf, 0xc1, 0xd1, 0x80, 0xaf, 0xc1, 0xd1, 0x80, 0xaf, 0xc1, 0xd1, 0x80,
  0xaf, 0xc1, 0xd1, 0x80, 0xae, 0xc0, 0xd0, 0x80, 0xb6, 0xc8, 0xd9, 0x80,
  0x80, 0x8e, 0x9c, 0x80, 0x0b, 0x0c, 0x16, 0x80, 0x66, 0x71, 0x7e, 0x80,
  0xb2, 0xc5, 0xd5, 0x80, 0xae, 0xc0, 0xd0, 0x80, 0xae, 0xc0, 0xd0, 0x80,
  0xb3, 0xc5, 0xd5, 0x80, 0x6f, 0x7b, 0x89, 0x80, 0x1f, 0x22, 0x2d, 0x80,
  0x12, 0x14, 0x1f, 0x80, 0x51, 0x59, 0x66, 0x80, 0xb1, 0xc3, 0xd3, 0x80,
  0xaf, 0xc0, 0xd1, 0x80, 0xaf, 0xc1, 0xd1, 0x80, 0xaf, 0xc1, 0xd1, 0x80,
  0xaf, 0xc1, 0xd1, 0x80, 0xaf, 0xc1, 0xd1, 0x80, 0xaf, 0xc1, 0xd1, 0x80,
  0xaf, 0xc1, 0xd1, 0x80, 0xaf, 0xc1, 0xd1, 0x80, 0xaf, 0xc1, 0xd1, 0x80,
  0xaf, 0xc1, 0xd1, 0x80, 0xae, 0xc0, 0xd0, 0x80, 0xb6, 0xc8, 0xd9, 0x80,
  0x80, 0x8e, 0x9c, 0x80, 0x0b, 0x0c, 0x16, 0x80, 0x66, 0x71, 0x7e, 0x80,
  0xb2, 0xc5, 0xd5, 0x80, 0xad, 0xbf, 0xcf, 0x80, 0xb5, 0xc8, 0xd8, 0x80,
  0x95, 0xa5, 0xb4, 0x80, 0x20, 0x23, 0x2f, 0x80, 0x25, 0x28, 0x34, 0x80,
  0x14, 0x16, 0x21, 0x80, 0x50, 0x59, 0x65, 0x80, 0xb1, 0xc3, 0xd3, 0x80,
  0xaf, 0xc0, 0xd1, 0x80, 0xaf, 0xc1, 0xd1, 0x80, 0xaf, 0xc1, 0xd1, 0x80,
  0xaf, 0xc1, 0xd1, 0x80, 0xaf, 0xc1, 0xd1, 0x80, 0xaf, 0xc1, 0xd1, 0x80,
  0xaf, 0xc1, 0xd1, 0x80, 0xaf, 0xc1, 0xd1, 0x80, 0xaf, 0xc1, 0xd1, 0x80,
  0xaf, 0xc1, 0xd1, 0x80, 0xae, 0xc0, 0xd0, 0x80, 0xb6, 0xc8, 0xd9, 0x80,
  0x80, 0x8e, 0x9c, 0x80, 0x0b, 0x0c, 0x16, 0x80, 0x66, 0x71, 0x7e, 0x80,
  0xb2, 0xc5, 0xd5, 0x80, 0xad, 0xbf, 0xcf, 0x80, 0xb7, 0xca, 0xda, 0x80,
  0x8f, 0x9e, 0xad, 0x80, 0x45, 0x4b, 0x58, 0x80, 0x87, 0x94, 0xa3, 0x80,
  0x17, 0x19, 0x24, 0x80, 0x4f, 0x57, 0x63, 0x80, 0xb1, 0xc3, 0xd3, 0x80,
  0xaf, 0xc0, 0xd1, 0x80, 0xaf, 0xc1, 0xd1, 0x80, 0xaf, 0xc1, 0xd1, 0x80,
  0xaf, 0xc1, 0xd1, 0x80, 0xaf, 0xc1, 0xd1, 0x80, 0xaf, 0xc1, 0xd1, 0x80,
  0xaf, 0xc1, 0xd1, 0x80, 0xaf, 0xc1, 0xd1, 0x80, 0xaf, 0xc1, 0xd1, 0x80,
  0xaf, 0xc1, 0xd1, 0x80, 0xae, 0xc0, 0xd0, 0x80, 0xb6, 0xc8, 0xd9, 0x80,
  0x80, 0x8e, 0x9c, 0x80, 0x0b, 0x0c, 0x16, 0x80, 0x66, 0x71, 0x7e, 0x80,
  0xb2, 0xc5, 0xd5, 0x80, 0xae, 0xc0, 0xd0, 0x80, 0xb0, 0xc2, 0xd2, 0x80,
  0xab, 0xbd, 0xcd, 0x80, 0xae, 0xc0, 0xd0, 0x80, 0x92, 0xa1, 0xb1, 0x80,
  0x14, 0x16, 0x21, 0x80, 0x4f, 0x58, 0x64, 0x80, 0xb1, 0xc3, 0xd3, 0x80,
  0xaf, 0xc0, 0xd1, 0x80, 0xaf, 0xc1, 0xd1, 0x80, 0xaf, 0xc1, 0xd1, 0x80,
  0xaf, 0xc1, 0xd1, 0x80, 0xaf, 0xc1, 0xd1, 0x80, 0xaf, 0xc1, 0xd1, 0x80,
  0xaf, 0xc1, 0xd1, 0x80, 0xaf, 0xc1, 0xd1, 0x80, 0xaf, 0xc1, 0xd1, 0x80,
  0xaf, 0xc1, 0xd1, 0x80, 0xae, 0xc0, 0xd0, 0x80, 0xb6, 0xc8, 0xd9, 0x80,
  0x80, 0x8e, 0x9c, 0x80, 0x0b, 0x0c, 0x16, 0x80, 0x66, 0x71, 0x7e, 0x80,
  0xb2, 0xc5, 0xd5, 0x80, 0xaf, 0xc1, 0xd0, 0x80, 0xaf, 0xc1, 0xd1, 0x80,
  0xae, 0xc0, 0xd0, 0x80, 0xb3, 0xc5, 0xd6, 0x80, 0x91, 0xa0, 0xaf, 0x80,
  0x14, 0x16, 0x21, 0x80, 0x4f, 0x58, 0x64, 0x80, 0xb1, 0xc3, 0xd3, 0x80,
  0xaf, 0xc0, 0xd1, 0x80, 0xaf, 0xc1, 0xd1, 0x80, 0xaf, 0xc1, 0xd1, 0x80,
  0xaf, 0xc1, 0xd1, 0x80, 0xaf, 0xc1, 0xd1, 0x80, 0xaf, 0xc1, 0xd1, 0x80,
  0xaf, 0xc1, 0xd1, 0x80, 0xaf, 0xc1, 0xd1, 0x80, 0xaf, 0xc1, 0xd1, 0x80,
  0xaf, 0xc1, 0xd1, 0x80, 0xae, 0xc0, 0xd0, 0x80, 0xb6, 0xc8, 0xd9, 0x80,
  0x80, 0x8e, 0x9c, 0x80, 0x0b, 0x0c, 0x16, 0x80, 0x66, 0x71, 0x7e, 0x80,
  0xb2, 0xc5, 0xd5, 0x80, 0xaf, 0xc1, 0xd0, 0x80, 0xaf, 0xc1, 0xd1, 0x80,
  0xae, 0xc0, 0xd0, 0x80, 0xb3, 0xc5, 0xd6, 0x80, 0x91, 0xa0, 0xaf, 0x80,
  0x14, 0x16, 0x21, 0x80, 0x4f, 0x58, 0x64, 0x80, 0xb1, 0xc3, 0xd3, 0x80,
  0xaf, 0xc0, 0xd1, 0x80, 0xaf, 0xc1, 0xd1, 0x80, 0xaf, 0xc1, 0xd1, 0x80,
  0xaf, 0xc1, 0xd1, 0x80, 0xaf, 0xc1, 0xd1, 0x80, 0xaf, 0xc1, 0xd1, 0x80,
  0xaf, 0xc1, 0xd1, 0x80, 0xaf, 0xc1, 0xd1, 0x80, 0xaf, 0xc1, 0xd1, 0x80,
  0xaf, 0xc1, 0xd1, 0x80, 0xae, 0xc0, 0xd0, 0x80, 0xb6, 0xc8, 0xd9, 0x80,
  0x80, 0x8e, 0x9c, 0x80, 0x0b, 0x0c, 0x16, 0x80, 0x66, 0x71, 0x7e, 0x80,
  0xb2, 0xc5, 0xd5, 0x80, 0xaf, 0xc1, 0xd0, 0x80, 0xaf, 0xc1, 0xd1, 0x80,
  0xae, 0xc0, 0xd0, 0x80, 0xb3, 0xc5, 0xd6, 0x80, 0x91, 0xa0, 0xaf, 0x80,
  0x14, 0x16, 0x21, 0x80, 0x4f, 0x58, 0x64, 0x80, 0xb1, 0xc3, 0xd3, 0x80,
  0xaf, 0xc0, 0xd1, 0x80, 0xaf, 0xc1, 0xd1, 0x80, 0xaf, 0xc1, 0xd1, 0x80,
  0xaf, 0xc1, 0xd1, 0x80, 0xaf, 0xc1, 0xd1, 0x80, 0xaf, 0xc1, 0xd1, 0x80,
  0xaf, 0xc1, 0xd1, 0x80, 0xaf, 0xc1, 0xd1, 0x80, 0xaf, 0xc1, 0xd1, 0x80,
  0xaf, 0xc1, 0xd1, 0x80, 0xae, 0xc0, 0xd0, 0x80, 0xb6, 0xc8, 0xd9, 0x80,
  0x80, 0x8e, 0x9c, 0x80, 0x0b, 0x0c, 0x16, 0x80, 0x66, 0x71, 0x7e, 0x80,
  0xb2, 0xc5, 0xd5, 0x80, 0xaf, 0xc1, 0xd0, 0x80, 0xaf, 0xc1, 0xd1, 0x80,
  0xae, 0xc0, 0xd0, 0x80, 0xb3, 0xc5, 0xd6, 0x80, 0x91, 0xa0, 0xaf, 0x80,
  0x14, 0x16, 0x21, 0x80, 0x4f, 0x58, 0x64, 0x80, 0xb1, 0xc3, 0xd3, 0x80,
  0xaf, 0xc0, 0xd1, 0x80, 0xaf, 0xc1, 0xd1, 0x80, 0xaf, 0xc1, 0xd1, 0x80,
  0xaf, 0xc1, 0xd1, 0x80, 0xaf, 0xc1, 0xd1, 0x80, 0xaf, 0xc1, 0xd1, 0x80,
  0xae, 0xc1, 0xd0, 0x73, 0xb0, 0xc3, 0xd3, 0x80, 0xaf, 0xc1, 0xd1, 0x80,
  0xaf, 0xc1, 0xd1, 0x80, 0xae, 0xc0, 0xd0, 0x80, 0xb6, 0xc8, 0xd9, 0x80,
  0x80, 0x8e, 0x9c, 0x80, 0x0b, 0x0c, 0x16, 0x80, 0x66, 0x71, 0x7e, 0x80,
  0xb2, 0xc5, 0xd5, 0x80, 0xaf, 0xc1, 0xd0, 0x80, 0xaf, 0xc1, 0xd1, 0x80,
  0xae, 0xc0, 0xd0, 0x80, 0xb3, 0xc5, 0xd6, 0x80, 0x91, 0xa0, 0xaf, 0x80,
  0x14, 0x16, 0x21, 0x80, 0x4f, 0x58, 0x64, 0x80, 0xb1, 0xc3, 0xd3, 0x80,
  0xaf, 0xc0, 0xd1, 0x80, 0xaf, 0xc1, 0xd1, 0x80, 0xaf, 0xc1, 0xd1, 0x80,
  0xae, 0xc0, 0xd0, 0x7f, 0xb1, 0xc3, 0xd3, 0x80, 0xae, 0xc1, 0xd0, 0x6d,
  0xae, 0xc2, 0xd2, 0x61, 0xb2, 0xc5, 0xd5, 0x80, 0xae, 0xc0, 0xd0, 0x7f,
  0xaf, 0xc1, 0xd1, 0x80, 0xae, 0xc0, 0xd0, 0x80, 0xb6, 0xc8, 0xd9, 0x80,
  0x7f, 0x8c, 0x9a, 0x80, 0x12, 0x14, 0x1f, 0x80, 0x1e, 0x21, 0x2c, 0x80,
  0x1c, 0x1f, 0x2a, 0x80, 0x1c, 0x1f, 0x2a, 0x80, 0x1c, 0x1f, 0x2a, 0x80,
  0x81, 0x8e, 0x9c, 0x80, 0xb8, 0xcb, 0xdb, 0x80, 0x90, 0x9f, 0xae, 0x80,
  0x14, 0x16, 0x21, 0x80, 0x4f, 0x58, 0x64, 0x80, 0xb1, 0xc3, 0xd3, 0x80,
  0xaf, 0xc0, 0xd1, 0x80, 0xaf, 0xc1, 0xd1, 0x80, 0xaf, 0xc1, 0xd1, 0x80,
  0xae, 0xc0, 0xd0, 0x7f, 0xb2, 0xc5, 0xd5, 0x80, 0xae, 0xc1, 0xd0, 0x61,
  0xb0, 0xc1, 0xd1, 0x49, 0xb5, 0xc8, 0xd8, 0x80, 0xae, 0xc0, 0xd0, 0x7e,
  0xaf, 0xc1, 0xd1, 0x80, 0xae, 0xc0, 0xd0, 0x80, 0xb6, 0xc8, 0xd9, 0x80,
  0x7f, 0x8c, 0x9a, 0x80, 0x12, 0x14, 0x1f, 0x80, 0x1e, 0x21, 0x2c, 0x80,
  0x1c, 0x1f, 0x2a, 0x80, 0x1c, 0x1f, 0x2a, 0x80, 0x1c, 0x1f, 0x2a, 0x80,
  0x81, 0x8e, 0x9c, 0x80, 0xb8, 0xcb, 0xdb, 0x80, 0x90, 0x9f, 0xae, 0x80,
  0x14, 0x16, 0x21, 0x80, 0x4f, 0x58, 0x64, 0x80, 0xb1, 0xc3, 0xd3, 0x80,
  0xaf, 0xc0, 0xd1, 0x80, 0xaf, 0xc1, 0xd1, 0x80, 0xaf, 0xc1, 0xd1, 0x80,
  0xae, 0xc0, 0xd0, 0x7e, 0xb6, 0xc9, 0xd9, 0x80, 0xaf, 0xc0, 0xd1, 0x43,
  0xad, 0xc0, 0xce, 0x22, 0xb3, 0xc6, 0xd6, 0x80, 0xaf, 0xc1, 0xd0, 0x7e,
  0xaf, 0xc1, 0xd1, 0x80, 0xaf, 0xc1, 0xd1, 0x80, 0xaf, 0xc1, 0xd1, 0x80,
  0xaf, 0xc1, 0xd1, 0x80, 0xaf, 0xc1, 0xd1, 0x80, 0xaf, 0xc1, 0xd1, 0x80,
  0xaf, 0xc1, 0xd1, 0x80, 0xaf, 0xc1, 0xd1, 0x80, 0xaf, 0xc1, 0xd1, 0x80,
  0xaf, 0xc1, 0xd1, 0x80, 0xaf, 0xc1, 0xd1, 0x80, 0xaf, 0xc1, 0xd1, 0x80,
  0xaf, 0xc1, 0xd1, 0x80, 0xaf, 0xc1, 0xd1, 0x80, 0xaf, 0xc1, 0xd1, 0x80,
  0xaf, 0xc1, 0xd1, 0x80, 0xaf, 0xc1, 0xd1, 0x80, 0xae, 0xc0, 0xd0, 0x7f,
  0xaf, 0xc1, 0xd1, 0x80, 0xaf, 0xc1, 0xd0, 0x7e, 0xaf, 0xc3, 0xd2, 0x19,
  0xff, 0xff, 0xff, 0x01, 0xae, 0xc0, 0xcf, 0x56, 0xba, 0xcd, 0xde, 0x80,
  0xae, 0xc1, 0xd1, 0x7d, 0xaf, 0xc1, 0xd1, 0x80, 0xaf, 0xc1, 0xd1, 0x80,
  0xaf, 0xc1, 0xd1, 0x80, 0xaf, 0xc1, 0xd1, 0x80, 0xaf, 0xc1, 0xd1, 0x80,
  0xaf, 0xc1, 0xd1, 0x80, 0xaf, 0xc1, 0xd1, 0x80, 0xaf, 0xc1, 0xd1, 0x80,
  0xaf, 0xc1, 0xd1, 0x80, 0xaf, 0xc1, 0xd1, 0x80, 0xaf, 0xc1, 0xd1, 0x80,
  0xaf, 0xc1, 0xd1, 0x80, 0xaf, 0xc1, 0xd1, 0x80, 0xaf, 0xc1, 0xd1, 0x80,
  0xaf, 0xc1, 0xd1, 0x80, 0xaf, 0xc1, 0xd1, 0x80, 0xae, 0xc1, 0xd1, 0x7d,
  0xb9, 0xcb, 0xdc, 0x80, 0xae, 0xc0, 0xd1, 0x5a, 0x9f, 0xbf, 0xbf, 0x04,
  0x00, 0x00, 0x00, 0x00, 0xb0, 0xc1, 0xd1, 0x1f, 0xae, 0xc0, 0xd1, 0x79,
  0xb1, 0xc3, 0xd4, 0x80, 0xae, 0xc0, 0xd0, 0x7f, 0xaf, 0xc1, 0xd1, 0x80,
  0xaf, 0xc1, 0xd1, 0x80, 0xaf, 0xc1, 0xd1, 0x80, 0xaf, 0xc1, 0xd1, 0x80,
  0xaf, 0xc1, 0xd1, 0x80, 0xaf, 0xc1, 0xd1, 0x80, 0xaf, 0xc1, 0xd1, 0x80,
  0xaf, 0xc1, 0xd1, 0x80, 0xaf, 0xc1, 0xd1, 0x80, 0xaf, 0xc1, 0xd1, 0x80,
  0xaf, 0xc1, 0xd1, 0x80, 0xaf, 0xc1, 0xd1, 0x80, 0xaf, 0xc1, 0xd1, 0x80,
  0xaf, 0xc1, 0xd1, 0x80, 0xaf, 0xc1, 0xd1, 0x7e, 0xb2, 0xc4, 0xd5, 0x80,
  0xaf, 0xc0, 0xd0, 0x76, 0xad, 0xc0, 0xd3, 0x1a, 0x00, 0x00, 0x00, 0x00,
  0xff, 0xff, 0xff, 0x01, 0x00, 0x00, 0x00, 0x00, 0xaf, 0xc0, 0xd2, 0x33,
  0xb1, 0xc3, 0xd3, 0x80, 0xaf, 0xc1, 0xd1, 0x80, 0xaf, 0xc1, 0xd1, 0x80,
  0xaf, 0xc1, 0xd1, 0x80, 0xaf, 0xc1, 0xd1, 0x80, 0xaf, 0xc1, 0xd1, 0x80,
  0xaf, 0xc1, 0xd1, 0x80, 0xaf, 0xc1, 0xd1, 0x80, 0xaf, 0xc1, 0xd1, 0x80,
  0xaf, 0xc1, 0xd1, 0x80, 0xaf, 0xc1, 0xd1, 0x80, 0xaf, 0xc1, 0xd1, 0x80,
  0xaf, 0xc1, 0xd1, 0x80, 0xaf, 0xc1, 0xd1, 0x80, 0xaf, 0xc1, 0xd1, 0x80,
  0xaf, 0xc1, 0xd1, 0x80, 0xaf, 0xc1, 0xd1, 0x80, 0xb2, 0xc4, 0xd4, 0x80,
  0xb0, 0xc2, 0xd1, 0x38, 0x00, 0x00, 0x00, 0x00, 0xaa, 0xaa, 0xaa, 0x01,
  0x00, 0x00, 0x00, 0x00, 0x00, 0x00, 0x00, 0x00, 0x00, 0x00, 0x00, 0x00,
  0xac, 0xbf, 0xd0, 0x3c, 0xae, 0xc0, 0xd1, 0x7d, 0xb0, 0xc2, 0xd2, 0x80,
  0xae, 0xc0, 0xd0, 0x7f, 0xaf, 0xc1, 0xd1, 0x80, 0xaf, 0xc1, 0xd1, 0x80,
  0xaf, 0xc1, 0xd1, 0x80, 0xaf, 0xc1, 0xd1, 0x80, 0xaf, 0xc1, 0xd1, 0x80,
  0xaf, 0xc1, 0xd1, 0x80, 0xaf, 0xc1, 0xd1, 0x80, 0xaf, 0xc1, 0xd1, 0x80,
  0xaf, 0xc1, 0xd1, 0x80, 0xaf, 0xc1, 0xd1, 0x80, 0xaf, 0xc1, 0xd1, 0x80,
  0xae, 0xc0, 0xd0, 0x7f, 0xb2, 0xc5, 0xd5, 0x80, 0xad, 0xbf, 0xcf, 0x38,
  0x00, 0x00, 0x00, 0x00, 0xff, 0xff, 0xff, 0x00, 0x00, 0x00, 0x00, 0x00,
  0x00, 0x00, 0x00, 0x00, 0x00, 0x00, 0x00, 0x00, 0x7f, 0xff, 0xff, 0x01,
  0x00, 0x00, 0x00, 0x00, 0xaa, 0xbc, 0xce, 0x15, 0xae, 0xbf, 0xd2, 0x52,
  0xaf, 0xc0, 0xd1, 0x73, 0xb0, 0xc3, 0xd3, 0x80, 0xaf, 0xc1, 0xd1, 0x7f,
  0xaf, 0xc1, 0xd1, 0x80, 0xaf, 0xc1, 0xd1, 0x80, 0xaf, 0xc1, 0xd1, 0x80,
  0xaf, 0xc1, 0xd1, 0x80, 0xaf, 0xc1, 0xd1, 0x80, 0xaf, 0xc1, 0xd1, 0x80,
  0xaf, 0xc1, 0xd1, 0x7f, 0xb1, 0xc3, 0xd3, 0x80, 0xaf, 0xc0, 0xd1, 0x73,
  0xae, 0xc0, 0xd2, 0x54, 0xae, 0xbf, 0xd0, 0x1e, 0x00, 0x00, 0x00, 0x00,
  0xff, 0xff, 0xff, 0x00, 0x00, 0x00, 0x00, 0x00, 0x00, 0x00, 0x00, 0x00,
};

static unsigned char sprite_l2_data[] = {
  0xaa, 0xc2, 0xce, 0x0a, 0xae, 0xc1, 0xd1, 0x5f, 0xb2, 0xc5, 0xd5, 0x80,
  0xaf, 0xc1, 0xd1, 0x7e, 0xaf, 0xc1, 0xd1, 0x80, 0xaf, 0xc1, 0xd1, 0x80,
  0xaf, 0xc1, 0xd1, 0x80, 0xaf, 0xc1, 0xd1, 0x80, 0xaf, 0xc1, 0xd1, 0x80,
  0xaf, 0xc1, 0xd1, 0x80, 0xaf, 0xc1, 0xd1, 0x80, 0xaf, 0xc1, 0xd1, 0x80,
  0xaf, 0xc1, 0xd1, 0x80, 0xaf, 0xc1, 0xd1, 0x80, 0xaf, 0xc1, 0xd1, 0x80,
  0xaf, 0xc1, 0xd1, 0x80, 0xaf, 0xc1, 0xd1, 0x80, 0xaf, 0xc1, 0xd1, 0x80,
  0xaf, 0xc1, 0xd1, 0x80, 0xaf, 0xc1, 0xd1, 0x80, 0xae, 0xc0, 0xd0, 0x7f,
  0xb1, 0xc3, 0xd4, 0x80, 0xaf, 0xc2, 0xd1, 0x63, 0xb0, 0xc4, 0xcd, 0x0d,
  0xaf, 0xc0, 0xd0, 0x55, 0xb4, 0xc6, 0xd7, 0x80, 0xaf, 0xc1, 0xd1, 0x7e,
  0xaf, 0xc1, 0xd1, 0x80, 0xaf, 0xc1, 0xd1, 0x80, 0xaf, 0xc1, 0xd1, 0x80,
  0xaf, 0xc1, 0xd1, 0x80, 0xaf, 0xc1, 0xd1, 0x80, 0xaf, 0xc1, 0xd1, 0x80,
  0xaf, 0xc1, 0xd1, 0x80, 0xaf, 0xc1, 0xd1, 0x80, 0xaf, 0xc1, 0xd1, 0x80,
  0xaf, 0xc1, 0xd1, 0x80, 0xaf, 0xc1, 0xd1, 0x80, 0xaf, 0xc1, 0xd1, 0x80,
  0xaf, 0xc1, 0xd1, 0x80, 0xaf, 0xc1, 0xd1, 0x80, 0xaf, 0xc1, 0xd1, 0x80,
  0xaf, 0xc1, 0xd1, 0x80, 0xaf, 0xc1, 0xd1, 0x80, 0xaf, 0xc1, 0xd1, 0x80,
  0xaf, 0xc1, 0xd0, 0x7e, 0xb5, 0xc7, 0xd8, 0x80, 0xae, 0xc1, 0xd1, 0x4f,
  0xaf, 0xc1, 0xd0, 0x79, 0xb0, 0xc2, 0xd2, 0x80, 0xaf, 0xc1, 0xd1, 0x80,
  0xaf, 0xc1, 0xd1, 0x80, 0xaf, 0xc1, 0xd1, 0x80, 0xaf, 0xc1, 0xd1, 0x80,
  0xaf, 0xc1, 0xd1, 0x80, 0xaf, 0xc1, 0xd1, 0x80, 0xaf, 0xc1, 0xd1, 0x80,
  0xaf, 0xc1, 0xd1, 0x80, 0xaf, 0xc1, 0xd1, 0x80, 0xaf, 0xc1, 0xd1, 0x80,
  0xaf, 0xc1, 0xd1, 0x80, 0xaf, 0xc1, 0xd1, 0x80, 0xaf, 0xc1, 0xd1, 0x80,
  0xaf, 0xc1, 0xd1, 0x80, 0xaf, 0xc1, 0xd1, 0x80, 0xaf, 0xc1, 0xd1, 0x80,
  0xaf, 0xc1, 0xd1, 0x80, 0xaf, 0xc1, 0xd1, 0x80, 0xaf, 0xc1, 0xd1, 0x80,
  0xaf, 0xc1, 0xd1, 0x80, 0xb0, 0xc2, 0xd2, 0x80, 0xaf, 0xc1, 0xd0, 0x79,
  0xaf, 0xc1, 0xd1, 0x80, 0xaf, 0xc1, 0xd1, 0x80, 0xaf, 0xc1, 0xd1, 0x80,
  0xaf, 0xc1, 0xd1, 0x80, 0xaf, 0xc1, 0xd1, 0x80, 0xaf, 0xc1, 0xd1, 0x80,
  0xaf, 0xc1, 0xd1, 0x80, 0xaf, 0xc1, 0xd1, 0x80, 0xaf, 0xc1, 0xd1, 0x80,
  0xaf, 0xc1, 0xd1, 0x80, 0xaf, 0xc1, 0xd1, 0x80, 0xaf, 0xc1, 0xd1, 0x80,
  0xaf, 0xc1, 0xd1, 0x80, 0xaf, 0xc1, 0xd1, 0x80, 0xaf, 0xc1, 0xd1, 0x80,
  0xaf, 0xc1, 0xd1, 0x80, 0xaf, 0xc1, 0xd1, 0x80, 0xaf, 0xc1, 0xd1, 0x80,
  0xaf, 0xc1, 0xd1, 0x80, 0xaf, 0xc1, 0xd1, 0x80, 0xaf, 0xc1, 0xd1, 0x80,
  0xaf, 0xc1, 0xd1, 0x80, 0xaf, 0xc1, 0xd1, 0x80, 0xaf, 0xc1, 0xd1, 0x80,
  0xaf, 0xc1, 0xd1, 0x80, 0xaf, 0xc1, 0xd1, 0x80, 0xaf, 0xc1, 0xd1, 0x80,
  0xaf, 0xc1, 0xd1, 0x80, 0xaf, 0xc1, 0xd1, 0x80, 0xaf, 0xc1, 0xd1, 0x80,
  0xaf, 0xc1, 0xd1, 0x80, 0xaf, 0xc1, 0xd1, 0x80, 0xaf, 0xc1, 0xd1, 0x80,
  0xaf, 0xc1, 0xd1, 0x80, 0xaf, 0xc1, 0xd1, 0x80, 0xaf, 0xc1, 0xd1, 0x80,
  0xaf, 0xc1, 0xd1, 0x80, 0xaf, 0xc1, 0xd1, 0x80, 0xaf, 0xc1, 0xd1, 0x80,
  0xaf, 0xc1, 0xd1, 0x80, 0xaf, 0xc1, 0xd1, 0x80, 0xaf, 0xc1, 0xd1, 0x80,
  0xaf, 0xc1, 0xd1, 0x80, 0xaf, 0xc1, 0xd1, 0x80, 0xaf, 0xc1, 0xd1, 0x80,
  0xaf, 0xc1, 0xd1, 0x80, 0xaf, 0xc1, 0xd1, 0x80, 0xaf, 0xc1, 0xd1, 0x80,
  0xaf, 0xc1, 0xd1, 0x80, 0xaf, 0xc1, 0xd1, 0x80, 0xaf, 0xc1, 0xd1, 0x80,
  0xae, 0xc0, 0xd0, 0x80, 0xb4, 0xc6, 0xd6, 0x80, 0x84, 0x92, 0xa1, 0x80,
  0x4b, 0x54, 0x60, 0x80, 0x86, 0x95, 0xa3, 0x80, 0xb7, 0xc9, 0xda, 0x80,
  0xad, 0xbf, 0xcf, 0x80, 0xaf, 0xc1, 0xd1, 0x80, 0xae, 0xbf, 0xcf, 0x80,
  0xb4, 0xc7, 0xd7, 0x80, 0x91, 0xa1, 0xaf, 0x80, 0x4d, 0x55, 0x62, 0x80,
  0x3b, 0x43, 0x4e, 0x80, 0x58, 0x62, 0x6e, 0x80, 0xa7, 0xb8, 0xc8, 0x80,
  0xb1, 0xc3, 0xd3, 0x80, 0xae, 0xc0, 0xd0, 0x80, 0xaf, 0xc1, 0xd1, 0x80,
  0xaf, 0xc1, 0xd1, 0x80, 0xaf, 0xc1, 0xd1, 0x80, 0xaf, 0xc1, 0xd1, 0x80,
  0xaf, 0xc1, 0xd1, 0x80, 0xaf, 0xc1, 0xd1, 0x80, 0xaf, 0xc1, 0xd1, 0x80,
  0xad, 0xbf, 0xcf, 0x80, 0xb7, 0xca, 0xda, 0x80, 0x69, 0x74, 0x81, 0x80,
  0x11, 0x13, 0x1d, 0x80, 0x70, 0x7c, 0x8a, 0x80, 0xbb, 0xce, 0xde, 0x80,
  0xac, 0xbe, 0xce, 0x80, 0xae, 0xbf, 0xcf, 0x80, 0xb5, 0xc8, 0xd8, 0x80,
  0x95, 0xa5, 0xb4, 0x80, 0x20, 0x24, 0x30, 0x80, 0x1b, 0x1e, 0x29, 0x80,
  0x1d, 0x20, 0x2b, 0x80, 0x19, 0x1b, 0x26, 0x80, 0x35, 0x3a, 0x47, 0x80,
  0xad, 0xbe, 0xce, 0x80, 0xb0, 0xc2, 0xd2, 0x80, 0xaf, 0xc1, 0xd1, 0x80,
  0xaf, 0xc1, 0xd1, 0x80, 0xaf, 0xc1, 0xd1, 0x80, 0xaf, 0xc1, 0xd1, 0x80,
  0xaf, 0xc1, 0xd1, 0x80, 0xaf, 0xc1, 0xd1, 0x80, 0xaf, 0xc1, 0xd1, 0x80,
  0xad, 0xbf, 0xcf, 0x80, 0xb7, 0xca, 0xda, 0x80, 0x69, 0x74, 0x81, 0x80,
  0x11, 0x13, 0x1d, 0x80, 0x70, 0x7c, 0x8a, 0x80, 0xbb, 0xce, 0xde, 0x80,
  0xac, 0xbe, 0xce, 0x80, 0xaf, 0xc1, 0xd0, 0x80, 0xb2, 0xc5, 0xd5, 0x80,
  0x65, 0x70, 0x7d, 0x80, 0x0e, 0x0f, 0x1a, 0x80, 0x59, 0x61, 0x6f, 0x80,
  0x92, 0xa1, 0xb0, 0x80, 0x3d, 0x43, 0x50, 0x80, 0x15, 0x17, 0x22, 0x80,
  0x7c, 0x89, 0x98, 0x80, 0xb5, 0xc7, 0xd8, 0x80, 0xae, 0xc0, 0xd0, 0x80,
  0xaf, 0xc1, 0xd1, 0x80, 0xaf, 0xc1, 0xd1, 0x80, 0xaf, 0xc1, 0xd1, 0x80,
  0xaf, 0xc1, 0xd1, 0x80, 0xaf, 0xc1, 0xd1, 0x80, 0xaf, 0xc1, 0xd1, 0x80,
  0xad, 0xbf, 0xcf, 0x80, 0xb7, 0xca, 0xda, 0x80, 0x69, 0x74, 0x81, 0x80,
  0x11, 0x13, 0x1d, 0x80, 0x70, 0x7c, 0x8a, 0x80, 0xbb, 0xce, 0xde, 0x80,
  0xac, 0xbe, 0xce, 0x80, 0xaf, 0xc1, 0xd1, 0x80, 0xb0, 0xc2, 0xd2, 0x80,
  0x48, 0x4f, 0x5b, 0x80, 0x21, 0x25, 0x30, 0x80, 0x97, 0xa7, 0xb6, 0x80,
  0xbf, 0xd3, 0xe3, 0x80, 0x74, 0x80, 0x8e, 0x80, 0x14, 0x16, 0x21, 0x80,
  0x68, 0x73, 0x80, 0x80, 0xb7, 0xca, 0xda, 0x80, 0xad, 0xbf, 0xcf, 0x80,
  0xaf, 0xc1, 0xd1, 0x80, 0xaf, 0xc1, 0xd1, 0x80, 0xaf, 0xc1, 0xd1, 0x80,
  0xaf, 0xc1, 0xd1, 0x80, 0xaf, 0xc1, 0xd1, 0x80, 0xaf, 0xc1, 0xd1, 0x80,
  0xad, 0xbf, 0xcf, 0x80, 0xb7, 0xca, 0xda, 0x80, 0x69, 0x74, 0x81, 0x80,
  0x11, 0x13, 0x1d, 0x80, 0x70, 0x7c, 0x8a, 0x80, 0xbb, 0xce, 0xde, 0x80,
  0xac, 0xbe, 0xce, 0x80, 0xaf, 0xc1, 0xd1, 0x80, 0xaf, 0xc1, 0xd1, 0x80,
  0xaf, 0xc1, 0xd1, 0x80, 0xaf, 0xc1, 0xd1, 0x80, 0xac, 0xbe, 0xce, 0x80,
  0xbb, 0xce, 0xdf, 0x80, 0x70, 0x7b, 0x89, 0x80, 0x13, 0x15, 0x20, 0x80,
  0x7c, 0x8a, 0x98, 0x80, 0xb5, 0xc8, 0xd8, 0x80, 0xae, 0xc0, 0xd0, 0x80,
  0xaf, 0xc1, 0xd1, 0x80, 0xaf, 0xc1, 0xd1, 0x80, 0xaf, 0xc1, 0xd1, 0x80,
  0xaf, 0xc1, 0xd1, 0x80, 0xaf, 0xc1, 0xd1, 0x80, 0xaf, 0xc1, 0xd1, 0x80,
  0xad, 0xbf, 0xcf, 0x80, 0xb7, 0xca, 0xda, 0x80, 0x69, 0x74, 0x81, 0x80,
  0x11, 0x13, 0x1d, 0x80, 0x70, 0x7c, 0x8a, 0x80, 0xbb, 0xce, 0xde, 0x80,
  0xac, 0xbe, 0xce, 0x80, 0xaf, 0xc1, 0xd1, 0x80, 0xaf, 0xc1, 0xd1, 0x80,
  0xaf, 0xc1, 0xd1, 0x80, 0xae, 0xc0, 0xd0, 0x80, 0xb2, 0xc4, 0xd4, 0x80,
  0xa5, 0xb6, 0xc6, 0x80, 0x38, 0x3e, 0x4a, 0x80, 0x28, 0x2b, 0x37, 0x80,
  0xa0, 0xb0, 0xc0, 0x80, 0xb1, 0xc4, 0xd4, 0x80, 0xaf, 0xc0, 0xd0, 0x80,
  0xaf, 0xc1, 0xd1, 0x80, 0xaf, 0xc1, 0xd1, 0x80, 0xaf, 0xc1, 0xd1, 0x80,
  0xaf, 0xc1, 0xd1, 0x80, 0xaf, 0xc1, 0xd1, 0x80, 0xaf, 0xc1, 0xd1, 0x80,
  0xad, 0xbf, 0xcf, 0x80, 0xb7, 0xca, 0xda, 0x80, 0x69, 0x74, 0x81, 0x80,
  0x11, 0x13, 0x1d, 0x80, 0x70, 0x7c, 0x8a, 0x80, 0xbb, 0xce, 0xde, 0x80,
  0xac, 0xbe, 0xce, 0x80, 0xaf, 0xc1, 0xd1, 0x80, 0xaf, 0xc1, 0xd1, 0x80,
  0xaf, 0xc1, 0xd1, 0x80, 0xaf, 0xc1, 0xd1, 0x80, 0xb1, 0xc3, 0xd3, 0x80,
  0x58, 0x61, 0x6e, 0x80, 0x0e, 0x0f, 0x1a, 0x80, 0x6c, 0x77, 0x85, 0x80,
  0xb3, 0xc6, 0xd6, 0x80, 0xae, 0xc0, 0xd0, 0x80, 0xaf, 0xc1, 0xd1, 0x80,
  0xaf, 0xc1, 0xd1, 0x80, 0xaf, 0xc1, 0xd1, 0x80, 0xaf, 0xc1, 0xd1, 0x80,
  0xaf, 0xc1, 0xd1, 0x80, 0xaf, 0xc1, 0xd1, 0x80, 0xaf, 0xc1, 0xd1, 0x80,
  0xad, 0xbf, 0xcf, 0x80, 0xb7, 0xca, 0xda, 0x80, 0x69, 0x74, 0x81, 0x80,
  0x11, 0x13, 0x1d, 0x80, 0x70, 0x7c, 0x8a, 0x80, 0xbb, 0xce, 0xde, 0x80,
  0xac, 0xbe, 0xce, 0x80, 0xaf, 0xc1, 0xd1, 0x80, 0xaf, 0xc1, 0xd1, 0x80,
  0xae, 0xbf, 0xcf, 0x80, 0xb6, 0xc9, 0xd9, 0x80, 0x6f, 0x7b, 0x89, 0x80,
  0x12, 0x14, 0x1e, 0x80, 0x46, 0x4d, 0x5a, 0x80, 0xab, 0xbc, 0xcc, 0x80,
  0xb0, 0xc2, 0xd2, 0x80, 0xae, 0xc0, 0xd0, 0x80, 0xaf, 0xc1, 0xd1, 0x80,
  0xaf, 0xc1, 0xd1, 0x80, 0xaf, 0xc1, 0xd1, 0x80, 0xaf, 0xc1, 0xd1, 0x80,
  0xaf, 0xc1, 0xd1, 0x80, 0xaf, 0xc1, 0xd1, 0x80, 0xaf, 0xc1, 0xd1, 0x80,
  0xad, 0xbf, 0xcf, 0x80, 0xb7, 0xca, 0xda, 0x80, 0x69, 0x74, 0x81, 0x80,
  0x11, 0x13, 0x1d, 0x80, 0x70, 0x7c, 0x8a, 0x80, 0xbb, 0xce, 0xde, 0x80,
  0xac, 0xbe, 0xce, 0x80, 0xaf, 0xc1, 0xd1, 0x80, 0xad, 0xbf, 0xcf, 0x80,
  0xb7, 0xca, 0xda, 0x80, 0x86, 0x94, 0xa2, 0x80, 0x1c, 0x1f, 0x2a, 0x80,
  0x2b, 0x30, 0x3c, 0x80, 0x9b, 0xab, 0xbb, 0x80, 0xb3, 0xc5, 0xd5, 0x80,
  0xae, 0xc0, 0xd0, 0x80, 0xaf, 0xc1, 0xd1, 0x80, 0xaf, 0xc1, 0xd1, 0x80,
  0xaf, 0xc1, 0xd1, 0x80, 0xaf, 0xc1, 0xd1, 0x80, 0xaf, 0xc1, 0xd1, 0x80,
  0xaf, 0xc1, 0xd1, 0x80, 0xaf, 0xc1, 0xd1, 0x80, 0xaf, 0xc1, 0xd1, 0x80,
  0xad, 0xbf, 0xcf, 0x80, 0xb7, 0xca, 0xda, 0x80, 0x69, 0x74, 0x81, 0x80,
  0x11, 0x13, 0x1d, 0x80, 0x70, 0x7c, 0x8a, 0x80, 0xbb, 0xce, 0xde, 0x80,
  0xac, 0xbe, 0xce, 0x80, 0xae, 0xc0, 0xd0, 0x80, 0xb4, 0xc6, 0xd6, 0x80,
  0x91, 0xa1, 0xb0, 0x80, 0x26, 0x2a, 0x35, 0x80, 0x1a, 0x1d, 0x28, 0x80,
  0x83, 0x90, 0x9f, 0x80, 0xb4, 0xc7, 0xd7, 0x80, 0xae, 0xc0, 0xd0, 0x80,
  0xaf, 0xc1, 0xd1, 0x80, 0xaf, 0xc1, 0xd1, 0x80, 0xaf, 0xc1, 0xd1, 0x80,
  0xaf, 0xc1, 0xd1, 0x80, 0xaf, 0xc1, 0xd1, 0x80, 0xaf, 0xc1, 0xd1, 0x80,
  0xaf, 0xc1, 0xd1, 0x80, 0xaf, 0xc1, 0xd1, 0x80, 0xaf, 0xc1, 0xd1, 0x80,
  0xad, 0xbf, 0xcf, 0x80, 0xb7, 0xc9, 0xda, 0x80, 0x67, 0x72, 0x7f, 0x80,
  0x19, 0x1b, 0x26, 0x80, 0x1c, 0x1f, 0x2b, 0x80, 0x1c, 0x20, 0x2b, 0x80,
  0x1c, 0x1f, 0x2a, 0x80, 0x1b, 0x1e, 0x29, 0x80, 0x94, 0xa3, 0xb2, 0x80,
  0x5d, 0x67, 0x74, 0x80, 0x14, 0x16, 0x21, 0x80, 0x1d, 0x20, 0x2c, 0x80,
  0x1c, 0x1f, 0x2a, 0x80, 0x1d, 0x20, 0x2b, 0x80, 0x17, 0x1a, 0x24, 0x80,
  0x5a, 0x63, 0x70, 0x80, 0xb8, 0xcb, 0xdb, 0x80, 0xad, 0xbf, 0xcf, 0x80,
  0xaf, 0xc1, 0xd1, 0x80, 0xaf, 0xc1, 0xd1, 0x80, 0xaf, 0xc1, 0xd1, 0x80,
  0xaf, 0xc1, 0xd1, 0x80, 0xaf, 0xc1, 0xd1, 0x80, 0xaf, 0xc1, 0xd1, 0x80,
  0xad, 0xbf, 0xcf, 0x80, 0xb7, 0xc9, 0xda, 0x80, 0x67, 0x72, 0x7f, 0x80,
  0x19, 0x1b, 0x26, 0x80, 0x1c, 0x1f, 0x2b, 0x80, 0x1c, 0x20, 0x2b, 0x80,
  0x1c, 0x1f, 0x2a, 0x80, 0x1b, 0x1e, 0x29, 0x80, 0x94, 0xa3, 0xb2, 0x80,
  0x5d, 0x67, 0x74, 0x80, 0x14, 0x16, 0x21, 0x80, 0x1d, 0x20, 0x2c, 0x80,
  0x1c, 0x1f, 0x2a, 0x80, 0x1d, 0x20, 0x2b, 0x80, 0x17, 0x1a, 0x24, 0x80,
  0x5a, 0x63, 0x70, 0x80, 0xb8, 0xcb, 0xdb, 0x80, 0xad, 0xbf, 0xcf, 0x80,
  0xaf, 0xc1, 0xd1, 0x80, 0xaf, 0xc1, 0xd1, 0x80, 0xaf, 0xc1, 0xd1, 0x80,
  0xaf, 0xc1, 0xd1, 0x80, 0xaf, 0xc1, 0xd1, 0x80, 0xaf, 0xc1, 0xd1, 0x80,
  0xaf, 0xc1, 0xd1, 0x80, 0xaf, 0xc1, 0xd1, 0x80, 0xaf, 0xc1, 0xd1, 0x80,
  0xaf, 0xc1, 0xd1, 0x80, 0xaf, 0xc1, 0xd1, 0x80, 0xaf, 0xc1, 0xd1, 0x80,
  0xaf, 0xc1, 0xd1, 0x80, 0xaf, 0xc1, 0xd1, 0x80, 0xaf, 0xc1, 0xd1, 0x80,
  0xaf, 0xc1, 0xd1, 0x80, 0xaf, 0xc1, 0xd1, 0x80, 0xaf, 0xc1, 0xd1, 0x80,
  0xaf, 0xc1, 0xd1, 0x80, 0xaf, 0xc1, 0xd1, 0x80, 0xaf, 0xc1, 0xd1, 0x80,
  0xaf, 0xc1, 0xd1, 0x80, 0xaf, 0xc1, 0xd1, 0x80, 0xaf, 0xc1, 0xd1, 0x80,
  0xaf, 0xc1, 0xd1, 0x80, 0xaf, 0xc1, 0xd1, 0x80, 0xaf, 0xc1, 0xd1, 0x80,
  0xaf, 0xc1, 0xd1, 0x80, 0xaf, 0xc1, 0xd1, 0x80, 0xaf, 0xc1, 0xd1, 0x80,
  0xaf, 0xc1, 0xd1, 0x80, 0xaf, 0xc1, 0xd1, 0x80, 0xaf, 0xc1, 0xd1, 0x80,
  0xaf, 0xc1, 0xd1, 0x80, 0xaf, 0xc1, 0xd1, 0x80, 0xaf, 0xc1, 0xd1, 0x80,
  0xaf, 0xc1, 0xd1, 0x80, 0xaf, 0xc1, 0xd1, 0x80, 0xaf, 0xc1, 0xd1, 0x80,
  0xaf, 0xc1, 0xd1, 0x80, 0xaf, 0xc1, 0xd1, 0x80, 0xaf, 0xc1, 0xd1, 0x80,
  0xaf, 0xc1, 0xd1, 0x80, 0xaf, 0xc1, 0xd1, 0x80, 0xaf, 0xc1, 0xd1, 0x80,
  0xaf, 0xc1, 0xd1, 0x80, 0xaf, 0xc1, 0xd1, 0x80, 0xaf, 0xc1, 0xd1, 0x80,
  0xaf, 0xc1, 0xd1, 0x80, 0xaf, 0xc1, 0xd1, 0x80, 0xaf, 0xc1, 0xd1, 0x80,
  0xaf, 0xc1, 0xd0, 0x79, 0xb0, 0xc2, 0xd2, 0x80, 0xaf, 0xc1, 0xd1, 0x80,
  0xaf, 0xc1, 0xd1, 0x80, 0xaf, 0xc1, 0xd1, 0x80, 0xaf, 0xc1, 0xd1, 0x80,
  0xaf, 0xc1, 0xd1, 0x80, 0xaf, 0xc1, 0xd1, 0x80, 0xaf, 0xc1, 0xd1, 0x80,
  0xaf, 0xc1, 0xd1, 0x80, 0xaf, 0xc1, 0xd1, 0x80, 0xaf, 0xc1, 0xd1, 0x80,
  0xaf, 0xc1, 0xd1, 0x80, 0xaf, 0xc1, 0xd1, 0x80, 0xaf, 0xc1, 0xd1, 0x80,
  0xaf, 0xc1, 0xd1, 0x80, 0xaf, 0xc1, 0xd1, 0x80, 0xaf, 0xc1, 0xd1, 0x80,
  0xaf, 0xc1, 0xd1, 0x80, 0xaf, 0xc1, 0xd1, 0x80, 0xaf, 0xc1, 0xd1, 0x80,
  0xaf, 0xc1, 0xd1, 0x80, 0xb0, 0xc2, 0xd2, 0x80, 0xaf, 0xc1, 0xd0, 0x79,
  0xaf, 0xc1, 0xd1, 0x4f, 0xb4, 0xc7, 0xd8, 0x80, 0xaf, 0xc1, 0xd0, 0x7e,
  0xaf, 0xc1, 0xd1, 0x80, 0xaf, 0xc1, 0xd1, 0x80, 0xaf, 0xc1, 0xd1, 0x80,
  0xaf, 0xc1, 0xd1, 0x80, 0xaf, 0xc1, 0xd1, 0x80, 0xaf, 0xc1, 0xd1, 0x80,
  0xaf, 0xc1, 0xd1, 0x80, 0xaf, 0xc1, 0xd1, 0x80, 0xaf, 0xc1, 0xd1, 0x80,
  0xaf, 0xc1, 0xd1, 0x80, 0xaf, 0xc1, 0xd1, 0x80, 0xaf, 0xc1, 0xd1, 0x80,
  0xaf, 0xc1, 0xd1, 0x80, 0xaf, 0xc1, 0xd1, 0x80, 0xaf, 0xc1, 0xd1, 0x80,
  0xaf, 0xc1, 0xd1, 0x80, 0xaf, 0xc1, 0xd1, 0x80, 0xaf, 0xc1, 0xd1, 0x80,
  0xaf, 0xc1, 0xd1, 0x7e, 0xb4, 0xc6, 0xd7, 0x80, 0xaf, 0xc1, 0xd0, 0x55,
  0xb0, 0xba, 0xcd, 0x0d, 0xaf, 0xc1, 0xd0, 0x63, 0xb1, 0xc4, 0xd4, 0x80,
  0xae, 0xc0, 0xd0, 0x7f, 0xaf, 0xc1, 0xd1, 0x80, 0xaf, 0xc1, 0xd1, 0x80,
  0xaf, 0xc1, 0xd1, 0x80, 0xaf, 0xc1, 0xd1, 0x80, 0xaf, 0xc1, 0xd1, 0x80,
  0xaf, 0xc1, 0xd1, 0x80, 0xaf, 0xc1, 0xd1, 0x80, 0xaf, 0xc1, 0xd1, 0x80,
  0xaf, 0xc1, 0xd1, 0x80, 0xaf, 0xc1, 0xd1, 0x80, 0xaf, 0xc1, 0xd1, 0x80,
  0xaf, 0xc1, 0xd1, 0x80, 0xaf, 0xc1, 0xd1, 0x80, 0xaf, 0xc1, 0xd1, 0x80,
  0xaf, 0xc1, 0xd1, 0x80, 0xaf, 0xc1, 0xd1, 0x80, 0xaf, 0xc1, 0xd1, 0x7e,
  0xb2, 0xc5, 0xd5, 0x80, 0xaf, 0xc0, 0xd1, 0x5e, 0xb2, 0xbf, 0xd8, 0x0a,
};

static unsigned char sprite_r1_data[] = {
  0xaf, 0xc1, 0xcf, 0x40, 0xb0, 0xc2, 0xd2, 0x80, 0xaf, 0xc0, 0xd0, 0x7f,
  0xaf, 0xc1, 0xd1, 0x80, 0xaf, 0xc1, 0xd1, 0x80, 0xaf, 0xc1, 0xd1, 0x80,
  0xaf, 0xc1, 0xd1, 0x80, 0xaf, 0xc1, 0xd1, 0x80, 0xaf, 0xc1, 0xd1, 0x80,
  0xaf, 0xc1, 0xd1, 0x80, 0xaf, 0xc1, 0xd1, 0x80, 0xaf, 0xc1, 0xd1, 0x80,
  0xaf, 0xc1, 0xd1, 0x80, 0xaf, 0xc1, 0xd1, 0x80, 0xaf, 0xc1, 0xd1, 0x80,
  0xaf, 0xc1, 0xd1, 0x80, 0xaf, 0xc1, 0xd1, 0x80, 0xaf, 0xc1, 0xd1, 0x80,
  0xaf, 0xc1, 0xd1, 0x80, 0xaf, 0xc1, 0xd1, 0x80, 0xae, 0xc0, 0xd0, 0x7f,
  0xb0, 0xc2, 0xd2, 0x80, 0xae, 0xc1, 0xd0, 0x7b, 0xb0, 0xc0, 0xd1, 0x3d,
  0xae, 0xc1, 0xd0, 0x73, 0xb0, 0xc3, 0xd3, 0x80, 0xaf, 0xc1, 0xd1, 0x80,
  0xaf, 0xc1, 0xd1, 0x80, 0xaf, 0xc1, 0xd1, 0x80, 0xaf, 0xc1, 0xd1, 0x80,
  0xaf, 0xc1, 0xd1, 0x80, 0xaf, 0xc1, 0xd1, 0x80, 0xaf, 0xc1, 0xd1, 0x80,
  0xaf, 0xc1, 0xd1, 0x80, 0xaf, 0xc1, 0xd1, 0x80, 0xaf, 0xc1, 0xd1, 0x80,
  0xaf, 0xc1, 0xd1, 0x80, 0xaf, 0xc1, 0xd1, 0x80, 0xaf, 0xc1, 0xd1, 0x80,
  0xaf, 0xc1, 0xd1, 0x80, 0xaf, 0xc1, 0xd1, 0x80, 0xaf, 0xc1, 0xd1, 0x80,
  0xaf, 0xc1, 0xd1, 0x80, 0xaf, 0xc1, 0xd1, 0x80, 0xaf, 0xc1, 0xd1, 0x80,
  0xaf, 0xc1, 0xd1, 0x80, 0xb0, 0xc2, 0xd2, 0x80, 0xaf, 0xc1, 0xd0, 0x79,
  0xaf, 0xc1, 0xd1, 0x80, 0xaf, 0xc1, 0xd1, 0x80, 0xaf, 0xc1, 0xd1, 0x80,
  0xaf, 0xc1, 0xd1, 0x80, 0xaf, 0xc1, 0xd1, 0x80, 0xaf, 0xc1, 0xd1, 0x80,
  0xaf, 0xc1, 0xd1, 0x80, 0xaf, 0xc1, 0xd1, 0x80, 0xaf, 0xc1, 0xd1, 0x80,
  0xaf, 0xc1, 0xd1, 0x80, 0xaf, 0xc1, 0xd1, 0x80, 0xaf, 0xc1, 0xd1, 0x80,
  0xaf, 0xc1, 0xd1, 0x80, 0xaf, 0xc1, 0xd1, 0x80, 0xaf, 0xc1, 0xd1, 0x80,
  0xaf, 0xc1, 0xd1, 0x80, 0xaf, 0xc1, 0xd1, 0x80, 0xaf, 0xc1, 0xd1, 0x80,
  0xaf, 0xc1, 0xd1, 0x80, 0xaf, 0xc1, 0xd1, 0x80, 0xaf, 0xc1, 0xd1, 0x80,
  0xaf, 0xc1, 0xd1, 0x80, 0xaf, 0xc1, 0xd1, 0x80, 0xaf, 0xc1, 0xd1, 0x80,
  0xaf, 0xc1, 0xd1, 0x80, 0xaf, 0xc1, 0xd1, 0x80, 0xaf, 0xc1, 0xd1, 0x80,
  0xaf, 0xc1, 0xd1, 0x80, 0xaf, 0xc1, 0xd1, 0x80, 0xaf, 0xc1, 0xd1, 0x80,
  0xaf, 0xc1, 0xd1, 0x80, 0xaf, 0xc1, 0xd1, 0x80, 0xaf, 0xc1, 0xd1, 0x80,
  0xaf, 0xc1, 0xd1, 0x80, 0xaf, 0xc1, 0xd1, 0x80, 0xaf, 0xc1, 0xd1, 0x80,
  0xaf, 0xc1, 0xd1, 0x80, 0xaf, 0xc1, 0xd1, 0x80, 0xaf, 0xc1, 0xd1, 0x80,
  0xaf, 0xc1, 0xd1, 0x80, 0xaf, 0xc1, 0xd1, 0x80, 0xaf, 0xc1, 0xd1, 0x80,
  0xaf, 0xc1, 0xd1, 0x80, 0xaf, 0xc1, 0xd1, 0x80, 0xaf, 0xc1, 0xd1, 0x80,
  0xaf, 0xc1, 0xd1, 0x80, 0xaf, 0xc1, 0xd1, 0x80, 0xaf, 0xc1, 0xd1, 0x80,
  0xaf, 0xc1, 0xd1, 0x80, 0xaf, 0xc1, 0xd1, 0x80, 0xaf, 0xc1, 0xd1, 0x80,
  0xaf, 0xc1, 0xd1, 0x80, 0xb1, 0xc3, 0xd3, 0x80, 0xa5, 0xb6, 0xc5, 0x80,
  0x54, 0x5f, 0x6b, 0x80, 0x51, 0x5b, 0x67, 0x80, 0x53, 0x5d, 0x69, 0x80,
  0x51, 0x5a, 0x66, 0x80, 0x71, 0x7d, 0x8b, 0x80, 0xaa, 0xbc, 0xcc, 0x80,
  0xb0, 0xc2, 0xd2, 0x80, 0xae, 0xc0, 0xd0, 0x80, 0xb1, 0xc3, 0xd3, 0x80,
  0x7f, 0x8c, 0x9b, 0x80, 0x49, 0x52, 0x5e, 0x80, 0x7f, 0x8d, 0x9b, 0x80,
  0xb1, 0xc3, 0xd3, 0x80, 0xaf, 0xc1, 0xd1, 0x80, 0xaf, 0xc1, 0xd1, 0x80,
  0xaf, 0xc1, 0xd1, 0x80, 0xaf, 0xc1, 0xd1, 0x80, 0xaf, 0xc1, 0xd1, 0x80,
  0xaf, 0xc1, 0xd1, 0x80, 0xaf, 0xc1, 0xd1, 0x80, 0xaf, 0xc1, 0xd1, 0x80,
  0xaf, 0xc0, 0xd0, 0x80, 0xb2, 0xc4, 0xd4, 0x80, 0x9c, 0xad, 0xbc, 0x80,
  0x1f, 0x23, 0x2e, 0x80, 0x1b, 0x1e, 0x29, 0x80, 0x1c, 0x1f, 0x2a, 0x80,
  0x1d, 0x20, 0x2c, 0x80, 0x16, 0x18, 0x23, 0x80, 0x56, 0x5f, 0x6c, 0x80,
  0xb0, 0xc2, 0xd2, 0x80, 0xb1, 0xc4, 0xd4, 0x80, 0x5d, 0x66, 0x74, 0x80,
  0x1a, 0x1d, 0x28, 0x80, 0x15, 0x17, 0x22, 0x80, 0x64, 0x6e, 0x7c, 0x80,
  0xb2, 0xc5, 0xd5, 0x80, 0xaf, 0xc1, 0xd0, 0x80, 0xaf, 0xc1, 0xd1, 0x80,
  0xaf, 0xc1, 0xd1, 0x80, 0xaf, 0xc1, 0xd1, 0x80, 0xaf, 0xc1, 0xd1, 0x80,
  0xaf, 0xc1, 0xd1, 0x80, 0xaf, 0xc1, 0xd1, 0x80, 0xaf, 0xc1, 0xd1, 0x80,
  0xaf, 0xc0, 0xd0, 0x80, 0xb2, 0xc4, 0xd4, 0x80, 0x9e, 0xaf, 0xbe, 0x80,
  0x19, 0x1b, 0x26, 0x80, 0x3e, 0x44, 0x50, 0x80, 0x7e, 0x8a, 0x99, 0x80,
  0x62, 0x6b, 0x78, 0x80, 0x20, 0x22, 0x2e, 0x80, 0x1a, 0x1d, 0x28, 0x80,
  0x9a, 0xab, 0xb9, 0x80, 0x79, 0x85, 0x94, 0x80, 0x17, 0x1a, 0x25, 0x80,
  0x26, 0x29, 0x34, 0x80, 0x14, 0x16, 0x21, 0x80, 0x64, 0x6e, 0x7c, 0x80,
  0xb2, 0xc5, 0xd5, 0x80, 0xaf, 0xc1, 0xd0, 0x80, 0xaf, 0xc1, 0xd1, 0x80,
  0xaf, 0xc1, 0xd1, 0x80, 0xaf, 0xc1, 0xd1, 0x80, 0xaf, 0xc1, 0xd1, 0x80,
  0xaf, 0xc1, 0xd1, 0x80, 0xaf, 0xc1, 0xd1, 0x80, 0xaf, 0xc1, 0xd1, 0x80,
  0xaf, 0xc0, 0xd0, 0x80, 0xb2, 0xc4, 0xd4, 0x80, 0x9f, 0xb0, 0xbf, 0x80,
  0x16, 0x18, 0x23, 0x80, 0x4f, 0x58, 0x64, 0x80, 0xae, 0xc0, 0xd0, 0x80,
  0xba, 0xcd, 0xdd, 0x80, 0x60, 0x6a, 0x77, 0x80, 0x0a, 0x0b, 0x15, 0x80,
  0x7e, 0x8b, 0x99, 0x80, 0x6f, 0x7b, 0x89, 0x80, 0x53, 0x5c, 0x69, 0x80,
  0x7d, 0x8b, 0x98, 0x80, 0x0b, 0x0d, 0x17, 0x80, 0x66, 0x70, 0x7e, 0x80,
  0xb2, 0xc5, 0xd5, 0x80, 0xaf, 0xc1, 0xd0, 0x80, 0xaf, 0xc1, 0xd1, 0x80,
  0xaf, 0xc1, 0xd1, 0x80, 0xaf, 0xc1, 0xd1, 0x80, 0xaf, 0xc1, 0xd1, 0x80,
  0xaf, 0xc1, 0xd1, 0x80, 0xaf, 0xc1, 0xd1, 0x80, 0xaf, 0xc1, 0xd1, 0x80,
  0xaf, 0xc0, 0xd0, 0x80, 0xb2, 0xc4, 0xd4, 0x80, 0x9f, 0xb0, 0xbf, 0x80,
  0x16, 0x18, 0x23, 0x80, 0x4f, 0x58, 0x64, 0x80, 0xae, 0xc0, 0xcf, 0x80,
  0xbb, 0xcf, 0xdf, 0x80, 0x6b, 0x76, 0x83, 0x80, 0x0d, 0x0f, 0x19, 0x80,
  0x6b, 0x77, 0x84, 0x80, 0xab, 0xbc, 0xcc, 0x80, 0xae, 0xc0, 0xd0, 0x80,
  0x82, 0x90, 0x9e, 0x80, 0x0a, 0x0c, 0x16, 0x80, 0x66, 0x71, 0x7e, 0x80,
  0xb2, 0xc5, 0xd5, 0x80, 0xaf, 0xc1, 0xd0, 0x80, 0xaf, 0xc1, 0xd1, 0x80,
  0xaf, 0xc1, 0xd1, 0x80, 0xaf, 0xc1, 0xd1, 0x80, 0xaf, 0xc1, 0xd1, 0x80,
  0xaf, 0xc1, 0xd1, 0x80, 0xaf, 0xc1, 0xd1, 0x80, 0xaf, 0xc1, 0xd1, 0x80,
  0xaf, 0xc0, 0xd0, 0x80, 0xb2, 0xc4, 0xd4, 0x80, 0x9e, 0xaf, 0xbe, 0x80,
  0x17, 0x1a, 0x25, 0x80, 0x45, 0x4c, 0x59, 0x80, 0x9f, 0xb0, 0xbf, 0x80,
  0x93, 0xa3, 0xb2, 0x80, 0x36, 0x3c, 0x48, 0x80, 0x17, 0x1a, 0x24, 0x80,
  0x83, 0x90, 0x9f, 0x80, 0xb3, 0xc5, 0xd5, 0x80, 0xb5, 0xc7, 0xd7, 0x80,
  0x80, 0x8e, 0x9c, 0x80, 0x0b, 0x0c, 0x16, 0x80, 0x66, 0x71, 0x7e, 0x80,
  0xb2, 0xc5, 0xd5, 0x80, 0xaf, 0xc1, 0xd0, 0x80, 0xaf, 0xc1, 0xd1, 0x80,
  0xaf, 0xc1, 0xd1, 0x80, 0xaf, 0xc1, 0xd1, 0x80, 0xaf, 0xc1, 0xd1, 0x80,
  0xaf, 0xc1, 0xd1, 0x80, 0xaf, 0xc1, 0xd1, 0x80, 0xaf, 0xc1, 0xd1, 0x80,
  0xaf, 0xc0, 0xd0, 0x80, 0xb2, 0xc4, 0xd4, 0x80, 0x9c, 0xad, 0xbc, 0x80,
  0x1f, 0x23, 0x2e, 0x80, 0x1b, 0x1e, 0x29, 0x80, 0x1c, 0x1f, 0x2a, 0x80,
  0x1c, 0x20, 0x2b, 0x80, 0x19, 0x1c, 0x27, 0x80, 0x2f, 0x33, 0x3f, 0x80,
  0xac, 0xbd, 0xcd, 0x80, 0xaf, 0xc1, 0xd1, 0x80, 0xb5, 0xc8, 0xd8, 0x80,
  0x80, 0x8e, 0x9c, 0x80, 0x0b, 0x0c, 0x16, 0x80, 0x66, 0x71, 0x7e, 0x80,
  0xb2, 0xc5, 0xd5, 0x80, 0xaf, 0xc1, 0xd0, 0x80, 0xaf, 0xc1, 0xd1, 0x80,
  0xaf, 0xc1, 0xd1, 0x80, 0xaf, 0xc1, 0xd1, 0x80, 0xaf, 0xc1, 0xd1, 0x80,
  0xaf, 0xc1, 0xd1, 0x80, 0xaf, 0xc1, 0xd1, 0x80, 0xaf, 0xc1, 0xd1, 0x80,
  0xaf, 0xc0, 0xd0, 0x80, 0xb2, 0xc4, 0xd4, 0x80, 0x9d, 0xad, 0xbc, 0x80,
  0x1d, 0x21, 0x2c, 0x80, 0x24, 0x28, 0x33, 0x80, 0x31, 0x35, 0x41, 0x80,
  0x1a, 0x1d, 0x28, 0x80, 0x27, 0x2b, 0x36, 0x80, 0x92, 0xa1, 0xb0, 0x80,
  0xb4, 0xc6, 0xd6, 0x80, 0xad, 0xbe, 0xce, 0x80, 0xb6, 0xc8, 0xd9, 0x80,
  0x80, 0x8e, 0x9c, 0x80, 0x0b, 0x0c, 0x16, 0x80, 0x66, 0x71, 0x7e, 0x80,
  0xb2, 0xc5, 0xd5, 0x80, 0xaf, 0xc1, 0xd0, 0x80, 0xaf, 0xc1, 0xd1, 0x80,
  0xaf, 0xc1, 0xd1, 0x80, 0xaf, 0xc1, 0xd1, 0x80, 0xaf, 0xc1, 0xd1, 0x80,
  0xaf, 0xc1, 0xd1, 0x80, 0xaf, 0xc1, 0xd1, 0x80, 0xaf, 0xc1, 0xd1, 0x80,
  0xaf, 0xc0, 0xd0, 0x80, 0xb2, 0xc4, 0xd4, 0x80, 0x9f, 0xb0, 0xbf, 0x80,
  0x15, 0x18, 0x23, 0x80, 0x4f, 0x58, 0x64, 0x80, 0xb2, 0xc5, 0xd5, 0x80,
  0x58, 0x61, 0x6e, 0x80, 0x0b, 0x0d, 0x17, 0x80, 0x80, 0x8d, 0x9c, 0x80,
  0xb6, 0xc8, 0xd9, 0x80, 0xac, 0xbe, 0xce, 0x80, 0xb6, 0xc8, 0xd9, 0x80,
  0x80, 0x8e, 0x9c, 0x80, 0x0b, 0x0c, 0x16, 0x80, 0x66, 0x71, 0x7e, 0x80,
  0xb2, 0xc5, 0xd5, 0x80, 0xaf, 0xc1, 0xd0, 0x80, 0xaf, 0xc1, 0xd1, 0x80,
  0xaf, 0xc1, 0xd1, 0x80, 0xaf, 0xc1, 0xd1, 0x80, 0xaf, 0xc1, 0xd1, 0x80,
  0xae, 0xc1, 0xd0, 0x73, 0xb0, 0xc3, 0xd3, 0x80, 0xaf, 0xc1, 0xd1, 0x80,
  0xaf, 0xc0, 0xd0, 0x80, 0xb2, 0xc4, 0xd4, 0x80, 0x9f, 0xb0, 0xbf, 0x80,
  0x16, 0x18, 0x23, 0x80, 0x4e, 0x56, 0x62, 0x80, 0xb8, 0xcb, 0xdb, 0x80,
  0x89, 0x97, 0xa6, 0x80, 0x12, 0x14, 0x1e, 0x80, 0x44, 0x4b, 0x57, 0x80,
  0xae, 0xc0, 0xd0, 0x80, 0xae, 0xc0, 0xd0, 0x80, 0xb5, 0xc8, 0xd8, 0x80,
  0x80, 0x8e, 0x9c, 0x80, 0x0b, 0x0c, 0x16, 0x80, 0x66, 0x71, 0x7e, 0x80,
  0xb2, 0xc5, 0xd5, 0x80, 0xaf, 0xc1, 0xd0, 0x80, 0xaf, 0xc1, 0xd1, 0x80,
  0xae, 0xc0, 0xd0, 0x7f, 0xb1, 0xc3, 0xd3, 0x80, 0xae, 0xc1, 0xd0, 0x6d,
  0xae, 0xc2, 0xd2, 0x61, 0xb2, 0xc5, 0xd5, 0x80, 0xae, 0xc0, 0xd0, 0x7f,
  0xaf, 0xc0, 0xd0, 0x80, 0xb2, 0xc4, 0xd4, 0x80, 0x9f, 0xb0, 0xbf, 0x80,
  0x16, 0x18, 0x23, 0x80, 0x4e, 0x57, 0x63, 0x80, 0xb3, 0xc6, 0xd6, 0x80,
  0xa4, 0xb5, 0xc5, 0x80, 0x3a, 0x3f, 0x4c, 0x80, 0x18, 0x1b, 0x26, 0x80,
  0x91, 0xa0, 0xae, 0x80, 0xb2, 0xc4, 0xd4, 0x80, 0xb5, 0xc8, 0xd8, 0x80,
  0x80, 0x8e, 0x9c, 0x80, 0x0b, 0x0c, 0x16, 0x80, 0x66, 0x71, 0x7e, 0x80,
  0xb2, 0xc5, 0xd5, 0x80, 0xaf, 0xc1, 0xd0, 0x80, 0xaf, 0xc1, 0xd1, 0x80,
  0xae, 0xc0, 0xd0, 0x7f, 0xb2, 0xc5, 0xd5, 0x80, 0xae, 0xc1, 0xd0, 0x61,
  0xb0, 0xc1, 0xd1, 0x49, 0xb5, 0xc8, 0xd8, 0x80, 0xae, 0xc0, 0xd0, 0x7e,
  0xaf, 0xc0, 0xd0, 0x80, 0xb2, 0xc4, 0xd4, 0x80, 0x9f, 0xb0, 0xbf, 0x80,
  0x16, 0x18, 0x23, 0x80, 0x4f, 0x58, 0x64, 0x80, 0xae, 0xc1, 0xd0, 0x80,
  0xb8, 0xcb, 0xdc, 0x80, 0x66, 0x70, 0x7d, 0x80, 0x0d, 0x0f, 0x19, 0x80,
  0x5c, 0x66, 0x73, 0x80, 0xb7, 0xc9, 0xda, 0x80, 0xb4, 0xc6, 0xd6, 0x80,
  0x80, 0x8e, 0x9c, 0x80, 0x0b, 0x0c, 0x16, 0x80, 0x66, 0x71, 0x7e, 0x80,
  0xb2, 0xc5, 0xd5, 0x80, 0xaf, 0xc1, 0xd0, 0x80, 0xaf, 0xc1, 0xd1, 0x80,
  0xae, 0xc0, 0xd0, 0x7e, 0xb6, 0xc9, 0xd9, 0x80, 0xaf, 0xc0, 0xd1, 0x43,
  0xad, 0xc0, 0xce, 0x22, 0xb3, 0xc6, 0xd6, 0x80, 0xaf, 0xc1, 0xd0, 0x7e,
  0xaf, 0xc1, 0xd1, 0x80, 0xaf, 0xc1, 0xd1, 0x80, 0xaf, 0xc1, 0xd1, 0x80,
  0xaf, 0xc1, 0xd1, 0x80, 0xaf, 0xc1, 0xd1, 0x80, 0xaf, 0xc1, 0xd1, 0x80,
  0xaf, 0xc1, 0xd1, 0x80, 0xaf, 0xc1, 0xd1, 0x80, 0xaf, 0xc1, 0xd1, 0x80,
  0xaf, 0xc1, 0xd1, 0x80, 0xaf, 0xc1, 0xd1, 0x80, 0xaf, 0xc1, 0xd1, 0x80,
  0xaf, 0xc1, 0xd1, 0x80, 0xaf, 0xc1, 0xd1, 0x80, 0xaf, 0xc1, 0xd1, 0x80,
  0xaf, 0xc1, 0xd1, 0x80, 0xaf, 0xc1, 0xd1, 0x80, 0xae, 0xc0, 0xd0, 0x7f,
  0xaf, 0xc1, 0xd1, 0x80, 0xaf, 0xc1, 0xd0, 0x7e, 0xaf, 0xc3, 0xd2, 0x19,
  0xff, 0xff, 0xff, 0x01, 0xae, 0xc0, 0xcf, 0x56, 0xba, 0xcd, 0xde, 0x80,
  0xae, 0xc1, 0xd1, 0x7d, 0xaf, 0xc1, 0xd1, 0x80, 0xaf, 0xc1, 0xd1, 0x80,
  0xaf, 0xc1, 0xd1, 0x80, 0xaf, 0xc1, 0xd1, 0x80, 0xaf, 0xc1, 0xd1, 0x80,
  0xaf, 0xc1, 0xd1, 0x80, 0xaf, 0xc1, 0xd1, 0x80, 0xaf, 0xc1, 0xd1, 0x80,
  0xaf, 0xc1, 0xd1, 0x80, 0xaf, 0xc1, 0xd1, 0x80, 0xaf, 0xc1, 0xd1, 0x80,
  0xaf, 0xc1, 0xd1, 0x80, 0xaf, 0xc1, 0xd1, 0x80, 0xaf, 0xc1, 0xd1, 0x80,
  0xaf, 0xc1, 0xd1, 0x80, 0xaf, 0xc1, 0xd1, 0x80, 0xae, 0xc1, 0xd1, 0x7d,
  0xb9, 0xcb, 0xdc, 0x80, 0xae, 0xc0, 0xd1, 0x5a, 0x9f, 0xbf, 0xbf, 0x04,
  0x00, 0x00, 0x00, 0x00, 0xb0, 0xc1, 0xd1, 0x1f, 0xae, 0xc0, 0xd1, 0x79,
  0xb1, 0xc3, 0xd4, 0x80, 0xae, 0xc0, 0xd0, 0x7f, 0xaf, 0xc1, 0xd1, 0x80,
  0xaf, 0xc1, 0xd1, 0x80, 0xaf, 0xc1, 0xd1, 0x80, 0xaf, 0xc1, 0xd1, 0x80,
  0xaf, 0xc1, 0xd1, 0x80, 0xaf, 0xc1, 0xd1, 0x80, 0xaf, 0xc1, 0xd1, 0x80,
  0xaf, 0xc1, 0xd1, 0x80, 0xaf, 0xc1, 0xd1, 0x80, 0xaf, 0xc1, 0xd1, 0x80,
  0xaf, 0xc1, 0xd1, 0x80, 0xaf, 0xc1, 0xd1, 0x80, 0xaf, 0xc1, 0xd1, 0x80,
  0xaf, 0xc1, 0xd1, 0x80, 0xaf, 0xc1, 0xd1, 0x7e, 0xb2, 0xc4, 0xd5, 0x80,
  0xaf, 0xc0, 0xd0, 0x76, 0xad, 0xc0, 0xd3, 0x1a, 0x00, 0x00, 0x00, 0x00,
  0xff, 0xff, 0xff, 0x01, 0x00, 0x00, 0x00, 0x00, 0xaf, 0xc0, 0xd2, 0x33,
  0xb1, 0xc3, 0xd3, 0x80, 0xaf, 0xc1, 0xd1, 0x80, 0xaf, 0xc1, 0xd1, 0x80,
  0xaf, 0xc1, 0xd1, 0x80, 0xaf, 0xc1, 0xd1, 0x80, 0xaf, 0xc1, 0xd1, 0x80,
  0xaf, 0xc1, 0xd1, 0x80, 0xaf, 0xc1, 0xd1, 0x80, 0xaf, 0xc1, 0xd1, 0x80,
  0xaf, 0xc1, 0xd1, 0x80, 0xaf, 0xc1, 0xd1, 0x80, 0xaf, 0xc1, 0xd1, 0x80,
  0xaf, 0xc1, 0xd1, 0x80, 0xaf, 0xc1, 0xd1, 0x80, 0xaf, 0xc1, 0xd1, 0x80,
  0xaf, 0xc1, 0xd1, 0x80, 0xaf, 0xc1, 0xd1, 0x80, 0xb2, 0xc4, 0xd4, 0x80,
  0xb0, 0xc2, 0xd1, 0x38, 0x00, 0x00, 0x00, 0x00, 0xaa, 0xaa, 0xaa, 0x01,
  0x00, 0x00, 0x00, 0x00, 0x00, 0x00, 0x00, 0x00, 0x00, 0x00, 0x00, 0x00,
  0xac, 0xbf, 0xd0, 0x3c, 0xae, 0xc0, 0xd1, 0x7d, 0xb0, 0xc2, 0xd2, 0x80,
  0xae, 0xc0, 0xd0, 0x7f, 0xaf, 0xc1, 0xd1, 0x80, 0xaf, 0xc1, 0xd1, 0x80,
  0xaf, 0xc1, 0xd1, 0x80, 0xaf, 0xc1, 0xd1, 0x80, 0xaf, 0xc1, 0xd1, 0x80,
  0xaf, 0xc1, 0xd1, 0x80, 0xaf, 0xc1, 0xd1, 0x80, 0xaf, 0xc1, 0xd1, 0x80,
  0xaf, 0xc1, 0xd1, 0x80, 0xaf, 0xc1, 0xd1, 0x80, 0xaf, 0xc1, 0xd1, 0x80,
  0xae, 0xc0, 0xd0, 0x7f, 0xb2, 0xc5, 0xd5, 0x80, 0xad, 0xbf, 0xcf, 0x38,
  0x00, 0x00, 0x00, 0x00, 0xff, 0xff, 0xff, 0x00, 0x00, 0x00, 0x00, 0x00,
  0x00, 0x00, 0x00, 0x00, 0x00, 0x00, 0x00, 0x00, 0x7f, 0xff, 0xff, 0x01,
  0x00, 0x00, 0x00, 0x00, 0xaa, 0xbc, 0xce, 0x15, 0xae, 0xbf, 0xd2, 0x52,
  0xaf, 0xc0, 0xd1, 0x73, 0xb0, 0xc3, 0xd3, 0x80, 0xaf, 0xc1, 0xd1, 0x7f,
  0xaf, 0xc1, 0xd1, 0x80, 0xaf, 0xc1, 0xd1, 0x80, 0xaf, 0xc1, 0xd1, 0x80,
  0xaf, 0xc1, 0xd1, 0x80, 0xaf, 0xc1, 0xd1, 0x80, 0xaf, 0xc1, 0xd1, 0x80,
  0xaf, 0xc1, 0xd1, 0x7f, 0xb1, 0xc3, 0xd3, 0x80, 0xaf, 0xc0, 0xd1, 0x73,
  0xae, 0xc0, 0xd2, 0x54, 0xae, 0xbf, 0xd0, 0x1e, 0x00, 0x00, 0x00, 0x00,
  0xff, 0xff, 0xff, 0x00, 0x00, 0x00, 0x00, 0x00, 0x00, 0x00, 0x00, 0x00,
};

static unsigned char sprite_r2_data[] = {
  0xaa, 0xc2, 0xce, 0x0a, 0xae, 0xc1, 0xd1, 0x5f, 0xb2, 0xc5, 0xd5, 0x80,
  0xaf, 0xc1, 0xd1, 0x7e, 0xaf, 0xc1, 0xd1, 0x80, 0xaf, 0xc1, 0xd1, 0x80,
  0xaf, 0xc1, 0xd1, 0x80, 0xaf, 0xc1, 0xd1, 0x80, 0xaf, 0xc1, 0xd1, 0x80,
  0xaf, 0xc1, 0xd1, 0x80, 0xaf, 0xc1, 0xd1, 0x80, 0xaf, 0xc1, 0xd1, 0x80,
  0xaf, 0xc1, 0xd1, 0x80, 0xaf, 0xc1, 0xd1, 0x80, 0xaf, 0xc1, 0xd1, 0x80,
  0xaf, 0xc1, 0xd1, 0x80, 0xaf, 0xc1, 0xd1, 0x80, 0xaf, 0xc1, 0xd1, 0x80,
  0xaf, 0xc1, 0xd1, 0x80, 0xaf, 0xc1, 0xd1, 0x80, 0xae, 0xc0, 0xd0, 0x7f,
  0xb1, 0xc3, 0xd4, 0x80, 0xaf, 0xc2, 0xd1, 0x63, 0xb0, 0xc4, 0xcd, 0x0d,
  0xaf, 0xc0, 0xd0, 0x55, 0xb4, 0xc6, 0xd7, 0x80, 0xaf, 0xc1, 0xd1, 0x7e,
  0xaf, 0xc1, 0xd1, 0x80, 0xaf, 0xc1, 0xd1, 0x80, 0xaf, 0xc1, 0xd1, 0x80,
  0xaf, 0xc1, 0xd1, 0x80, 0xaf, 0xc1, 0xd1, 0x80, 0xaf, 0xc1, 0xd1, 0x80,
  0xaf, 0xc1, 0xd1, 0x80, 0xaf, 0xc1, 0xd1, 0x80, 0xaf, 0xc1, 0xd1, 0x80,
  0xaf, 0xc1, 0xd1, 0x80, 0xaf, 0xc1, 0xd1, 0x80, 0xaf, 0xc1, 0xd1, 0x80,
  0xaf, 0xc1, 0xd1, 0x80, 0xaf, 0xc1, 0xd1, 0x80, 0xaf, 0xc1, 0xd1, 0x80,
  0xaf, 0xc1, 0xd1, 0x80, 0xaf, 0xc1, 0xd1, 0x80, 0xaf, 0xc1, 0xd1, 0x80,
  0xaf, 0xc1, 0xd0, 0x7e, 0xb5, 0xc7, 0xd8, 0x80, 0xae, 0xc1, 0xd1, 0x4f,
  0xaf, 0xc1, 0xd0, 0x79, 0xb0, 0xc2, 0xd2, 0x80, 0xaf, 0xc1, 0xd1, 0x80,
  0xaf, 0xc1, 0xd1, 0x80, 0xaf, 0xc1, 0xd1, 0x80, 0xaf, 0xc1, 0xd1, 0x80,
  0xaf, 0xc1, 0xd1, 0x80, 0xaf, 0xc1, 0xd1, 0x80, 0xaf, 0xc1, 0xd1, 0x80,
  0xaf, 0xc1, 0xd1, 0x80, 0xaf, 0xc1, 0xd1, 0x80, 0xaf, 0xc1, 0xd1, 0x80,
  0xaf, 0xc1, 0xd1, 0x80, 0xaf, 0xc1, 0xd1, 0x80, 0xaf, 0xc1, 0xd1, 0x80,
  0xaf, 0xc1, 0xd1, 0x80, 0xaf, 0xc1, 0xd1, 0x80, 0xaf, 0xc1, 0xd1, 0x80,
  0xaf, 0xc1, 0xd1, 0x80, 0xaf, 0xc1, 0xd1, 0x80, 0xaf, 0xc1, 0xd1, 0x80,
  0xaf, 0xc1, 0xd1, 0x80, 0xb0, 0xc2, 0xd2, 0x80, 0xaf, 0xc1, 0xd0, 0x79,
  0xaf, 0xc1, 0xd1, 0x80, 0xaf, 0xc1, 0xd1, 0x80, 0xaf, 0xc1, 0xd1, 0x80,
  0xaf, 0xc1, 0xd1, 0x80, 0xaf, 0xc1, 0xd1, 0x80, 0xaf, 0xc1, 0xd1, 0x80,
  0xaf, 0xc1, 0xd1, 0x80, 0xaf, 0xc1, 0xd1, 0x80, 0xaf, 0xc1, 0xd1, 0x80,
  0xaf, 0xc1, 0xd1, 0x80, 0xaf, 0xc1, 0xd1, 0x80, 0xaf, 0xc1, 0xd1, 0x80,
  0xaf, 0xc1, 0xd1, 0x80, 0xaf, 0xc1, 0xd1, 0x80, 0xaf, 0xc1, 0xd1, 0x80,
  0xaf, 0xc1, 0xd1, 0x80, 0xaf, 0xc1, 0xd1, 0x80, 0xaf, 0xc1, 0xd1, 0x80,
  0xaf, 0xc1, 0xd1, 0x80, 0xaf, 0xc1, 0xd1, 0x80, 0xaf, 0xc1, 0xd1, 0x80,
  0xaf, 0xc1, 0xd1, 0x80, 0xaf, 0xc1, 0xd1, 0x80, 0xaf, 0xc1, 0xd1, 0x80,
  0xaf, 0xc1, 0xd1, 0x80, 0xaf, 0xc1, 0xd1, 0x80, 0xaf, 0xc1, 0xd1, 0x80,
  0xaf, 0xc1, 0xd1, 0x80, 0xaf, 0xc1, 0xd1, 0x80, 0xaf, 0xc1, 0xd1, 0x80,
  0xaf, 0xc1, 0xd1, 0x80, 0xaf, 0xc1, 0xd1, 0x80, 0xaf, 0xc1, 0xd1, 0x80,
  0xaf, 0xc1, 0xd1, 0x80, 0xaf, 0xc1, 0xd1, 0x80, 0xaf, 0xc1, 0xd1, 0x80,
  0xaf, 0xc1, 0xd1, 0x80, 0xaf, 0xc1, 0xd1, 0x80, 0xaf, 0xc1, 0xd1, 0x80,
  0xaf, 0xc1, 0xd1, 0x80, 0xaf, 0xc1, 0xd1, 0x80, 0xaf, 0xc1, 0xd1, 0x80,
  0xaf, 0xc1, 0xd1, 0x80, 0xaf, 0xc1, 0xd1, 0x80, 0xaf, 0xc1, 0xd1, 0x80,
  0xaf, 0xc1, 0xd1, 0x80, 0xaf, 0xc1, 0xd1, 0x80, 0xaf, 0xc1, 0xd1, 0x80,
  0xaf, 0xc1, 0xd1, 0x80, 0xaf, 0xc1, 0xd1, 0x80, 0xaf, 0xc1, 0xd1, 0x80,
  0xae, 0xc0, 0xd0, 0x80, 0xb5, 0xc7, 0xd8, 0x80, 0x76, 0x82, 0x90, 0x80,
  0x4e, 0x58, 0x64, 0x80, 0x53, 0x5d, 0x69, 0x80, 0x52, 0x5c, 0x68, 0x80,
  0x5d, 0x67, 0x74, 0x80, 0x95, 0xa5, 0xb4, 0x80, 0xb4, 0xc6, 0xd6, 0x80,
  0xad, 0xbf, 0xcf, 0x80, 0xb2, 0xc5, 0xd5, 0x80, 0x91, 0xa0, 0xaf, 0x80,
  0x48, 0x50, 0x5d, 0x80, 0x3b, 0x42, 0x4d, 0x80, 0x6a, 0x76, 0x84, 0x80,
  0xa2, 0xb3, 0xc3, 0x80, 0xb0, 0xc2, 0xd2, 0x80, 0xaf, 0xc1, 0xd1, 0x80,
  0xaf, 0xc1, 0xd1, 0x80, 0xaf, 0xc1, 0xd1, 0x80, 0xaf, 0xc1, 0xd1, 0x80,
  0xaf, 0xc1, 0xd1, 0x80, 0xaf, 0xc1, 0xd1, 0x80, 0xaf, 0xc1, 0xd1, 0x80,
  0xad, 0xbf, 0xcf, 0x80, 0xb8, 0xcb, 0xdb, 0x80, 0x59, 0x62, 0x6f, 0x80,
  0x17, 0x19, 0x24, 0x80, 0x1d, 0x20, 0x2b, 0x80, 0x1c, 0x20, 0x2b, 0x80,
  0x1c, 0x1f, 0x2a, 0x80, 0x1d, 0x20, 0x2b, 0x80, 0x83, 0x90, 0x9f, 0x80,
  0xba, 0xcd, 0xdd, 0x80, 0x8e, 0x9d, 0xac, 0x80, 0x26, 0x2a, 0x36, 0x80,
  0x1a, 0x1c, 0x27, 0x80, 0x1e, 0x21, 0x2c, 0x80, 0x17, 0x19, 0x24, 0x80,
  0x45, 0x4d, 0x5a, 0x80, 0xae, 0xc0, 0xd0, 0x80, 0xaf, 0xc1, 0xd1, 0x80,
  0xaf, 0xc1, 0xd1, 0x80, 0xaf, 0xc1, 0xd1, 0x80, 0xaf, 0xc1, 0xd1, 0x80,
  0xaf, 0xc1, 0xd1, 0x80, 0xaf, 0xc1, 0xd1, 0x80, 0xaf, 0xc1, 0xd1, 0x80,
  0xad, 0xbf, 0xcf, 0x80, 0xb8, 0xcb, 0xdb, 0x80, 0x58, 0x61, 0x6e, 0x80,
  0x1a, 0x1d, 0x28, 0x80, 0x60, 0x6a, 0x77, 0x80, 0x7e, 0x8b, 0x99, 0x80,
  0x47, 0x4f, 0x5b, 0x80, 0x13, 0x15, 0x20, 0x80, 0x3c, 0x42, 0x4e, 0x80,
  0xb2, 0xc4, 0xd4, 0x80, 0x56, 0x5f, 0x6c, 0x80, 0x0f, 0x11, 0x1b, 0x80,
  0x6e, 0x7a, 0x87, 0x80, 0x97, 0xa6, 0xb5, 0x80, 0x32, 0x37, 0x43, 0x80,
  0x20, 0x23, 0x2e, 0x80, 0x8b, 0x9a, 0xa8, 0x80, 0xb6, 0xc8, 0xd9, 0x80,
  0xad, 0xbf, 0xcf, 0x80, 0xaf, 0xc1, 0xd1, 0x80, 0xaf, 0xc1, 0xd1, 0x80,
  0xaf, 0xc1, 0xd1, 0x80, 0xaf, 0xc1, 0xd1, 0x80, 0xaf, 0xc1, 0xd1, 0x80,
  0xad, 0xbf, 0xcf, 0x80, 0xb8, 0xcb, 0xdc, 0x80, 0x58, 0x61, 0x6e, 0x80,
  0x1b, 0x1e, 0x29, 0x80, 0x85, 0x93, 0xa1, 0x80, 0xbb, 0xcf, 0xdf, 0x80,
  0x9a, 0xaa, 0xb9, 0x80, 0x28, 0x2d, 0x38, 0x80, 0x27, 0x2b, 0x37, 0x80,
  0xa5, 0xb6, 0xc5, 0x80, 0x3f, 0x46, 0x52, 0x80, 0x21, 0x24, 0x30, 0x80,
  0xab, 0xbd, 0xcd, 0x80, 0xb8, 0xcb, 0xdc, 0x80, 0x67, 0x72, 0x7f, 0x80,
  0x17, 0x1a, 0x24, 0x80, 0x7b, 0x88, 0x96, 0x80, 0xb9, 0xcc, 0xdc, 0x80,
  0xac, 0xbe, 0xce, 0x80, 0xaf, 0xc1, 0xd1, 0x80, 0xaf, 0xc1, 0xd1, 0x80,
  0xaf, 0xc1, 0xd1, 0x80, 0xaf, 0xc1, 0xd1, 0x80, 0xaf, 0xc1, 0xd1, 0x80,
  0xad, 0xbf, 0xcf, 0x80, 0xb8, 0xcb, 0xdc, 0x80, 0x58, 0x61, 0x6e, 0x80,
  0x1b, 0x1e, 0x29, 0x80, 0x85, 0x93, 0xa1, 0x80, 0xbb, 0xce, 0xde, 0x80,
  0x9d, 0xad, 0xbc, 0x80, 0x2f, 0x34, 0x3f, 0x80, 0x1d, 0x21, 0x2c, 0x80,
  0xab, 0xbd, 0xcd, 0x80, 0xb1, 0xc3, 0xd3, 0x80, 0xaf, 0xc1, 0xd1, 0x80,
  0xad, 0xbf, 0xcf, 0x80, 0xb8, 0xcb, 0xdb, 0x80, 0x60, 0x69, 0x77, 0x80,
  0x19, 0x1c, 0x27, 0x80, 0x81, 0x8e, 0x9c, 0x80, 0xb8, 0xcb, 0xdb, 0x80,
  0xad, 0xbe, 0xce, 0x80, 0xaf, 0xc1, 0xd1, 0x80, 0xaf, 0xc1, 0xd1, 0x80,
  0xaf, 0xc1, 0xd1, 0x80, 0xaf, 0xc1, 0xd1, 0x80, 0xaf, 0xc1, 0xd1, 0x80,
  0xad, 0xbf, 0xcf, 0x80, 0xb8, 0xcb, 0xdc, 0x80, 0x58, 0x62, 0x6e, 0x80,
  0x1a, 0x1d, 0x28, 0x80, 0x76, 0x83, 0x91, 0x80, 0xa7, 0xb9, 0xc9, 0x80,
  0x76, 0x82, 0x90, 0x80, 0x1a, 0x1d, 0x28, 0x80, 0x3c, 0x42, 0x4e, 0x80,
  0xae, 0xc0, 0xd0, 0x80, 0xb0, 0xc2, 0xd2, 0x80, 0xad, 0xbf, 0xcf, 0x80,
  0xb4, 0xc6, 0xd6, 0x80, 0x96, 0xa6, 0xb5, 0x80, 0x23, 0x27, 0x32, 0x80,
  0x32, 0x38, 0x43, 0x80, 0xab, 0xbd, 0xcd, 0x80, 0xb0, 0xc2, 0xd2, 0x80,
  0xae, 0xc0, 0xd0, 0x80, 0xaf, 0xc1, 0xd1, 0x80, 0xaf, 0xc1, 0xd1, 0x80,
  0xaf, 0xc1, 0xd1, 0x80, 0xaf, 0xc1, 0xd1, 0x80, 0xaf, 0xc1, 0xd1, 0x80,
  0xad, 0xbf, 0xcf, 0x80, 0xb8, 0xcb, 0xdb, 0x80, 0x59, 0x62, 0x6f, 0x80,
  0x17, 0x19, 0x24, 0x80, 0x1d, 0x20, 0x2b, 0x80, 0x1c, 0x1f, 0x2a, 0x80,
  0x1e, 0x21, 0x2c, 0x80, 0x13, 0x15, 0x20, 0x80, 0x71, 0x7e, 0x8b, 0x80,
  0xb4, 0xc7, 0xd7, 0x80, 0xad, 0xbf, 0xcf, 0x80, 0xb0, 0xc2, 0xd2, 0x80,
  0xaa, 0xbc, 0xcc, 0x80, 0x45, 0x4d, 0x59, 0x80, 0x13, 0x15, 0x1f, 0x80,
  0x77, 0x83, 0x91, 0x80, 0xb5, 0xc8, 0xd8, 0x80, 0xae, 0xc0, 0xcf, 0x80,
  0xaf, 0xc1, 0xd1, 0x80, 0xaf, 0xc1, 0xd1, 0x80, 0xaf, 0xc1, 0xd1, 0x80,
  0xaf, 0xc1, 0xd1, 0x80, 0xaf, 0xc1, 0xd1, 0x80, 0xaf, 0xc1, 0xd1, 0x80,
  0xad, 0xbf, 0xcf, 0x80, 0xb8, 0xcb, 0xdb, 0x80, 0x59, 0x62, 0x6f, 0x80,
  0x18, 0x1b, 0x25, 0x80, 0x2d, 0x31, 0x3c, 0x80, 0x2b, 0x2f, 0x3a, 0x80,
  0x12, 0x14, 0x1e, 0x80, 0x50, 0x59, 0x65, 0x80, 0xb1, 0xc3, 0xd3, 0x80,
  0xae, 0xc0, 0xd0, 0x80, 0xae, 0xc0, 0xd0, 0x80, 0xb1, 0xc4, 0xd4, 0x80,
  0x5e, 0x68, 0x75, 0x80, 0x0f, 0x10, 0x1b, 0x80, 0x59, 0x61, 0x6f, 0x80,
  0xb1, 0xc3, 0xd3, 0x80, 0xaf, 0xc1, 0xd1, 0x80, 0xaf, 0xc1, 0xd1, 0x80,
  0xaf, 0xc1, 0xd1, 0x80, 0xaf, 0xc1, 0xd1, 0x80, 0xaf, 0xc1, 0xd1, 0x80,
  0xaf, 0xc1, 0xd1, 0x80, 0xaf, 0xc1, 0xd1, 0x80, 0xaf, 0xc1, 0xd1, 0x80,
  0xad, 0xbf, 0xcf, 0x80, 0xb8, 0xcb, 0xdc, 0x80, 0x58, 0x61, 0x6e, 0x80,
  0x1a, 0x1d, 0x28, 0x80, 0x8a, 0x99, 0xa7, 0x80, 0x98, 0xa8, 0xb7, 0x80,
  0x16, 0x18, 0x23, 0x80, 0x3a, 0x41, 0x4c, 0x80, 0xa5, 0xb6, 0xc5, 0x80,
  0xb0, 0xc2, 0xd2, 0x80, 0xb5, 0xc7, 0xd7, 0x80, 0x76, 0x81, 0x90, 0x80,
  0x15, 0x17, 0x22, 0x80, 0x3c, 0x41, 0x4e, 0x80, 0xa5, 0xb6, 0xc5, 0x80,
  0xb1, 0xc4, 0xd4, 0x80, 0xae, 0xc0, 0xd0, 0x80, 0xaf, 0xc1, 0xd1, 0x80,
  0xaf, 0xc1, 0xd1, 0x80, 0xaf, 0xc1, 0xd1, 0x80, 0xaf, 0xc1, 0xd1, 0x80,
  0xaf, 0xc1, 0xd1, 0x80, 0xaf, 0xc1, 0xd1, 0x80, 0xaf, 0xc1, 0xd1, 0x80,
  0xad, 0xbf, 0xcf, 0x80, 0xb8, 0xcb, 0xdc, 0x80, 0x58, 0x61, 0x6e, 0x80,
  0x1b, 0x1e, 0x29, 0x80, 0x86, 0x94, 0xa3, 0x80, 0xb7, 0xca, 0xda, 0x80,
  0x48, 0x50, 0x5d, 0x80, 0x12, 0x13, 0x1f, 0x80, 0x88, 0x96, 0xa5, 0x80,
  0xbc, 0xcf, 0xdf, 0x80, 0x8f, 0x9d, 0xad, 0x80, 0x24, 0x27, 0x33, 0x80,
  0x24, 0x28, 0x33, 0x80, 0x91, 0xa0, 0xaf, 0x80, 0xb5, 0xc7, 0xd7, 0x80,
  0xad, 0xbf, 0xcf, 0x80, 0xaf, 0xc1, 0xd1, 0x80, 0xaf, 0xc1, 0xd1, 0x80,
  0xaf, 0xc1, 0xd1, 0x80, 0xaf, 0xc1, 0xd1, 0x80, 0xaf, 0xc1, 0xd1, 0x80,
  0xaf, 0xc1, 0xd1, 0x80, 0xaf, 0xc1, 0xd1, 0x80, 0xaf, 0xc1, 0xd1, 0x80,
  0xad, 0xbf, 0xcf, 0x80, 0xb8, 0xcb, 0xdc, 0x80, 0x58, 0x61, 0x6e, 0x80,
  0x1b, 0x1e, 0x29, 0x80, 0x85, 0x93, 0xa1, 0x80, 0xbd, 0xd1, 0xe1, 0x80,
  0x7e, 0x8b, 0x99, 0x80, 0x0c, 0x0d, 0x18, 0x80, 0x52, 0x5a, 0x68, 0x80,
  0xae, 0xc0, 0xd0, 0x80, 0x4b, 0x53, 0x5f, 0x80, 0x13, 0x15, 0x20, 0x80,
  0x1e, 0x22, 0x2d, 0x80, 0x1c, 0x1f, 0x2a, 0x80, 0x1f, 0x23, 0x2e, 0x80,
  0x0e, 0x10, 0x1a, 0x80, 0x66, 0x70, 0x7e, 0x80, 0xbd, 0xd0, 0xe1, 0x80,
  0xac, 0xbd, 0xcd, 0x80, 0xaf, 0xc1, 0xd1, 0x80, 0xaf, 0xc1, 0xd1, 0x80,
  0xaf, 0xc1, 0xd1, 0x80, 0xaf, 0xc1, 0xd1, 0x80, 0xaf, 0xc1, 0xd1, 0x80,
  0xad, 0xbf, 0xcf, 0x80, 0xb8, 0xcb, 0xdc, 0x80, 0x58, 0x61, 0x6e, 0x80,
  0x1b, 0x1e, 0x29, 0x80, 0x85, 0x93, 0xa1, 0x80, 0xba, 0xcd, 0xde, 0x80,
  0xa0, 0xb0, 0xc0, 0x80, 0x34, 0x3a, 0x45, 0x80, 0x1c, 0x1f, 0x2a, 0x80,
  0x99, 0xa9, 0xb9, 0x80, 0x49, 0x50, 0x5c, 0x80, 0x14, 0x16, 0x21, 0x80,
  0x1e, 0x21, 0x2c, 0x80, 0x1c, 0x1f, 0x2a, 0x80, 0x1f, 0x23, 0x2e, 0x80,
  0x0e, 0x10, 0x1a, 0x80, 0x66, 0x70, 0x7e, 0x80, 0xbd, 0xd0, 0xe1, 0x80,
  0xac, 0xbd, 0xcd, 0x80, 0xaf, 0xc1, 0xd1, 0x80, 0xaf, 0xc1, 0xd1, 0x80,
  0xaf, 0xc1, 0xd1, 0x80, 0xaf, 0xc1, 0xd1, 0x80, 0xaf, 0xc1, 0xd1, 0x80,
  0xaf, 0xc1, 0xd1, 0x80, 0xaf, 0xc1, 0xd1, 0x80, 0xaf, 0xc1, 0xd1, 0x80,
  0xaf, 0xc1, 0xd1, 0x80, 0xaf, 0xc1, 0xd1, 0x80, 0xaf, 0xc1, 0xd1, 0x80,
  0xaf, 0xc1, 0xd1, 0x80, 0xaf, 0xc1, 0xd1, 0x80, 0xaf, 0xc1, 0xd1, 0x80,
  0xaf, 0xc1, 0xd1, 0x80, 0xaf, 0xc1, 0xd1, 0x80, 0xaf, 0xc1, 0xd1, 0x80,
  0xaf, 0xc1, 0xd1, 0x80, 0xaf, 0xc1, 0xd1, 0x80, 0xaf, 0xc1, 0xd1, 0x80,
  0xaf, 0xc1, 0xd1, 0x80, 0xaf, 0xc1, 0xd1, 0x80, 0xaf, 0xc1, 0xd1, 0x80,
  0xaf, 0xc1, 0xd1, 0x80, 0xaf, 0xc1, 0xd1, 0x80, 0xaf, 0xc1, 0xd1, 0x80,
  0xaf, 0xc1, 0xd1, 0x80, 0xaf, 0xc1, 0xd1, 0x80, 0xaf, 0xc1, 0xd1, 0x80,
  0xaf, 0xc1, 0xd1, 0x80, 0xaf, 0xc1, 0xd1, 0x80, 0xaf, 0xc1, 0xd1, 0x80,
  0xaf, 0xc1, 0xd1, 0x80, 0xaf, 0xc1, 0xd1, 0x80, 0xaf, 0xc1, 0xd1, 0x80,
  0xaf, 0xc1, 0xd1, 0x80, 0xaf, 0xc1, 0xd1, 0x80, 0xaf, 0xc1, 0xd1, 0x80,
  0xaf, 0xc1, 0xd1, 0x80, 0xaf, 0xc1, 0xd1, 0x80, 0xaf, 0xc1, 0xd1, 0x80,
  0xaf, 0xc1, 0xd1, 0x80, 0xaf, 0xc1, 0xd1, 0x80, 0xaf, 0xc1, 0xd1, 0x80,
  0xaf, 0xc1, 0xd1, 0x80, 0xaf, 0xc1, 0xd1, 0x80, 0xaf, 0xc1, 0xd1, 0x80,
  0xaf, 0xc1, 0xd1, 0x80, 0xaf, 0xc1, 0xd1, 0x80, 0xaf, 0xc1, 0xd1, 0x80,
  0xaf, 0xc1, 0xd0, 0x79, 0xb0, 0xc2, 0xd2, 0x80, 0xaf, 0xc1, 0xd1, 0x80,
  0xaf, 0xc1, 0xd1, 0x80, 0xaf, 0xc1, 0xd1, 0x80, 0xaf, 0xc1, 0xd1, 0x80,
  0xaf, 0xc1, 0xd1, 0x80, 0xaf, 0xc1, 0xd1, 0x80, 0xaf, 0xc1, 0xd1, 0x80,
  0xaf, 0xc1, 0xd1, 0x80, 0xaf, 0xc1, 0xd1, 0x80, 0xaf, 0xc1, 0xd1, 0x80,
  0xaf, 0xc1, 0xd1, 0x80, 0xaf, 0xc1, 0xd1, 0x80, 0xaf, 0xc1, 0xd1, 0x80,
  0xaf, 0xc1, 0xd1, 0x80, 0xaf, 0xc1, 0xd1, 0x80, 0xaf, 0xc1, 0xd1, 0x80,
  0xaf, 0xc1, 0xd1, 0x80, 0xaf, 0xc1, 0xd1, 0x80, 0xaf, 0xc1, 0xd1, 0x80,
  0xaf, 0xc1, 0xd1, 0x80, 0xb0, 0xc2, 0xd2, 0x80, 0xaf, 0xc1, 0xd0, 0x79,
  0xaf, 0xc1, 0xd1, 0x4f, 0xb4, 0xc7, 0xd8, 0x80, 0xaf, 0xc1, 0xd0, 0x7e,
  0xaf, 0xc1, 0xd1, 0x80, 0xaf, 0xc1, 0xd1, 0x80, 0xaf, 0xc1, 0xd1, 0x80,
  0xaf, 0xc1, 0xd1, 0x80, 0xaf, 0xc1, 0xd1, 0x80, 0xaf, 0xc1, 0xd1, 0x80,
  0xaf, 0xc1, 0xd1, 0x80, 0xaf, 0xc1, 0xd1, 0x80, 0xaf, 0xc1, 0xd1, 0x80,
  0xaf, 0xc1, 0xd1, 0x80, 0xaf, 0xc1, 0xd1, 0x80, 0xaf, 0xc1, 0xd1, 0x80,
  0xaf, 0xc1, 0xd1, 0x80, 0xaf, 0xc1, 0xd1, 0x80, 0xaf, 0xc1, 0xd1, 0x80,
  0xaf, 0xc1, 0xd1, 0x80, 0xaf, 0xc1, 0xd1, 0x80, 0xaf, 0xc1, 0xd1, 0x80,
  0xaf, 0xc1, 0xd1, 0x7e, 0xb4, 0xc6, 0xd7, 0x80, 0xaf, 0xc1, 0xd0, 0x55,
  0xb0, 0xba, 0xcd, 0x0d, 0xaf, 0xc1, 0xd0, 0x63, 0xb1, 0xc4, 0xd4, 0x80,
  0xae, 0xc0, 0xd0, 0x7f, 0xaf, 0xc1, 0xd1, 0x80, 0xaf, 0xc1, 0xd1, 0x80,
  0xaf, 0xc1, 0xd1, 0x80, 0xaf, 0xc1, 0xd1, 0x80, 0xaf, 0xc1, 0xd1, 0x80,
  0xaf, 0xc1, 0xd1, 0x80, 0xaf, 0xc1, 0xd1, 0x80, 0xaf, 0xc1, 0xd1, 0x80,
  0xaf, 0xc1, 0xd1, 0x80, 0xaf, 0xc1, 0xd1, 0x80, 0xaf, 0xc1, 0xd1, 0x80,
  0xaf, 0xc1, 0xd1, 0x80, 0xaf, 0xc1, 0xd1, 0x80, 0xaf, 0xc1, 0xd1, 0x80,
  0xaf, 0xc1, 0xd1, 0x80, 0xaf, 0xc1, 0xd1, 0x80, 0xaf, 0xc1, 0xd1, 0x7e,
  0xb2, 0xc5, 0xd5, 0x80, 0xaf, 0xc0, 0xd1, 0x5e, 0xb2, 0xbf, 0xd8, 0x0a,
};

static unsigned char sprite_select_data[] = {
  0x00, 0x00, 0x00, 0x00, 0x00, 0x00, 0x00, 0x00, 0x00, 0x00, 0x00, 0x00,
  0x00, 0x00, 0x00, 0x00, 0x00, 0x00, 0x00, 0x00, 0x00, 0x00, 0x00, 0x00,
  0x00, 0x00, 0x00, 0x00, 0x00, 0x00, 0x00, 0x00, 0x00, 0x00, 0x00, 0x00,
  0x00, 0x00, 0x00, 0x00, 0x00, 0x00, 0x00, 0x00, 0x00, 0x00, 0x00, 0x00,
  0x00, 0x00, 0x00, 0x00, 0x00, 0x00, 0x00, 0x00, 0x00, 0x00, 0x00, 0x00,
  0x00, 0x00, 0x00, 0x00, 0x00, 0x00, 0x00, 0x00, 0x00, 0x00, 0x00, 0x00,
  0x00, 0x00, 0x00, 0x00, 0x00, 0x00, 0x00, 0x00, 0x00, 0x00, 0x00, 0x00,
  0x00, 0x00, 0x00, 0x00, 0x00, 0x00, 0x00, 0x00, 0x00, 0x00, 0x00, 0x00,
  0x00, 0x00, 0x00, 0x00, 0x00, 0x00, 0x00, 0x00, 0x00, 0x00, 0x00, 0x00,
  0x00, 0x00, 0x00, 0x00, 0x00, 0x00, 0x00, 0x00, 0x00, 0x00, 0x00, 0x00,
  0x00, 0x00, 0x00, 0x00, 0x00, 0x00, 0x00, 0x00, 0x00, 0x00, 0x00, 0x00,
  0x00, 0x00, 0x00, 0x00, 0x00, 0x00, 0x00, 0x00, 0x00, 0x00, 0x00, 0x00,
  0x00, 0x00, 0x00, 0x00, 0x00, 0x00, 0x00, 0x00, 0x00, 0x00, 0x00, 0x00,
  0x00, 0x00, 0x00, 0x00, 0x00, 0x00, 0x00, 0x00, 0x00, 0x00, 0x00, 0x00,
  0x00, 0x00, 0x00, 0x00, 0x00, 0x00, 0x00, 0x00, 0x00, 0x00, 0x00, 0x00,
  0x00, 0x00, 0x00, 0x00, 0x00, 0x00, 0x00, 0x00, 0x00, 0x00, 0x00, 0x00,
  0x00, 0x00, 0x00, 0x00, 0x00, 0x00, 0x00, 0x00, 0x00, 0x00, 0x00, 0x00,
  0x00, 0x00, 0x00, 0x00, 0x00, 0x00, 0x00, 0x00, 0x00, 0x00, 0x00, 0x00,
  0x00, 0x00, 0x00, 0x00, 0x00, 0x00, 0x00, 0x00, 0x00, 0x00, 0x00, 0x00,
  0x00, 0x00, 0x00, 0x00, 0x00, 0x00, 0x00, 0x00, 0x00, 0x00, 0x00, 0x00,
  0x00, 0x00, 0x00, 0x00, 0x00, 0x00, 0x00, 0x00, 0x00, 0x00, 0x00, 0x00,
  0x00, 0x00, 0x00, 0x00, 0x00, 0x00, 0x00, 0x00, 0x00, 0x00, 0x00, 0x00,
  0x00, 0x00, 0x00, 0x00, 0x00, 0x00, 0x00, 0x00, 0x00, 0x00, 0x00, 0x00,
  0x00, 0x00, 0x00, 0x00, 0x00, 0x00, 0x00, 0x00, 0x00, 0x00, 0x00, 0x00,
  0x00, 0x00, 0x00, 0x00, 0x00, 0x00, 0x00, 0x00, 0x00, 0x00, 0x00, 0x00,
  0x00, 0x00, 0x00, 0x00, 0x00, 0x00, 0x00, 0x00, 0x00, 0x00, 0x00, 0x00,
  0x00, 0x00, 0x00, 0x00, 0x00, 0x00, 0x00, 0x00, 0x00, 0x00, 0x00, 0x00,
  0x00, 0x00, 0x00, 0x00, 0x00, 0x00, 0x00, 0x00, 0x00, 0x00, 0x00, 0x00,
  0x00, 0x00, 0x00, 0x00, 0x00, 0x00, 0x00, 0x00, 0x00, 0x00, 0x00, 0x00,
  0x00, 0x00, 0x00, 0x00, 0x00, 0x00, 0x00, 0x00, 0x00, 0x00, 0x00, 0x00,
  0x00, 0x00, 0x00, 0x00, 0x00, 0x00, 0x00, 0x00, 0x00, 0x00, 0x00, 0x00,
  0x00, 0x00, 0x00, 0x00, 0x00, 0x00, 0x00, 0x00, 0x00, 0x00, 0x00, 0x00,
  0x00, 0x00, 0x00, 0x00, 0x00, 0x00, 0x00, 0x00, 0x00, 0x00, 0x00, 0x00,
  0x00, 0x00, 0x00, 0x00, 0x00, 0x00, 0x00, 0x00, 0x00, 0x00, 0x00, 0x00,
  0x00, 0x00, 0x00, 0x00, 0x00, 0x00, 0x00, 0x00, 0x00, 0x00, 0x00, 0x00,
  0x00, 0x00, 0x00, 0x00, 0x00, 0x00, 0x00, 0x00, 0x00, 0x00, 0x00, 0x00,
  0x00, 0x00, 0x00, 0x00, 0x00, 0x00, 0x00, 0x00, 0x00, 0x00, 0x00, 0x00,
  0x00, 0x00, 0x00, 0x00, 0x00, 0x00, 0x00, 0x00, 0x00, 0x00, 0x00, 0x00,
  0x00, 0x00, 0x00, 0x00, 0x00, 0x00, 0x00, 0x00, 0x00, 0x00, 0x00, 0x00,
  0x00, 0x00, 0x00, 0x00, 0x00, 0x00, 0x00, 0x00, 0x00, 0x00, 0x00, 0x00,
  0x00, 0x00, 0x00, 0x00, 0x00, 0x00, 0x00, 0x00, 0x00, 0x00, 0x00, 0x00,
  0x00, 0x00, 0x00, 0x00, 0x00, 0x00, 0x00, 0x00, 0x00, 0x00, 0x00, 0x00,
  0x00, 0x00, 0x00, 0x00, 0x00, 0x00, 0x00, 0x00, 0x00, 0x00, 0x00, 0x00,
  0x00, 0x00, 0x00, 0x00, 0x00, 0x00, 0x00, 0x00, 0x00, 0x00, 0x00, 0x00,
  0x00, 0x00, 0x00, 0x00, 0x00, 0x00, 0x00, 0x00, 0x00, 0x00, 0x00, 0x00,
  0x00, 0x00, 0x00, 0x00, 0x00, 0x00, 0x00, 0x00, 0x00, 0x00, 0x00, 0x00,
  0x00, 0x00, 0x00, 0x00, 0x00, 0x00, 0x00, 0x00, 0x00, 0x00, 0x00, 0x00,
  0x00, 0x00, 0x00, 0x00, 0x00, 0x00, 0x00, 0x00, 0x00, 0x00, 0x00, 0x00,
  0x00, 0x00, 0x00, 0x00, 0x00, 0x00, 0x00, 0x00, 0x00, 0x00, 0x00, 0x00,
  0x00, 0x00, 0x00, 0x00, 0x00, 0x00, 0x00, 0x00, 0x00, 0x00, 0x00, 0x00,
  0x00, 0x00, 0x00, 0x00, 0x00, 0x00, 0x00, 0x00, 0x00, 0x00, 0x00, 0x00,
  0x00, 0x00, 0x00, 0x00, 0x00, 0x00, 0x00, 0x00, 0x00, 0x00, 0x00, 0x00,
  0x00, 0x00, 0x00, 0x00, 0x00, 0x00, 0x00, 0x00, 0x00, 0x00, 0x00, 0x00,
  0x00, 0x00, 0x00, 0x00, 0x00, 0x00, 0x00, 0x00, 0x00, 0x00, 0x00, 0x00,
  0x00, 0x00, 0x00, 0x00, 0x00, 0x00, 0x00, 0x00, 0x00, 0x00, 0x00, 0x00,
  0x00, 0x00, 0x00, 0x00, 0x00, 0x00, 0x00, 0x00, 0x00, 0x00, 0x00, 0x00,
  0x00, 0x00, 0x00, 0x00, 0x00, 0x00, 0x00, 0x00, 0x00, 0x00, 0x00, 0x00,
  0x00, 0x00, 0x00, 0x00, 0x00, 0x00, 0x00, 0x00, 0x00, 0x00, 0x00, 0x00,
  0x00, 0x00, 0x00, 0x00, 0x00, 0x00, 0x00, 0x00, 0x00, 0x00, 0x00, 0x00,
  0x00, 0x00, 0x00, 0x00, 0x00, 0x00, 0x00, 0x00, 0x00, 0x00, 0x00, 0x00,
  0x00, 0x00, 0x00, 0x00, 0x00, 0x00, 0x00, 0x00, 0x00, 0x00, 0x00, 0x00,
  0x00, 0x00, 0x00, 0x00, 0x00, 0x00, 0x00, 0x00, 0x00, 0x00, 0x00, 0x00,
  0x00, 0x00, 0x00, 0x00, 0x00, 0x00, 0x00, 0x00, 0x00, 0x00, 0x00, 0x00,
  0x00, 0x00, 0x00, 0x00, 0x00, 0x00, 0x00, 0x00, 0x00, 0x00, 0x00, 0x00,
  0x00, 0x00, 0x00, 0x00, 0x00, 0x00, 0x00, 0x00, 0x00, 0x00, 0x00, 0x00,
  0x00, 0x00, 0x00, 0x00, 0x00, 0x00, 0x00, 0x00, 0x00, 0x00, 0x00, 0x00,
  0x00, 0x00, 0x00, 0x00, 0x00, 0x00, 0x00, 0x00, 0x00, 0x00, 0x00, 0x00,
  0x00, 0x00, 0x00, 0x00, 0x00, 0x00, 0x00, 0x00, 0x00, 0x00, 0x00, 0x00,
  0x00, 0x00, 0x00, 0x00, 0x00, 0x00, 0x00, 0x00, 0x00, 0x00, 0x00, 0x00,
  0x00, 0x00, 0x00, 0x00, 0x00, 0x00, 0x00, 0x00, 0x00, 0x00, 0x00, 0x00,
  0x00, 0x00, 0x00, 0x00, 0x00, 0x00, 0x00, 0x00, 0x00, 0x00, 0x00, 0x00,
  0x00, 0x00, 0x00, 0x00, 0x00, 0x00, 0x00, 0x00, 0x00, 0x00, 0x00, 0x00,
  0x00, 0x00, 0x00, 0x00, 0x00, 0x00, 0x00, 0x00, 0xff, 0xff, 0xff, 0x00,
  0x00, 0x00, 0x00, 0x00, 0xbf, 0xbf, 0xbf, 0x02, 0xaf, 0xc1, 0xd1, 0x4e,
  0xaf, 0xc1, 0xd1, 0x7c, 0xaf, 0xc1, 0xd1, 0x80, 0xaf, 0xc1, 0xd1, 0x80,
  0xaf, 0xc1, 0xd1, 0x80, 0xaf, 0xc1, 0xd1, 0x80, 0xaf, 0xc1, 0xd1, 0x80,
  0xaf, 0xc1, 0xd1, 0x80, 0xaf, 0xc1, 0xd1, 0x80, 0xaf, 0xc1, 0xd1, 0x80,
  0xaf, 0xc1, 0xd1, 0x80, 0xae, 0xc0, 0xd0, 0x7f, 0xb0, 0xc2, 0xd2, 0x80,
  0xaf, 0xc1, 0xd0, 0x7c, 0xaf, 0xc1, 0xd1, 0x32, 0x00, 0x00, 0x00, 0x00,
  0xff, 0xff, 0xff, 0x00, 0x00, 0x00, 0x00, 0x00, 0x00, 0x00, 0x00, 0x00,
  0x00, 0x00, 0x00, 0x00, 0x00, 0x00, 0x00, 0x00, 0xaa, 0xaa, 0xaa, 0x01,
  0x00, 0x00, 0x00, 0x00, 0xae, 0xbf, 0xd0, 0x44, 0xb9, 0xcd, 0xdd, 0x80,
  0xae, 0xc1, 0xd1, 0x7d, 0xaf, 0xc1, 0xd1, 0x80, 0xaf, 0xc1, 0xd1, 0x80,
  0xaf, 0xc1, 0xd1, 0x80, 0xaf, 0xc1, 0xd1, 0x80, 0xaf, 0xc1, 0xd1, 0x80,
  0xaf, 0xc1, 0xd1, 0x80, 0xaf, 0xc1, 0xd1, 0x80, 0xaf, 0xc1, 0xd1, 0x80,
  0xaf, 0xc1, 0xd1, 0x80, 0xaf, 0xc1, 0xd1, 0x80, 0xaf, 0xc1, 0xd1, 0x80,
  0xaf, 0xc0, 0xd0, 0x7e, 0xb4, 0xc7, 0xd8, 0x80, 0xb0, 0xc0, 0xd1, 0x27,
  0x00, 0x00, 0x00, 0x00, 0x7f, 0xff, 0xff, 0x01, 0x00, 0x00, 0x00, 0x00,
  0x00, 0x00, 0x00, 0x00, 0x7f, 0xff, 0xff, 0x01, 0x00, 0x00, 0x00, 0x00,
  0xac, 0xc3, 0xd2, 0x11, 0xaf, 0xc1, 0xd1, 0x72, 0xb2, 0xc4, 0xd5, 0x80,
  0xaf, 0xc1, 0xd1, 0x7e, 0xaf, 0xc1, 0xd1, 0x80, 0xaf, 0xc1, 0xd1, 0x80,
  0xaf, 0xc1, 0xd1, 0x80, 0xaf, 0xc1, 0xd1, 0x80, 0xaf, 0xc1, 0xd1, 0x80,
  0xaf, 0xc1, 0xd1, 0x80, 0xaf, 0xc1, 0xd1, 0x80, 0xaf, 0xc1, 0xd1, 0x80,
  0xaf, 0xc1, 0xd1, 0x80, 0xaf, 0xc1, 0xd1, 0x80, 0xaf, 0xc1, 0xd1, 0x80,
  0xae, 0xc0, 0xd0, 0x7f, 0xb4, 0xc6, 0xd7, 0x80, 0xae, 0xc0, 0xcf, 0x64,
  0xaa, 0xaa, 0xaa, 0x01, 0x00, 0x00, 0x00, 0x00, 0x00, 0x00, 0x00, 0x00,
  0x00, 0x00, 0x00, 0x00, 0xaa, 0xaa, 0xaa, 0x01, 0x00, 0x00, 0x00, 0x00,
  0xae, 0xbf, 0xd0, 0x1e, 0xbc, 0xd0, 0xe1, 0x80, 0xae, 0xc1, 0xd0, 0x7d,
  0xaf, 0xc1, 0xd1, 0x80, 0xaf, 0xc1, 0xd1, 0x80, 0xaf, 0xc1, 0xd1, 0x80,
  0xaf, 0xc1, 0xd1, 0x80, 0xaf, 0xc1, 0xd1, 0x80, 0xaf, 0xc1, 0xd1, 0x80,
  0xaf, 0xc1, 0xd1, 0x80, 0xaf, 0xc1, 0xd1, 0x80, 0xaf, 0xc1, 0xd1, 0x80,
  0xaf, 0xc1, 0xd1, 0x80, 0xaf, 0xc1, 0xd1, 0x80, 0xaf, 0xc1, 0xd1, 0x80,
  0xaf, 0xc1, 0xd1, 0x7f, 0xb2, 0xc4, 0xd4, 0x80, 0xae, 0xc1, 0xd0, 0x75,
  0xb6, 0xda, 0xda, 0x03, 0x00, 0x00, 0x00, 0x00, 0x00, 0x00, 0x00, 0x00,
  0x00, 0x00, 0x00, 0x00, 0xaa, 0xaa, 0xaa, 0x01, 0x00, 0x00, 0x00, 0x00,
  0xae, 0xbf, 0xd0, 0x1e, 0xbc, 0xd0, 0xe1, 0x80, 0xae, 0xc1, 0xd0, 0x7d,
  0xaf, 0xc1, 0xd1, 0x80, 0xaf, 0xc1, 0xd1, 0x80, 0xaf, 0xc1, 0xd1, 0x80,
  0xaf, 0xc1, 0xd1, 0x80, 0xaf, 0xc1, 0xd1, 0x80, 0xaf, 0xc1, 0xd1, 0x80,
  0xaf, 0xc1, 0xd1, 0x80, 0xaf, 0xc1, 0xd1, 0x80, 0xaf, 0xc1, 0xd1, 0x80,
  0xaf, 0xc1, 0xd1, 0x80, 0xaf, 0xc1, 0xd1, 0x80, 0xaf, 0xc1, 0xd1, 0x80,
  0xaf, 0xc1, 0xd1, 0x80, 0xb1, 0xc3, 0xd3, 0x80, 0xaf, 0xc0, 0xd1, 0x7b,
  0xaa, 0xc6, 0xc6, 0x04, 0x00, 0x00, 0x00, 0x00, 0x00, 0x00, 0x00, 0x00,
  0x00, 0x00, 0x00, 0x00, 0xaa, 0xaa, 0xaa, 0x01, 0x00, 0x00, 0x00, 0x00,
  0xae, 0xbf, 0xd0, 0x1e, 0xbc, 0xd0, 0xe1, 0x80, 0xae, 0xc1, 0xd0, 0x7d,
  0xaf, 0xc1, 0xd1, 0x80, 0xaf, 0xc1, 0xd1, 0x80, 0xaf, 0xc1, 0xd1, 0x80,
  0xaf, 0xc1, 0xd1, 0x80, 0xaf, 0xc1, 0xd1, 0x80, 0xaf, 0xc1, 0xd1, 0x80,
  0xaf, 0xc1, 0xd1, 0x80, 0xaf, 0xc1, 0xd1, 0x80, 0xaf, 0xc1, 0xd1, 0x80,
  0xaf, 0xc1, 0xd1, 0x80, 0xaf, 0xc1, 0xd1, 0x80, 0xaf, 0xc1, 0xd1, 0x80,
  0xaf, 0xc1, 0xd1, 0x80, 0xb1, 0xc3, 0xd3, 0x80, 0xaf, 0xc0, 0xd1, 0x7b,
  0xaa, 0xc6, 0xc6, 0x04, 0x00, 0x00, 0x00, 0x00, 0x00, 0x00, 0x00, 0x00,
  0x00, 0x00, 0x00, 0x00, 0xaa, 0xaa, 0xaa, 0x01, 0x00, 0x00, 0x00, 0x00,
  0xae, 0xbf, 0xd0, 0x1e, 0xbc, 0xd0, 0xe1, 0x80, 0xae, 0xc1, 0xd0, 0x7d,
  0xaf, 0xc1, 0xd1, 0x80, 0xaf, 0xc1, 0xd1, 0x80, 0xaf, 0xc1, 0xd1, 0x80,
  0xaf, 0xc1, 0xd1, 0x80, 0xaf, 0xc1, 0xd1, 0x80, 0xaf, 0xc1, 0xd1, 0x80,
  0xaf, 0xc1, 0xd1, 0x80, 0xaf, 0xc1, 0xd1, 0x80, 0xaf, 0xc1, 0xd1, 0x80,
  0xaf, 0xc1, 0xd1, 0x80, 0xaf, 0xc1, 0xd1, 0x80, 0xaf, 0xc1, 0xd1, 0x80,
  0xaf, 0xc1, 0xd1, 0x80, 0xb1, 0xc3, 0xd3, 0x80, 0xaf, 0xc0, 0xd1, 0x7b,
  0xaa, 0xc6, 0xc6, 0x04, 0x00, 0x00, 0x00, 0x00, 0x00, 0x00, 0x00, 0x00,
  0x00, 0x00, 0x00, 0x00, 0xaa, 0xaa, 0xaa, 0x01, 0x00, 0x00, 0x00, 0x00,
  0xae, 0xbf, 0xd0, 0x1e, 0xbc, 0xd0, 0xe1, 0x80, 0xae, 0xc1, 0xd0, 0x7d,
  0xaf, 0xc1, 0xd1, 0x80, 0xaf, 0xc1, 0xd1, 0x80, 0xaf, 0xc1, 0xd1, 0x80,
  0xaf, 0xc1, 0xd1, 0x80, 0xaf, 0xc1, 0xd1, 0x80, 0xaf, 0xc1, 0xd1, 0x80,
  0xaf, 0xc1, 0xd1, 0x80, 0xaf, 0xc1, 0xd1, 0x80, 0xaf, 0xc1, 0xd1, 0x80,
  0xaf, 0xc1, 0xd1, 0x80, 0xaf, 0xc1, 0xd1, 0x80, 0xaf, 0xc1, 0xd1, 0x80,
  0xaf, 0xc1, 0xd1, 0x80, 0xb1, 0xc3, 0xd3, 0x80, 0xaf, 0xc0, 0xd1, 0x7b,
  0xaa, 0xc6, 0xc6, 0x04, 0x00, 0x00, 0x00, 0x00, 0x00, 0x00, 0x00, 0x00,
  0x00, 0x00, 0x00, 0x00, 0xaa, 0xaa, 0xaa, 0x01, 0x00, 0x00, 0x00, 0x00,
  0xae, 0xbf, 0xd0, 0x1e, 0xbc, 0xd0, 0xe1, 0x80, 0xae, 0xc1, 0xd0, 0x7d,
  0xaf, 0xc1, 0xd1, 0x80, 0xaf, 0xc1, 0xd1, 0x80, 0xaf, 0xc1, 0xd1, 0x80,
  0xaf, 0xc1, 0xd1, 0x80, 0xaf, 0xc1, 0xd1, 0x80, 0xaf, 0xc1, 0xd1, 0x80,
  0xaf, 0xc1, 0xd1, 0x80, 0xaf, 0xc1, 0xd1, 0x80, 0xaf, 0xc1, 0xd1, 0x80,
  0xaf, 0xc1, 0xd1, 0x80, 0xaf, 0xc1, 0xd1, 0x80, 0xaf, 0xc1, 0xd1, 0x80,
  0xaf, 0xc1, 0xd1, 0x80, 0xb1, 0xc3, 0xd3, 0x80, 0xaf, 0xc0, 0xd1, 0x7b,
  0xaa, 0xc6, 0xc6, 0x04, 0x00, 0x00, 0x00, 0x00, 0x00, 0x00, 0x00, 0x00,
  0x00, 0x00, 0x00, 0x00, 0xaa, 0xaa, 0xaa, 0x01, 0x00, 0x00, 0x00, 0x00,
  0xae, 0xbf, 0xd0, 0x1e, 0xbc, 0xd0, 0xe1, 0x80, 0xae, 0xc1, 0xd0, 0x7d,
  0xaf, 0xc1, 0xd1, 0x80, 0xaf, 0xc1, 0xd1, 0x80, 0xaf, 0xc1, 0xd1, 0x80,
  0xaf, 0xc1, 0xd1, 0x80, 0xaf, 0xc1, 0xd1, 0x80, 0xaf, 0xc1, 0xd1, 0x80,
  0xaf, 0xc1, 0xd1, 0x80, 0xaf, 0xc1, 0xd1, 0x80, 0xaf, 0xc1, 0xd1, 0x80,
  0xaf, 0xc1, 0xd1, 0x80, 0xaf, 0xc1, 0xd1, 0x80, 0xaf, 0xc1, 0xd1, 0x80,
  0xaf, 0xc1, 0xd1, 0x80, 0xb1, 0xc3, 0xd3, 0x80, 0xaf, 0xc0, 0xd1, 0x7b,
  0xaa, 0xc6, 0xc6, 0x04, 0x00, 0x00, 0x00, 0x00, 0x00, 0x00, 0x00, 0x00,
  0x00, 0x00, 0x00, 0x00, 0xaa, 0xaa, 0xaa, 0x01, 0x00, 0x00, 0x00, 0x00,
  0xb0, 0xbe, 0xd0, 0x1b, 0xb6, 0xc9, 0xd9, 0x80, 0xae, 0xc0, 0xd0, 0x7e,
  0xaf, 0xc1, 0xd1, 0x80, 0xaf, 0xc1, 0xd1, 0x80, 0xaf, 0xc1, 0xd1, 0x80,
  0xaf, 0xc1, 0xd1, 0x80, 0xaf, 0xc1, 0xd1, 0x80, 0xaf, 0xc1, 0xd1, 0x80,
  0xaf, 0xc1, 0xd1, 0x80, 0xaf, 0xc1, 0xd1, 0x80, 0xaf, 0xc1, 0xd1, 0x80,
  0xaf, 0xc1, 0xd1, 0x80, 0xaf, 0xc1, 0xd1, 0x80, 0xaf, 0xc1, 0xd1, 0x80,
  0xaf, 0xc1, 0xd1, 0x80, 0xb1, 0xc3, 0xd3, 0x80, 0xaf, 0xc0, 0xd1, 0x7b,
  0xaa, 0xc6, 0xc6, 0x04, 0x00, 0x00, 0x00, 0x00, 0x00, 0x00, 0x00, 0x00,
  0x00, 0x00, 0x00, 0x00, 0xff, 0xff, 0xff, 0x01, 0x00, 0x00, 0x00, 0x00,
  0xb0, 0xc4, 0xd1, 0x13, 0xaf, 0xc1, 0xd1, 0x76, 0xb1, 0xc3, 0xd3, 0x80,
  0xae, 0xc0, 0xd0, 0x7f, 0xaf, 0xc1, 0xd1, 0x80, 0xaf, 0xc1, 0xd1, 0x80,
  0xaf, 0xc1, 0xd1, 0x80, 0xaf, 0xc1, 0xd1, 0x80, 0xaf, 0xc1, 0xd1, 0x80,
  0xaf, 0xc1, 0xd1, 0x80, 0xaf, 0xc1, 0xd1, 0x80, 0xaf, 0xc1, 0xd1, 0x80,
  0xaf, 0xc1, 0xd1, 0x80, 0xaf, 0xc1, 0xd1, 0x80, 0xaf, 0xc1, 0xd1, 0x80,
  0xaf, 0xc1, 0xd1, 0x7e, 0xb4, 0xc7, 0xd8, 0x80, 0xae, 0xc0, 0xd0, 0x5e,
  0xff, 0xff, 0xff, 0x00, 0x00, 0x00, 0x00, 0x00, 0x00, 0x00, 0x00, 0x00,
  0x00, 0x00, 0x00, 0x00, 0x00, 0x00, 0x00, 0x00, 0xaa, 0xaa, 0xaa, 0x01,
  0x00, 0x00, 0x00, 0x00, 0xae, 0xbf, 0xd0, 0x44, 0xb9, 0xcd, 0xdd, 0x80,
  0xae, 0xc1, 0xd1, 0x7d, 0xaf, 0xc1, 0xd1, 0x80, 0xaf, 0xc1, 0xd1, 0x80,
  0xaf, 0xc1, 0xd1, 0x80, 0xaf, 0xc1, 0xd1, 0x80, 0xaf, 0xc1, 0xd1, 0x80,
  0xaf, 0xc1, 0xd1, 0x80, 0xaf, 0xc1, 0xd1, 0x80, 0xaf, 0xc1, 0xd1, 0x80,
  0xaf, 0xc1, 0xd1, 0x80, 0xaf, 0xc1, 0xd1, 0x80, 0xaf, 0xc1, 0xd1, 0x80,
  0xaf, 0xc0, 0xd0, 0x7e, 0xb4, 0xc7, 0xd8, 0x80, 0xb0, 0xc0, 0xd1, 0x27,
  0x00, 0x00, 0x00, 0x00, 0x7f, 0xff, 0xff, 0x01, 0x00, 0x00, 0x00, 0x00,
  0x00, 0x00, 0x00, 0x00, 0x00, 0x00, 0x00, 0x00, 0xff, 0xff, 0xff, 0x00,
  0x00, 0x00, 0x00, 0x00, 0xbf, 0xbf, 0xbf, 0x02, 0xaf, 0xc0, 0xd1, 0x49,
  0xb2, 0xc4, 0xd5, 0x80, 0xae, 0xc0, 0xd0, 0x7f, 0xaf, 0xc1, 0xd1, 0x80,
  0xaf, 0xc1, 0xd1, 0x80, 0xaf, 0xc1, 0xd1, 0x80, 0xaf, 0xc1, 0xd1, 0x80,
  0xaf, 0xc1, 0xd1, 0x80, 0xaf, 0xc1, 0xd1, 0x80, 0xaf, 0xc1, 0xd1, 0x80,
  0xaf, 0xc1, 0xd1, 0x80, 0xaf, 0xc1, 0xd1, 0x80, 0xae, 0xc0, 0xd0, 0x7f,
  0xae, 0xc1, 0xd0, 0x79, 0xb0, 0xc0, 0xd0, 0x37, 0x00, 0x00, 0x00, 0x00,
  0x7f, 0x7f, 0x7f, 0x01, 0x00, 0x00, 0x00, 0x00, 0x00, 0x00, 0x00, 0x00,
  0x00, 0x00, 0x00, 0x00, 0x00, 0x00, 0x00, 0x00, 0x00, 0x00, 0x00, 0x00,
  0x00, 0x00, 0x00, 0x00, 0x00, 0x00, 0x00, 0x00, 0x00, 0x00, 0x00, 0x00,
  0x00, 0x00, 0x00, 0x00, 0x00, 0x00, 0x00, 0x00, 0x00, 0x00, 0x00, 0x00,
  0x00, 0x00, 0x00, 0x00, 0x00, 0x00, 0x00, 0x00, 0x00, 0x00, 0x00, 0x00,
  0x00, 0x00, 0x00, 0x00, 0x00, 0x00, 0x00, 0x00, 0x00, 0x00, 0x00, 0x00,
  0x00, 0x00, 0x00, 0x00, 0x00, 0x00, 0x00, 0x00, 0x00, 0x00, 0x00, 0x00,
  0x00, 0x00, 0x00, 0x00, 0x00, 0x00, 0x00, 0x00, 0x00, 0x00, 0x00, 0x00,
  0x00, 0x00, 0x00, 0x00, 0x00, 0x00, 0x00, 0x00, 0x00, 0x00, 0x00, 0x00,
  0x00, 0x00, 0x00, 0x00, 0x00, 0x00, 0x00, 0x00, 0x00, 0x00, 0x00, 0x00,
  0x00, 0x00, 0x00, 0x00, 0x00, 0x00, 0x00, 0x00, 0x00, 0x00, 0x00, 0x00,
  0x00, 0x00, 0x00, 0x00, 0x00, 0x00, 0x00, 0x00, 0x00, 0x00, 0x00, 0x00,
  0x00, 0x00, 0x00, 0x00, 0x00, 0x00, 0x00, 0x00, 0x00, 0x00, 0x00, 0x00,
  0x00, 0x00, 0x00, 0x00, 0x00, 0x00, 0x00, 0x00, 0x00, 0x00, 0x00, 0x00,
  0x00, 0x00, 0x00, 0x00, 0x00, 0x00, 0x00, 0x00, 0x00, 0x00, 0x00, 0x00,
  0x00, 0x00, 0x00, 0x00, 0x00, 0x00, 0x00, 0x00, 0x00, 0x00, 0x00, 0x00,
  0x00, 0x00, 0x00, 0x00, 0x00, 0x00, 0x00, 0x00, 0x00, 0x00, 0x00, 0x00,
  0x00, 0x00, 0x00, 0x00, 0x00, 0x00, 0x00, 0x00, 0x00, 0x00, 0x00, 0x00,
  0x00, 0x00, 0x00, 0x00, 0x00, 0x00, 0x00, 0x00, 0x00, 0x00, 0x00, 0x00,
  0x00, 0x00, 0x00, 0x00, 0x00, 0x00, 0x00, 0x00, 0x00, 0x00, 0x00, 0x00,
  0x00, 0x00, 0x00, 0x00, 0x00, 0x00, 0x00, 0x00, 0x00, 0x00, 0x00, 0x00,
  0x00, 0x00, 0x00, 0x00, 0x00, 0x00, 0x00, 0x00, 0x00, 0x00, 0x00, 0x00,
  0x00, 0x00, 0x00, 0x00, 0x00, 0x00, 0x00, 0x00, 0x00, 0x00, 0x00, 0x00,
  0x00, 0x00, 0x00, 0x00, 0x00, 0x00, 0x00, 0x00, 0x00, 0x00, 0x00, 0x00,
  0x00, 0x00, 0x00, 0x00, 0x00, 0x00, 0x00, 0x00, 0x00, 0x00, 0x00, 0x00,
  0x00, 0x00, 0x00, 0x00, 0x00, 0x00, 0x00, 0x00, 0x00, 0x00, 0x00, 0x00,
  0x00, 0x00, 0x00, 0x00, 0x00, 0x00, 0x00, 0x00, 0x00, 0x00, 0x00, 0x00,
  0x00, 0x00, 0x00, 0x00, 0x00, 0x00, 0x00, 0x00, 0x00, 0x00, 0x00, 0x00,
  0x00, 0x00, 0x00, 0x00, 0x00, 0x00, 0x00, 0x00, 0x00, 0x00, 0x00, 0x00,
  0x00, 0x00, 0x00, 0x00, 0x00, 0x00, 0x00, 0x00, 0x00, 0x00, 0x00, 0x00,
  0x00, 0x00, 0x00, 0x00, 0x00, 0x00, 0x00, 0x00, 0x00, 0x00, 0x00, 0x00,
  0x00, 0x00, 0x00, 0x00, 0x00, 0x00, 0x00, 0x00, 0x00, 0x00, 0x00, 0x00,
  0x00, 0x00, 0x00, 0x00, 0x00, 0x00, 0x00, 0x00, 0x00, 0x00, 0x00, 0x00,
  0x00, 0x00, 0x00, 0x00, 0x00, 0x00, 0x00, 0x00, 0x00, 0x00, 0x00, 0x00,
  0x00, 0x00, 0x00, 0x00, 0x00, 0x00, 0x00, 0x00, 0x00, 0x00, 0x00, 0x00,
  0x00, 0x00, 0x00, 0x00, 0x00, 0x00, 0x00, 0x00, 0x00, 0x00, 0x00, 0x00,
  0x00, 0x00, 0x00, 0x00, 0x00, 0x00, 0x00, 0x00, 0x00, 0x00, 0x00, 0x00,
  0x00, 0x00, 0x00, 0x00, 0x00, 0x00, 0x00, 0x00, 0x00, 0x00, 0x00, 0x00,
  0x00, 0x00, 0x00, 0x00, 0x00, 0x00, 0x00, 0x00, 0x00, 0x00, 0x00, 0x00,
  0x00, 0x00, 0x00, 0x00, 0x00, 0x00, 0x00, 0x00, 0x00, 0x00, 0x00, 0x00,
  0x00, 0x00, 0x00, 0x00, 0x00, 0x00, 0x00, 0x00, 0x00, 0x00, 0x00, 0x00,
  0x00, 0x00, 0x00, 0x00, 0x00, 0x00, 0x00, 0x00, 0x00, 0x00, 0x00, 0x00,
  0x00, 0x00, 0x00, 0x00, 0x00, 0x00, 0x00, 0x00, 0x00, 0x00, 0x00, 0x00,
  0x00, 0x00, 0x00, 0x00, 0x00, 0x00, 0x00, 0x00, 0x00, 0x00, 0x00, 0x00,
  0x00, 0x00, 0x00, 0x00, 0x00, 0x00, 0x00, 0x00, 0x00, 0x00, 0x00, 0x00,
  0x00, 0x00, 0x00, 0x00, 0x00, 0x00, 0x00, 0x00, 0x00, 0x00, 0x00, 0x00,
  0x00, 0x00, 0x00, 0x00, 0x00, 0x00, 0x00, 0x00, 0x00, 0x00, 0x00, 0x00,
  0x00, 0x00, 0x00, 0x00, 0x00, 0x00, 0x00, 0x00, 0x00, 0x00, 0x00, 0x00,
  0x00, 0x00, 0x00, 0x00, 0x00, 0x00, 0x00, 0x00, 0x00, 0x00, 0x00, 0x00,
  0x00, 0x00, 0x00, 0x00, 0x00, 0x00, 0x00, 0x00, 0x00, 0x00, 0x00, 0x00,
  0x00, 0x00, 0x00, 0x00, 0x00, 0x00, 0x00, 0x00, 0x00, 0x00, 0x00, 0x00,
  0x00, 0x00, 0x00, 0x00, 0x00, 0x00, 0x00, 0x00, 0x00, 0x00, 0x00, 0x00,
  0x00, 0x00, 0x00, 0x00, 0x00, 0x00, 0x00, 0x00, 0x00, 0x00, 0x00, 0x00,
  0x00, 0x00, 0x00, 0x00, 0x00, 0x00, 0x00, 0x00, 0x00, 0x00, 0x00, 0x00,
  0x00, 0x00, 0x00, 0x00, 0x00, 0x00, 0x00, 0x00, 0x00, 0x00, 0x00, 0x00,
  0x00, 0x00, 0x00, 0x00, 0x00, 0x00, 0x00, 0x00, 0x00, 0x00, 0x00, 0x00,
  0x00, 0x00, 0x00, 0x00, 0x00, 0x00, 0x00, 0x00, 0x00, 0x00, 0x00, 0x00,
  0x00, 0x00, 0x00, 0x00, 0x00, 0x00, 0x00, 0x00, 0x00, 0x00, 0x00, 0x00,
  0x00, 0x00, 0x00, 0x00, 0x00, 0x00, 0x00, 0x00, 0x00, 0x00, 0x00, 0x00,
  0x00, 0x00, 0x00, 0x00, 0x00, 0x00, 0x00, 0x00, 0x00, 0x00, 0x00, 0x00,
  0x00, 0x00, 0x00, 0x00, 0x00, 0x00, 0x00, 0x00, 0x00, 0x00, 0x00, 0x00,
  0x00, 0x00, 0x00, 0x00, 0x00, 0x00, 0x00, 0x00, 0x00, 0x00, 0x00, 0x00,
  0x00, 0x00, 0x00, 0x00, 0x00, 0x00, 0x00, 0x00, 0x00, 0x00, 0x00, 0x00,
  0x00, 0x00, 0x00, 0x00, 0x00, 0x00, 0x00, 0x00, 0x00, 0x00, 0x00, 0x00,
  0x00, 0x00, 0x00, 0x00, 0x00, 0x00, 0x00, 0x00, 0x00, 0x00, 0x00, 0x00,
  0x00, 0x00, 0x00, 0x00, 0x00, 0x00, 0x00, 0x00, 0x00, 0x00, 0x00, 0x00,
  0x00, 0x00, 0x00, 0x00, 0x00, 0x00, 0x00, 0x00, 0x00, 0x00, 0x00, 0x00,
  0x00, 0x00, 0x00, 0x00, 0x00, 0x00, 0x00, 0x00, 0x00, 0x00, 0x00, 0x00,
  0x00, 0x00, 0x00, 0x00, 0x00, 0x00, 0x00, 0x00, 0x00, 0x00, 0x00, 0x00,
  0x00, 0x00, 0x00, 0x00, 0x00, 0x00, 0x00, 0x00, 0x00, 0x00, 0x00, 0x00,
  0x00, 0x00, 0x00, 0x00, 0x00, 0x00, 0x00, 0x00, 0x00, 0x00, 0x00, 0x00,
  0x00, 0x00, 0x00, 0x00, 0x00, 0x00, 0x00, 0x00, 0x00, 0x00, 0x00, 0x00,
  0x00, 0x00, 0x00, 0x00, 0x00, 0x00, 0x00, 0x00, 0x00, 0x00, 0x00, 0x00,
};

static unsigned char sprite_start_data[] = {
  0x00, 0x00, 0x00, 0x00, 0x00, 0x00, 0x00, 0x00, 0x00, 0x00, 0x00, 0x00,
  0x00, 0x00, 0x00, 0x00, 0x00, 0x00, 0x00, 0x00, 0x00, 0x00, 0x00, 0x00,
  0x00, 0x00, 0x00, 0x00, 0x00, 0x00, 0x00, 0x00, 0x00, 0x00, 0x00, 0x00,
  0x00, 0x00, 0x00, 0x00, 0x00, 0x00, 0x00, 0x00, 0x00, 0x00, 0x00, 0x00,
  0x00, 0x00, 0x00, 0x00, 0x00, 0x00, 0x00, 0x00, 0x00, 0x00, 0x00, 0x00,
  0x00, 0x00, 0x00, 0x00, 0x00, 0x00, 0x00, 0x00, 0x00, 0x00, 0x00, 0x00,
  0x00, 0x00, 0x00, 0x00, 0x00, 0x00, 0x00, 0x00, 0x00, 0x00, 0x00, 0x00,
  0x00, 0x00, 0x00, 0x00, 0x00, 0x00, 0x00, 0x00, 0x00, 0x00, 0x00, 0x00,
  0x00, 0x00, 0x00, 0x00, 0x00, 0x00, 0x00, 0x00, 0x00, 0x00, 0x00, 0x00,
  0x00, 0x00, 0x00, 0x00, 0x00, 0x00, 0x00, 0x00, 0x00, 0x00, 0x00, 0x00,
  0x00, 0x00, 0x00, 0x00, 0x00, 0x00, 0x00, 0x00, 0x00, 0x00, 0x00, 0x00,
  0x00, 0x00, 0x00, 0x00, 0x00, 0x00, 0x00, 0x00, 0x00, 0x00, 0x00, 0x00,
  0x00, 0x00, 0x00, 0x00, 0x00, 0x00, 0x00, 0x00, 0x00, 0x00, 0x00, 0x00,
  0x00, 0x00, 0x00, 0x00, 0x00, 0x00, 0x00, 0x00, 0x00, 0x00, 0x00, 0x00,
  0x00, 0x00, 0x00, 0x00, 0x00, 0x00, 0x00, 0x00, 0x00, 0x00, 0x00, 0x00,
  0x00, 0x00, 0x00, 0x00, 0x00, 0x00, 0x00, 0x00, 0x00, 0x00, 0x00, 0x00,
  0x00, 0x00, 0x00, 0x00, 0x00, 0x00, 0x00, 0x00, 0x00, 0x00, 0x00, 0x00,
  0x00, 0x00, 0x00, 0x00, 0x00, 0x00, 0x00, 0x00, 0x00, 0x00, 0x00, 0x00,
  0x00, 0x00, 0x00, 0x00, 0x00, 0x00, 0x00, 0x00, 0x00, 0x00, 0x00, 0x00,
  0x00, 0x00, 0x00, 0x00, 0x00, 0x00, 0x00, 0x00, 0x00, 0x00, 0x00, 0x00,
  0x00, 0x00, 0x00, 0x00, 0x00, 0x00, 0x00, 0x00, 0x00, 0x00, 0x00, 0x00,
  0x00, 0x00, 0x00, 0x00, 0x00, 0x00, 0x00, 0x00, 0x00, 0x00, 0x00, 0x00,
  0x00, 0x00, 0x00, 0x00, 0x00, 0x00, 0x00, 0x00, 0x00, 0x00, 0x00, 0x00,
  0x00, 0x00, 0x00, 0x00, 0x00, 0x00, 0x00, 0x00, 0x00, 0x00, 0x00, 0x00,
  0x00, 0x00, 0x00, 0x00, 0x00, 0x00, 0x00, 0x00, 0x00, 0x00, 0x00, 0x00,
  0x00, 0x00, 0x00, 0x00, 0x00, 0x00, 0x00, 0x00, 0x00, 0x00, 0x00, 0x00,
  0x00, 0x00, 0x00, 0x00, 0x00, 0x00, 0x00, 0x00, 0x00, 0x00, 0x00, 0x00,
  0x00, 0x00, 0x00, 0x00, 0x00, 0x00, 0x00, 0x00, 0x00, 0x00, 0x00, 0x00,
  0x00, 0x00, 0x00, 0x00, 0x00, 0x00, 0x00, 0x00, 0x00, 0x00, 0x00, 0x00,
  0x00, 0x00, 0x00, 0x00, 0x00, 0x00, 0x00, 0x00, 0x00, 0x00, 0x00, 0x00,
  0x00, 0x00, 0x00, 0x00, 0x00, 0x00, 0x00, 0x00, 0x00, 0x00, 0x00, 0x00,
  0x00, 0x00, 0x00, 0x00, 0x00, 0x00, 0x00, 0x00, 0x00, 0x00, 0x00, 0x00,
  0x00, 0x00, 0x00, 0x00, 0x00, 0x00, 0x00, 0x00, 0x00, 0x00, 0x00, 0x00,
  0x00, 0x00, 0x00, 0x00, 0x00, 0x00, 0x00, 0x00, 0x00, 0x00, 0x00, 0x00,
  0x00, 0x00, 0x00, 0x00, 0x00, 0x00, 0x00, 0x00, 0x00, 0x00, 0x00, 0x00,
  0x00, 0x00, 0x00, 0x00, 0x00, 0x00, 0x00, 0x00, 0x00, 0x00, 0x00, 0x00,
  0x00, 0x00, 0x00, 0x00, 0x00, 0x00, 0x00, 0x00, 0x00, 0x00, 0x00, 0x00,
  0x00, 0x00, 0x00, 0x00, 0x00, 0x00, 0x00, 0x00, 0x00, 0x00, 0x00, 0x00,
  0x00, 0x00, 0x00, 0x00, 0x00, 0x00, 0x00, 0x00, 0x00, 0x00, 0x00, 0x00,
  0x00, 0x00, 0x00, 0x00, 0x00, 0x00, 0x00, 0x00, 0x00, 0x00, 0x00, 0x00,
  0x00, 0x00, 0x00, 0x00, 0x00, 0x00, 0x00, 0x00, 0x00, 0x00, 0x00, 0x00,
  0x00, 0x00, 0x00, 0x00, 0x00, 0x00, 0x00, 0x00, 0x00, 0x00, 0x00, 0x00,
  0x00, 0x00, 0x00, 0x00, 0x00, 0x00, 0x00, 0x00, 0x00, 0x00, 0x00, 0x00,
  0x00, 0x00, 0x00, 0x00, 0x00, 0x00, 0x00, 0x00, 0x00, 0x00, 0x00, 0x00,
  0x00, 0x00, 0x00, 0x00, 0x00, 0x00, 0x00, 0x00, 0x00, 0x00, 0x00, 0x00,
  0x00, 0x00, 0x00, 0x00, 0x00, 0x00, 0x00, 0x00, 0x00, 0x00, 0x00, 0x00,
  0x00, 0x00, 0x00, 0x00, 0x00, 0x00, 0x00, 0x00, 0x00, 0x00, 0x00, 0x00,
  0x00, 0x00, 0x00, 0x00, 0x00, 0x00, 0x00, 0x00, 0x00, 0x00, 0x00, 0x00,
  0x00, 0x00, 0x00, 0x00, 0x00, 0x00, 0x00, 0x00, 0x00, 0x00, 0x00, 0x00,
  0x00, 0x00, 0x00, 0x00, 0x00, 0x00, 0x00, 0x00, 0x00, 0x00, 0x00, 0x00,
  0x00, 0x00, 0x00, 0x00, 0x00, 0x00, 0x00, 0x00, 0x00, 0x00, 0x00, 0x00,
  0x00, 0x00, 0x00, 0x00, 0x00, 0x00, 0x00, 0x00, 0x00, 0x00, 0x00, 0x00,
  0x00, 0x00, 0x00, 0x00, 0x00, 0x00, 0x00, 0x00, 0x00, 0x00, 0x00, 0x00,
  0x00, 0x00, 0x00, 0x00, 0x00, 0x00, 0x00, 0x00, 0x00, 0x00, 0x00, 0x00,
  0x00, 0x00, 0x00, 0x00, 0x00, 0x00, 0x00, 0x00, 0x00, 0x00, 0x00, 0x00,
  0x00, 0x00, 0x00, 0x00, 0x00, 0x00, 0x00, 0x00, 0x00, 0x00, 0x00, 0x00,
  0x00, 0x00, 0x00, 0x00, 0x00, 0x00, 0x00, 0x00, 0x00, 0x00, 0x00, 0x00,
  0x00, 0x00, 0x00, 0x00, 0x00, 0x00, 0x00, 0x00, 0x00, 0x00, 0x00, 0x00,
  0x00, 0x00, 0x00, 0x00, 0x00, 0x00, 0x00, 0x00, 0x00, 0x00, 0x00, 0x00,
  0x00, 0x00, 0x00, 0x00, 0x00, 0x00, 0x00, 0x00, 0x00, 0x00, 0x00, 0x00,
  0x00, 0x00, 0x00, 0x00, 0x00, 0x00, 0x00, 0x00, 0x00, 0x00, 0x00, 0x00,
  0x00, 0x00, 0x00, 0x00, 0x00, 0x00, 0x00, 0x00, 0x00, 0x00, 0x00, 0x00,
  0x00, 0x00, 0x00, 0x00, 0x00, 0x00, 0x00, 0x00, 0x00, 0x00, 0x00, 0x00,
  0x00, 0x00, 0x00, 0x00, 0x00, 0x00, 0x00, 0x00, 0x00, 0x00, 0x00, 0x00,
  0x00, 0x00, 0x00, 0x00, 0x00, 0x00, 0x00, 0x00, 0x00, 0x00, 0x00, 0x00,
  0x00, 0x00, 0x00, 0x00, 0xff, 0xff, 0xff, 0x00, 0x00, 0x00, 0x00, 0x00,
  0xb6, 0xc8, 0xda, 0x07, 0xaf, 0xc1, 0xd2, 0x48, 0xb0, 0xc0, 0xcf, 0x20,
  0x00, 0x00, 0x00, 0x00, 0xff, 0xff, 0xff, 0x00, 0x00, 0x00, 0x00, 0x00,
  0x00, 0x00, 0x00, 0x00, 0x00, 0x00, 0x00, 0x00, 0x00, 0x00, 0x00, 0x00,
  0x00, 0x00, 0x00, 0x00, 0x00, 0x00, 0x00, 0x00, 0x00, 0x00, 0x00, 0x00,
  0x00, 0x00, 0x00, 0x00, 0x00, 0x00, 0x00, 0x00, 0x00, 0x00, 0x00, 0x00,
  0x00, 0x00, 0x00, 0x00, 0x00, 0x00, 0x00, 0x00, 0x00, 0x00, 0x00, 0x00,
  0x00, 0x00, 0x00, 0x00, 0x00, 0x00, 0x00, 0x00, 0x00, 0x00, 0x00, 0x00,
  0x00, 0x00, 0x00, 0x00, 0xff, 0xff, 0xff, 0x00, 0x00, 0x00, 0x00, 0x00,
  0xaa, 0xb8, 0xc6, 0x09, 0xae, 0xc0, 0xd1, 0x64, 0xb8, 0xcb, 0xdc, 0x80,
  0xae, 0xc1, 0xd0, 0x42, 0xcc, 0xcc, 0xcc, 0x02, 0x00, 0x00, 0x00, 0x00,
  0xff, 0xff, 0xff, 0x00, 0x00, 0x00, 0x00, 0x00, 0x00, 0x00, 0x00, 0x00,
  0x00, 0x00, 0x00, 0x00, 0x00, 0x00, 0x00, 0x00, 0x00, 0x00, 0x00, 0x00,
  0x00, 0x00, 0x00, 0x00, 0x00, 0x00, 0x00, 0x00, 0x00, 0x00, 0x00, 0x00,
  0x00, 0x00, 0x00, 0x00, 0x00, 0x00, 0x00, 0x00, 0x00, 0x00, 0x00, 0x00,
  0x00, 0x00, 0x00, 0x00, 0x00, 0x00, 0x00, 0x00, 0x00, 0x00, 0x00, 0x00,
  0x00, 0x00, 0x00, 0x00, 0xff, 0xff, 0xff, 0x00, 0x00, 0x00, 0x00, 0x00,
  0xaa, 0xb8, 0xd4, 0x09, 0xaf, 0xc0, 0xd0, 0x64, 0xb5, 0xc7, 0xd8, 0x80,
  0xb1, 0xc3, 0xd3, 0x80, 0xaf, 0xc1, 0xd1, 0x70, 0xac, 0xc2, 0xd2, 0x28,
  0x00, 0x00, 0x00, 0x00, 0x00, 0x00, 0x00, 0x00, 0x00, 0x00, 0x00, 0x00,
  0x00, 0x00, 0x00, 0x00, 0x00, 0x00, 0x00, 0x00, 0x00, 0x00, 0x00, 0x00,
  0x00, 0x00, 0x00, 0x00, 0x00, 0x00, 0x00, 0x00, 0x00, 0x00, 0x00, 0x00,
  0x00, 0x00, 0x00, 0x00, 0x00, 0x00, 0x00, 0x00, 0x00, 0x00, 0x00, 0x00,
  0x00, 0x00, 0x00, 0x00, 0x00, 0x00, 0x00, 0x00, 0x00, 0x00, 0x00, 0x00,
  0x00, 0x00, 0x00, 0x00, 0xff, 0xff, 0xff, 0x00, 0x00, 0x00, 0x00, 0x00,
  0xaa, 0xb8, 0xd4, 0x09, 0xaf, 0xc0, 0xd0, 0x64, 0xb6, 0xc9, 0xd9, 0x80,
  0xaf, 0xc1, 0xd1, 0x7e, 0xae, 0xc0, 0xd0, 0x7f, 0xb2, 0xc4, 0xd4, 0x80,
  0xae, 0xc1, 0xd1, 0x65, 0xae, 0xbb, 0xd0, 0x13, 0x00, 0x00, 0x00, 0x00,
  0xff, 0xff, 0xff, 0x01, 0x00, 0x00, 0x00, 0x00, 0x00, 0x00, 0x00, 0x00,
  0x00, 0x00, 0x00, 0x00, 0x00, 0x00, 0x00, 0x00, 0x00, 0x00, 0x00, 0x00,
  0x00, 0x00, 0x00, 0x00, 0x00, 0x00, 0x00, 0x00, 0x00, 0x00, 0x00, 0x00,
  0x00, 0x00, 0x00, 0x00, 0x00, 0x00, 0x00, 0x00, 0x00, 0x00, 0x00, 0x00,
  0x00, 0x00, 0x00, 0x00, 0xff, 0xff, 0xff, 0x00, 0x00, 0x00, 0x00, 0x00,
  0xaa, 0xb8, 0xd4, 0x09, 0xaf, 0xc0, 0xd0, 0x64, 0xb6, 0xc9, 0xd9, 0x80,
  0xaf, 0xc1, 0xd1, 0x7e, 0xaf, 0xc1, 0xd1, 0x80, 0xae, 0xc0, 0xd0, 0x7f,
  0xb0, 0xc2, 0xd2, 0x80, 0xae, 0xc0, 0xd1, 0x7d, 0xaf, 0xc0, 0xd2, 0x3b,
  0x00, 0x00, 0x00, 0x00, 0x00, 0x00, 0x00, 0x00, 0x00, 0x00, 0x00, 0x00,
  0x00, 0x00, 0x00, 0x00, 0x00, 0x00, 0x00, 0x00, 0x00, 0x00, 0x00, 0x00,
  0x00, 0x00, 0x00, 0x00, 0x00, 0x00, 0x00, 0x00, 0x00, 0x00, 0x00, 0x00,
  0x00, 0x00, 0x00, 0x00, 0x00, 0x00, 0x00, 0x00, 0x00, 0x00, 0x00, 0x00,
  0x00, 0x00, 0x00, 0x00, 0xff, 0xff, 0xff, 0x00, 0x00, 0x00, 0x00, 0x00,
  0xaa, 0xb8, 0xd4, 0x09, 0xaf, 0xc0, 0xd0, 0x64, 0xb6, 0xc9, 0xd9, 0x80,
  0xaf, 0xc1, 0xd1, 0x7e, 0xaf, 0xc1, 0xd1, 0x80, 0xaf, 0xc1, 0xd1, 0x80,
  0xaf, 0xc1, 0xd1, 0x80, 0xaf, 0xc1, 0xd1, 0x7f, 0xb0, 0xc2, 0xd2, 0x80,
  0xaf, 0xc1, 0xd0, 0x6b, 0xad, 0xc2, 0xce, 0x2a, 0x00, 0x00, 0x00, 0x00,
  0x00, 0xff, 0xff, 0x00, 0x00, 0x00, 0x00, 0x00, 0x00, 0x00, 0x00, 0x00,
  0x00, 0x00, 0x00, 0x00, 0x00, 0x00, 0x00, 0x00, 0x00, 0x00, 0x00, 0x00,
  0x00, 0x00, 0x00, 0x00, 0x00, 0x00, 0x00, 0x00, 0x00, 0x00, 0x00, 0x00,
  0x00, 0x00, 0x00, 0x00, 0xff, 0xff, 0xff, 0x00, 0x00, 0x00, 0x00, 0x00,
  0xaa, 0xb8, 0xd4, 0x09, 0xaf, 0xc0, 0xd0, 0x64, 0xb6, 0xc9, 0xd9, 0x80,
  0xaf, 0xc1, 0xd1, 0x7e, 0xaf, 0xc1, 0xd1, 0x80, 0xaf, 0xc1, 0xd1, 0x80,
  0xaf, 0xc1, 0xd1, 0x80, 0xaf, 0xc1, 0xd1, 0x80, 0xaf, 0xc1, 0xd1, 0x80,
  0xaf, 0xc1, 0xd1, 0x7e, 0xb5, 0xc7, 0xd8, 0x80, 0xaf, 0xc1, 0xd1, 0x59,
  0xb1, 0xc7, 0xd2, 0x0b, 0x00, 0x00, 0x00, 0x00, 0x00, 0xff, 0xff, 0x00,
  0x00, 0x00, 0x00, 0x00, 0x00, 0x00, 0x00, 0x00, 0x00, 0x00, 0x00, 0x00,
  0x00, 0x00, 0x00, 0x00, 0x00, 0x00, 0x00, 0x00, 0x00, 0x00, 0x00, 0x00,
  0x00, 0x00, 0x00, 0x00, 0xff, 0xff, 0xff, 0x00, 0x00, 0x00, 0x00, 0x00,
  0xaa, 0xb8, 0xd4, 0x09, 0xaf, 0xc0, 0xd0, 0x64, 0xb6, 0xc9, 0xd9, 0x80,
  0xaf, 0xc1, 0xd1, 0x7e, 0xaf, 0xc1, 0xd1, 0x80, 0xaf, 0xc1, 0xd1, 0x80,
  0xaf, 0xc1, 0xd1, 0x80, 0xaf, 0xc1, 0xd1, 0x80, 0xaf, 0xc1, 0xd1, 0x80,
  0xaf, 0xc1, 0xd1, 0x80, 0xae, 0xc0, 0xd0, 0x7f, 0xb1, 0xc3, 0xd4, 0x80,
  0xaf, 0xc1, 0xd1, 0x78, 0xad, 0xc2, 0xd2, 0x36, 0x9f, 0xbf, 0xbf, 0x04,
  0x00, 0x00, 0x00, 0x00, 0x00, 0xff, 0xff, 0x00, 0x00, 0x00, 0x00, 0x00,
  0x00, 0x00, 0x00, 0x00, 0x00, 0x00, 0x00, 0x00, 0x00, 0x00, 0x00, 0x00,
  0x00, 0x00, 0x00, 0x00, 0xff, 0xff, 0xff, 0x00, 0x00, 0x00, 0x00, 0x00,
  0xaa, 0xb8, 0xd4, 0x09, 0xaf, 0xc0, 0xd0, 0x64, 0xb6, 0xc9, 0xd9, 0x80,
  0xaf, 0xc1, 0xd1, 0x7e, 0xaf, 0xc1, 0xd1, 0x80, 0xaf, 0xc1, 0xd1, 0x80,
  0xaf, 0xc1, 0xd1, 0x80, 0xaf, 0xc1, 0xd1, 0x80, 0xaf, 0xc1, 0xd1, 0x80,
  0xaf, 0xc1, 0xd1, 0x80, 0xae, 0xc0, 0xd0, 0x7f, 0xaf, 0xc2, 0xd2, 0x80,
  0xae, 0xc1, 0xd0, 0x7d, 0xae, 0xc0, 0xd0, 0x3f, 0xbf, 0xbf, 0xbf, 0x02,
  0x00, 0x00, 0x00, 0x00, 0x00, 0xff, 0xff, 0x00, 0x00, 0x00, 0x00, 0x00,
  0x00, 0x00, 0x00, 0x00, 0x00, 0x00, 0x00, 0x00, 0x00, 0x00, 0x00, 0x00,
  0x00, 0x00, 0x00, 0x00, 0xff, 0xff, 0xff, 0x00, 0x00, 0x00, 0x00, 0x00,
  0xaa, 0xb8, 0xd4, 0x09, 0xaf, 0xc0, 0xd0, 0x64, 0xb6, 0xc9, 0xd9, 0x80,
  0xaf, 0xc1, 0xd1, 0x7e, 0xaf, 0xc1, 0xd1, 0x80, 0xaf, 0xc1, 0xd1, 0x80,
  0xaf, 0xc1, 0xd1, 0x80, 0xaf, 0xc1, 0xd1, 0x80, 0xaf, 0xc1, 0xd1, 0x80,
  0xaf, 0xc1, 0xd1, 0x80, 0xaf, 0xc1, 0xd1, 0x80, 0xae, 0xc1, 0xd1, 0x51,
  0xb1, 0xbc, 0xd2, 0x0b, 0x00, 0x00, 0x00, 0x00, 0x00, 0xff, 0xff, 0x00,
  0x00, 0x00, 0x00, 0x00, 0x00, 0x00, 0x00, 0x00, 0x00, 0x00, 0x00, 0x00,
  0x00, 0x00, 0x00, 0x00, 0x00, 0x00, 0x00, 0x00, 0x00, 0x00, 0x00, 0x00,
  0x00, 0x00, 0x00, 0x00, 0xff, 0xff, 0xff, 0x00, 0x00, 0x00, 0x00, 0x00,
  0xaa, 0xb8, 0xd4, 0x09, 0xaf, 0xc0, 0xd0, 0x64, 0xb6, 0xc9, 0xd9, 0x80,
  0xaf, 0xc1, 0xd1, 0x7e, 0xaf, 0xc1, 0xd1, 0x80, 0xaf, 0xc1, 0xd1, 0x80,
  0xaf, 0xc1, 0xd1, 0x80, 0xae, 0xc0, 0xd0, 0x7f, 0xb1, 0xc3, 0xd4, 0x80,
  0xae, 0xc1, 0xd1, 0x6f, 0xaf, 0xbf, 0xcf, 0x20, 0x00, 0x00, 0x00, 0x00,
  0x7f, 0x7f, 0x7f, 0x01, 0x00, 0x00, 0x00, 0x00, 0x00, 0x00, 0x00, 0x00,
  0x00, 0x00, 0x00, 0x00, 0x00, 0x00, 0x00, 0x00, 0x00, 0x00, 0x00, 0x00,
  0x00, 0x00, 0x00, 0x00, 0x00, 0x00, 0x00, 0x00, 0x00, 0x00, 0x00, 0x00,
  0x00, 0x00, 0x00, 0x00, 0xff, 0xff, 0xff, 0x00, 0x00, 0x00, 0x00, 0x00,
  0xaa, 0xb8, 0xd4, 0x09, 0xaf, 0xc0, 0xd0, 0x64, 0xb6, 0xc9, 0xd9, 0x80,
  0xaf, 0xc1, 0xd1, 0x7e, 0xaf, 0xc1, 0xd1, 0x80, 0xae, 0xc0, 0xd0, 0x7f,
  0xb0, 0xc2, 0xd2, 0x80, 0xaf, 0xc1, 0xd1, 0x7b, 0xad, 0xc1, 0xd0, 0x48,
  0xb9, 0xb9, 0xd0, 0x05, 0x00, 0x00, 0x00, 0x00, 0x00, 0x00, 0x00, 0x00,
  0x00, 0x00, 0x00, 0x00, 0x00, 0x00, 0x00, 0x00, 0x00, 0x00, 0x00, 0x00,
  0x00, 0x00, 0x00, 0x00, 0x00, 0x00, 0x00, 0x00, 0x00, 0x00, 0x00, 0x00,
  0x00, 0x00, 0x00, 0x00, 0x00, 0x00, 0x00, 0x00, 0x00, 0x00, 0x00, 0x00,
  0x00, 0x00, 0x00, 0x00, 0xff, 0xff, 0xff, 0x00, 0x00, 0x00, 0x00, 0x00,
  0xaa, 0xb8, 0xd4, 0x09, 0xaf, 0xc0, 0xd0, 0x64, 0xb6, 0xc9, 0xd9, 0x80,
  0xaf, 0xc1, 0xd1, 0x7e, 0xae, 0xc0, 0xd0, 0x7f, 0xb1, 0xc4, 0xd4, 0x80,
  0xaf, 0xc1, 0xd0, 0x54, 0xaa, 0xc2, 0xda, 0x0a, 0x00, 0x00, 0x00, 0x00,
  0xff, 0xff, 0xff, 0x00, 0x00, 0x00, 0x00, 0x00, 0x00, 0x00, 0x00, 0x00,
  0x00, 0x00, 0x00, 0x00, 0x00, 0x00, 0x00, 0x00, 0x00, 0x00, 0x00, 0x00,
  0x00, 0x00, 0x00, 0x00, 0x00, 0x00, 0x00, 0x00, 0x00, 0x00, 0x00, 0x00,
  0x00, 0x00, 0x00, 0x00, 0x00, 0x00, 0x00, 0x00, 0x00, 0x00, 0x00, 0x00,
  0x00, 0x00, 0x00, 0x00, 0xff, 0xff, 0xff, 0x00, 0x00, 0x00, 0x00, 0x00,
  0xaa, 0xb8, 0xd4, 0x09, 0xaf, 0xc0, 0xd0, 0x64, 0xb5, 0xc7, 0xd8, 0x80,
  0xb0, 0xc2, 0xd2, 0x80, 0xaf, 0xc0, 0xd1, 0x74, 0xae, 0xc0, 0xd2, 0x2a,
  0x00, 0x00, 0x00, 0x00, 0xff, 0xff, 0xff, 0x00, 0x00, 0x00, 0x00, 0x00,
  0x00, 0x00, 0x00, 0x00, 0x00, 0x00, 0x00, 0x00, 0x00, 0x00, 0x00, 0x00,
  0x00, 0x00, 0x00, 0x00, 0x00, 0x00, 0x00, 0x00, 0x00, 0x00, 0x00, 0x00,
  0x00, 0x00, 0x00, 0x00, 0x00, 0x00, 0x00, 0x00, 0x00, 0x00, 0x00, 0x00,
  0x00, 0x00, 0x00, 0x00, 0x00, 0x00, 0x00, 0x00, 0x00, 0x00, 0x00, 0x00,
  0x00, 0x00, 0x00, 0x00, 0xff, 0xff, 0xff, 0x00, 0x00, 0x00, 0x00, 0x00,
  0xaa, 0xb8, 0xc6, 0x09, 0xaf, 0xc0, 0xd0, 0x64, 0xb6, 0xc9, 0xda, 0x80,
  0xae, 0xc0, 0xd0, 0x47, 0xb1, 0xc7, 0xd2, 0x0b, 0x00, 0x00, 0x00, 0x00,
  0xff, 0xff, 0xff, 0x00, 0x00, 0x00, 0x00, 0x00, 0x00, 0x00, 0x00, 0x00,
  0x00, 0x00, 0x00, 0x00, 0x00, 0x00, 0x00, 0x00, 0x00, 0x00, 0x00, 0x00,
  0x00, 0x00, 0x00, 0x00, 0x00, 0x00, 0x00, 0x00, 0x00, 0x00, 0x00, 0x00,
  0x00, 0x00, 0x00, 0x00, 0x00, 0x00, 0x00, 0x00, 0x00, 0x00, 0x00, 0x00,
  0x00, 0x00, 0x00, 0x00, 0x00, 0x00, 0x00, 0x00, 0x00, 0x00, 0x00, 0x00,
  0x00, 0x00, 0x00, 0x00, 0xff, 0xff, 0xff, 0x00, 0x00, 0x00, 0x00, 0x00,
  0xb1, 0xbc, 0xd2, 0x0b, 0xae, 0xc1, 0xd0, 0x44, 0xae, 0xc0, 0xd3, 0x14,
  0x00, 0x00, 0x00, 0x00, 0xff, 0xff, 0xff, 0x00, 0x00, 0x00, 0x00, 0x00,
  0x00, 0x00, 0x00, 0x00, 0x00, 0x00, 0x00, 0x00, 0x00, 0x00, 0x00, 0x00,
  0x00, 0x00, 0x00, 0x00, 0x00, 0x00, 0x00, 0x00, 0x00, 0x00, 0x00, 0x00,
  0x00, 0x00, 0x00, 0x00, 0x00, 0x00, 0x00, 0x00, 0x00, 0x00, 0x00, 0x00,
  0x00, 0x00, 0x00, 0x00, 0x00, 0x00, 0x00, 0x00, 0x00, 0x00, 0x00, 0x00,
  0x00, 0x00, 0x00, 0x00, 0x00, 0x00, 0x00, 0x00, 0x00, 0x00, 0x00, 0x00,
  0x00, 0x00, 0x00, 0x00, 0x00, 0x00, 0x00, 0x00, 0x00, 0x00, 0x00, 0x00,
  0x00, 0x00, 0x00, 0x00, 0x00, 0x00, 0x00, 0x00, 0x00, 0x00, 0x00, 0x00,
  0x00, 0x00, 0x00, 0x00, 0x00, 0x00, 0x00, 0x00, 0x00, 0x00, 0x00, 0x00,
  0x00, 0x00, 0x00, 0x00, 0x00, 0x00, 0x00, 0x00, 0x00, 0x00, 0x00, 0x00,
  0x00, 0x00, 0x00, 0x00, 0x00, 0x00, 0x00, 0x00, 0x00, 0x00, 0x00, 0x00,
  0x00, 0x00, 0x00, 0x00, 0x00, 0x00, 0x00, 0x00, 0x00, 0x00, 0x00, 0x00,
  0x00, 0x00, 0x00, 0x00, 0x00, 0x00, 0x00, 0x00, 0x00, 0x00, 0x00, 0x00,
  0x00, 0x00, 0x00, 0x00, 0x00, 0x00, 0x00, 0x00, 0x00, 0x00, 0x00, 0x00,
  0x00, 0x00, 0x00, 0x00, 0x00, 0x00, 0x00, 0x00, 0x00, 0x00, 0x00, 0x00,
  0x00, 0x00, 0x00, 0x00, 0x00, 0x00, 0x00, 0x00, 0x00, 0x00, 0x00, 0x00,
  0x00, 0x00, 0x00, 0x00, 0x00, 0x00, 0x00, 0x00, 0x00, 0x00, 0x00, 0x00,
  0x00, 0x00, 0x00, 0x00, 0x00, 0x00, 0x00, 0x00, 0x00, 0x00, 0x00, 0x00,
  0x00, 0x00, 0x00, 0x00, 0x00, 0x00, 0x00, 0x00, 0x00, 0x00, 0x00, 0x00,
  0x00, 0x00, 0x00, 0x00, 0x00, 0x00, 0x00, 0x00, 0x00, 0x00, 0x00, 0x00,
  0x00, 0x00, 0x00, 0x00, 0x00, 0x00, 0x00, 0x00, 0x00, 0x00, 0x00, 0x00,
  0x00, 0x00, 0x00, 0x00, 0x00, 0x00, 0x00, 0x00, 0x00, 0x00, 0x00, 0x00,
  0x00, 0x00, 0x00, 0x00, 0x00, 0x00, 0x00, 0x00, 0x00, 0x00, 0x00, 0x00,
  0x00, 0x00, 0x00, 0x00, 0x00, 0x00, 0x00, 0x00, 0x00, 0x00, 0x00, 0x00,
  0x00, 0x00, 0x00, 0x00, 0x00, 0x00, 0x00, 0x00, 0x00, 0x00, 0x00, 0x00,
  0x00, 0x00, 0x00, 0x00, 0x00, 0x00, 0x00, 0x00, 0x00, 0x00, 0x00, 0x00,
  0x00, 0x00, 0x00, 0x00, 0x00, 0x00, 0x00, 0x00, 0x00, 0x00, 0x00, 0x00,
  0x00, 0x00, 0x00, 0x00, 0x00, 0x00, 0x00, 0x00, 0x00, 0x00, 0x00, 0x00,
  0x00, 0x00, 0x00, 0x00, 0x00, 0x00, 0x00, 0x00, 0x00, 0x00, 0x00, 0x00,
  0x00, 0x00, 0x00, 0x00, 0x00, 0x00, 0x00, 0x00, 0x00, 0x00, 0x00, 0x00,
  0x00, 0x00, 0x00, 0x00, 0x00, 0x00, 0x00, 0x00, 0x00, 0x00, 0x00, 0x00,
  0x00, 0x00, 0x00, 0x00, 0x00, 0x00, 0x00, 0x00, 0x00, 0x00, 0x00, 0x00,
  0x00, 0x00, 0x00, 0x00, 0x00, 0x00, 0x00, 0x00, 0x00, 0x00, 0x00, 0x00,
  0x00, 0x00, 0x00, 0x00, 0x00, 0x00, 0x00, 0x00, 0x00, 0x00, 0x00, 0x00,
  0x00, 0x00, 0x00, 0x00, 0x00, 0x00, 0x00, 0x00, 0x00, 0x00, 0x00, 0x00,
  0x00, 0x00, 0x00, 0x00, 0x00, 0x00, 0x00, 0x00, 0x00, 0x00, 0x00, 0x00,
  0x00, 0x00, 0x00, 0x00, 0x00, 0x00, 0x00, 0x00, 0x00, 0x00, 0x00, 0x00,
  0x00, 0x00, 0x00, 0x00, 0x00, 0x00, 0x00, 0x00, 0x00, 0x00, 0x00, 0x00,
  0x00, 0x00, 0x00, 0x00, 0x00, 0x00, 0x00, 0x00, 0x00, 0x00, 0x00, 0x00,
  0x00, 0x00, 0x00, 0x00, 0x00, 0x00, 0x00, 0x00, 0x00, 0x00, 0x00, 0x00,
  0x00, 0x00, 0x00, 0x00, 0x00, 0x00, 0x00, 0x00, 0x00, 0x00, 0x00, 0x00,
  0x00, 0x00, 0x00, 0x00, 0x00, 0x00, 0x00, 0x00, 0x00, 0x00, 0x00, 0x00,
  0x00, 0x00, 0x00, 0x00, 0x00, 0x00, 0x00, 0x00, 0x00, 0x00, 0x00, 0x00,
  0x00, 0x00, 0x00, 0x00, 0x00, 0x00, 0x00, 0x00, 0x00, 0x00, 0x00, 0x00,
  0x00, 0x00, 0x00, 0x00, 0x00, 0x00, 0x00, 0x00, 0x00, 0x00, 0x00, 0x00,
  0x00, 0x00, 0x00, 0x00, 0x00, 0x00, 0x00, 0x00, 0x00, 0x00, 0x00, 0x00,
  0x00, 0x00, 0x00, 0x00, 0x00, 0x00, 0x00, 0x00, 0x00, 0x00, 0x00, 0x00,
  0x00, 0x00, 0x00, 0x00, 0x00, 0x00, 0x00, 0x00, 0x00, 0x00, 0x00, 0x00,
  0x00, 0x00, 0x00, 0x00, 0x00, 0x00, 0x00, 0x00, 0x00, 0x00, 0x00, 0x00,
  0x00, 0x00, 0x00, 0x00, 0x00, 0x00, 0x00, 0x00, 0x00, 0x00, 0x00, 0x00,
  0x00, 0x00, 0x00, 0x00, 0x00, 0x00, 0x00, 0x00, 0x00, 0x00, 0x00, 0x00,
  0x00, 0x00, 0x00, 0x00, 0x00, 0x00, 0x00, 0x00, 0x00, 0x00, 0x00, 0x00,
  0x00, 0x00, 0x00, 0x00, 0x00, 0x00, 0x00, 0x00, 0x00, 0x00, 0x00, 0x00,
  0x00, 0x00, 0x00, 0x00, 0x00, 0x00, 0x00, 0x00, 0x00, 0x00, 0x00, 0x00,
  0x00, 0x00, 0x00, 0x00, 0x00, 0x00, 0x00, 0x00, 0x00, 0x00, 0x00, 0x00,
  0x00, 0x00, 0x00, 0x00, 0x00, 0x00, 0x00, 0x00, 0x00, 0x00, 0x00, 0x00,
  0x00, 0x00, 0x00, 0x00, 0x00, 0x00, 0x00, 0x00, 0x00, 0x00, 0x00, 0x00,
  0x00, 0x00, 0x00, 0x00, 0x00, 0x00, 0x00, 0x00, 0x00, 0x00, 0x00, 0x00,
  0x00, 0x00, 0x00, 0x00, 0x00, 0x00, 0x00, 0x00, 0x00, 0x00, 0x00, 0x00,
  0x00, 0x00, 0x00, 0x00, 0x00, 0x00, 0x00, 0x00, 0x00, 0x00, 0x00, 0x00,
  0x00, 0x00, 0x00, 0x00, 0x00, 0x00, 0x00, 0x00, 0x00, 0x00, 0x00, 0x00,
  0x00, 0x00, 0x00, 0x00, 0x00, 0x00, 0x00, 0x00, 0x00, 0x00, 0x00, 0x00,
  0x00, 0x00, 0x00, 0x00, 0x00, 0x00, 0x00, 0x00, 0x00, 0x00, 0x00, 0x00,
  0x00, 0x00, 0x00, 0x00, 0x00, 0x00, 0x00, 0x00, 0x00, 0x00, 0x00, 0x00,
  0x00, 0x00, 0x00, 0x00, 0x00, 0x00, 0x00, 0x00, 0x00, 0x00, 0x00, 0x00,
  0x00, 0x00, 0x00, 0x00, 0x00, 0x00, 0x00, 0x00, 0x00, 0x00, 0x00, 0x00,
  0x00, 0x00, 0x00, 0x00, 0x00, 0x00, 0x00, 0x00, 0x00, 0x00, 0x00, 0x00,
  0x00, 0x00, 0x00, 0x00, 0x00, 0x00, 0x00, 0x00, 0x00, 0x00, 0x00, 0x00,
  0x00, 0x00, 0x00, 0x00, 0x00, 0x00, 0x00, 0x00, 0x00, 0x00, 0x00, 0x00,
};

const sprite_desc sprite_table[BTN_COUNT] = {
    { sprite_cross_data, 24, 32, 32, 32 },
    { sprite_circle_data, 24, 32, 32, 32 },
    { sprite_square_data, 24, 32, 32, 32 },
    { sprite_triangle_data, 24, 32, 32, 32 },
    { sprite_dpad_data, 24, 32, 32, 32 },
    { sprite_top_data, 24, 32, 32, 32 },
    { sprite_bottom_data, 24, 32, 32, 32 },
    { sprite_left_data, 24, 32, 32, 32 },
    { sprite_right_data, 24, 32, 32, 32 },
    { sprite_l1_data, 24, 22, 32, 22 },
    { sprite_l2_data, 24, 22, 32, 22 },
    { sprite_r1_data, 24, 22, 32, 22 },
    { sprite_r2_data, 24, 22, 32, 22 },
    { sprite_select_data, 24, 32, 32, 32 },
    { sprite_start_data, 24, 32, 32, 32 },
};
